# Created by Open3D 
# object name: 1747084102091_mesh
# number of vertices: 1727
# number of triangles: 3256
v 0.0200732 -0.161729 0.242539 0.950186 0.927551 0.878057
vn -0.00383391 0.0362058 -0.0700834
v 0.0202838 -0.162846 0.242722 0.949527 0.926592 0.876443
vn -0.00324226 0.0306185 -0.0592681
v 0.0211565 -0.155549 0.241984 0.951612 0.929626 0.88155
vn -0.00511433 0.0482974 -0.0934891
v 0.0222109 -0.150392 0.241479 0.952625 0.931098 0.884029
vn -0.00602319 0.0568803 -0.110103
v 0.0213061 -0.158698 0.242469 0.950081 0.927398 0.8778
vn -0.00373978 0.0353169 -0.0683627
v 0.0221787 -0.152697 0.241659 0.951852 0.929974 0.882136
vn -0.00532944 0.0503289 -0.0974214
v 0.0210223 -0.157689 0.241971 0.951037 0.928789 0.880141
vn -0.00459802 0.0434217 -0.0840512
v 0.0219381 -0.151511 0.241284 0.952728 0.931249 0.884283
vn -0.00611637 0.0577603 -0.111806
v 0.0205749 -0.16054 0.242745 0.949891 0.927122 0.877335
vn -0.00356928 0.0337067 -0.065246
v 0.0217858 -0.154539 0.242196 0.95113 0.928923 0.880368
vn -0.00468102 0.0442055 -0.0855683
v 0.034335 -1.38186 0.465938 0.943655 0.918116 0.862182
vn 0.022605 -0.213471 0.413216
v -0.573344 -1.46383 0.481605 0.992456 0.989199 0.981836
vn 0.00297931 -0.0281353 0.0544613
v -0.416854 -0.215894 0.462114 0.999767 0.999955 0.999949
vn 0.0323792 -0.305775 0.591886
v 0.142985 -1.36966 0.463472 0.923211 0.888338 0.812055
vn 0.0308268 -0.291115 0.563509
v -0.518616 -1.44609 0.484165 0.992456 0.989199 0.981836
vn 0.00297931 -0.0281353 0.0544613
v -0.416866 -0.215879 0.462114 0.999767 0.999955 0.999949
vn 0.0323792 -0.305775 0.591886
v 0.24757 -1.35476 0.462831 0.909846 0.868871 0.779287
vn 0.0362014 -0.34187 0.661757
v -0.421974 -1.44974 0.474111 0.992324 0.989006 0.981511
vn 0.00303258 -0.0286383 0.055435
v 0.326168 -1.33107 0.467391 0.90423 0.860692 0.765518
vn 0.0384598 -0.363197 0.703039
v 0.430965 -1.32164 0.466416 0.902485 0.858149 0.761239
vn 0.0391617 -0.369826 0.71587
v -0.339165 -1.44843 0.467675 0.99147 0.987763 0.979418
vn 0.00337592 -0.0318807 0.0617113
v -0.416824 -0.215879 0.462114 0.999767 0.999955 0.999949
vn 0.0323636 -0.305628 0.591603
v 0.533281 -1.31807 0.461897 0.902149 0.85766 0.760415
vn 0.0392968 -0.371101 0.718339
v 0.606026 -1.29477 0.467503 0.902145 0.857654 0.760405
vn 0.0392985 -0.371118 0.718371
v -0.24711 -1.41313 0.475608 0.98729 0.981673 0.969168
vn 0.00505712 -0.0477572 0.0924434
v 0.705873 -1.28201 0.468182 0.902145 0.857654 0.760405
vn 0.0392985 -0.371118 0.718371
v -0.416854 -0.215856 0.462114 0.999767 0.999955 0.999949
vn 0.0323636 -0.305628 0.591603
v 0.814009 -1.27344 0.466979 0.902145 0.857654 0.760405
vn 0.0392985 -0.371118 0.718371
v 0.920775 -1.26476 0.465664 0.902145 0.857654 0.760405
vn 0.0392985 -0.371118 0.718371
v -0.160487 -1.40166 0.472511 0.980408 0.97165 0.952295
vn 0.0078246 -0.0738921 0.143033
v -0.076933 -1.39933 0.467011 0.966592 0.951526 0.91842
vn 0.0133807 -0.126362 0.244598
v 1.0251 -1.26036 0.463563 0.902145 0.857654 0.760405
vn 0.0392985 -0.371118 0.718371
v 1.13213 -1.25582 0.462172 0.902145 0.857654 0.760405
vn 0.0392985 -0.371118 0.718371
v 1.22305 -1.23763 0.465194 0.902145 0.857654 0.760405
vn 0.0392985 -0.371118 0.718371
v 1.33266 -1.23961 0.463702 0.902145 0.857654 0.760405
vn 0.0392985 -0.371118 0.718371
v 1.4637 -1.25528 0.459337 0.902145 0.857654 0.760405
vn 0.0392985 -0.371118 0.718371
v 1.57709 -1.26331 0.457748 0.902145 0.857654 0.760405
vn 0.0392985 -0.371118 0.718371
v 1.6616 -1.27931 0.454711 0.902145 0.857654 0.760405
vn 0.0392985 -0.371118 0.718371
v 1.70156 -1.30836 0.449423 0.902145 0.857654 0.760405
vn 0.0392985 -0.371118 0.718371
v -0.471861 -1.46971 0.469922 0.992427 0.989157 0.981765
vn 0.00299093 -0.028245 0.0546738
v -0.416854 -0.215879 0.462087 0.999767 0.999955 0.999949
vn 0.0323636 -0.305628 0.591602
v -0.37896 -1.46905 0.462232 0.992047 0.988602 0.980831
vn 0.00314403 -0.0296909 0.0574725
v -0.00648958 -1.45892 0.437902 0.955456 0.935306 0.891117
vn 0.0178591 -0.168653 0.326461
v -0.288583 -1.45713 0.459812 0.989987 0.985603 0.975782
vn 0.00397219 -0.0375116 0.0726111
v -0.192605 -1.4518 0.454282 0.983938 0.976792 0.96095
vn 0.00640494 -0.0604854 0.117081
v -0.138575 -1.43622 0.456169 0.978021 0.968173 0.946443
vn 0.00878449 -0.0829569 0.160579
v -0.0975984 -1.45893 0.444089 0.972338 0.959895 0.932508
vn 0.01107 -0.10454 0.202358
v 0.0924283 -1.45209 0.43456 0.93547 0.906195 0.842114
vn 0.0258965 -0.244555 0.473385
v -0.0578424 -1.44636 0.4461 0.965332 0.94969 0.91533
vn 0.0138875 -0.131148 0.253862
v 0.0221788 -1.43514 0.445225 0.948488 0.925156 0.874031
vn 0.0206615 -0.195118 0.377689
v 0.127346 -1.42475 0.442818 0.927879 0.895138 0.823502
vn 0.0289493 -0.273384 0.529188
v 0.201514 -1.44399 0.431856 0.917875 0.880567 0.798973
vn 0.0329724 -0.311377 0.602731
v 0.238726 -1.41352 0.441074 0.91248 0.872708 0.785746
vn 0.035142 -0.331866 0.642391
v 0.316345 -1.43417 0.430429 0.907279 0.865132 0.772992
vn 0.0372339 -0.351621 0.68063
v 0.359583 -1.39344 0.443004 0.90451 0.861099 0.766204
vn 0.0383473 -0.362135 0.700984
v 0.435585 -1.42927 0.428094 0.903124 0.85908 0.762806
vn 0.0389046 -0.367398 0.711171
v 0.487533 -1.40148 0.435536 0.902378 0.857994 0.760977
vn 0.0392045 -0.37023 0.716653
v 0.531095 -1.36714 0.444832 0.902154 0.857668 0.760428
vn 0.0392946 -0.371081 0.718299
v 0.555269 -1.42976 0.424597 0.902225 0.857771 0.760601
vn 0.0392663 -0.370813 0.717782
v 0.592606 -1.40636 0.430422 0.902149 0.857661 0.760416
vn 0.0392966 -0.3711 0.718336
v 0.686925 -1.42525 0.423232 0.902145 0.857654 0.760405
vn 0.0392985 -0.371118 0.718371
v 0.672275 -1.3974 0.431099 0.902145 0.857654 0.760405
vn 0.0392985 -0.371118 0.718371
v 0.605962 -1.36001 0.4444 0.902145 0.857654 0.760405
vn 0.0392985 -0.371118 0.718371
v 0.69472 -1.35139 0.44491 0.902145 0.857654 0.760405
vn 0.0392985 -0.371118 0.718371
v 0.827653 -1.42757 0.421254 0.902145 0.857654 0.760405
vn 0.0392985 -0.371118 0.718371
v 0.764951 -1.4012 0.428737 0.902145 0.857654 0.760405
vn 0.0392985 -0.371118 0.718371
v 0.956116 -1.42515 0.421367 0.902145 0.857654 0.760405
vn 0.0392985 -0.371118 0.718371
v 0.883152 -1.39879 0.42811 0.902145 0.857654 0.760405
vn 0.0392985 -0.371118 0.718371
v 0.799132 -1.34658 0.444035 0.902145 0.857654 0.760405
vn 0.0392985 -0.371118 0.718371
v 0.909401 -1.33838 0.443872 0.902145 0.857654 0.760405
vn 0.0392985 -0.371118 0.718371
v 1.08451 -1.42418 0.42188 0.902145 0.857654 0.760405
vn 0.0392985 -0.371118 0.718371
v 1.01512 -1.38663 0.430059 0.902145 0.857654 0.760405
vn 0.0392985 -0.371118 0.718371
v 1.20959 -1.42703 0.422265 0.902145 0.857654 0.760405
vn 0.0392985 -0.371118 0.718371
v 1.15407 -1.39258 0.428649 0.902145 0.857654 0.760405
vn 0.0392985 -0.371118 0.718371
v 0.998125 -1.32194 0.446182 0.902145 0.857654 0.760405
vn 0.0392985 -0.371118 0.718371
v 1.09666 -1.32981 0.442934 0.902145 0.857654 0.760405
vn 0.0392985 -0.371118 0.718371
v 1.32865 -1.42946 0.423279 0.902145 0.857654 0.760405
vn 0.0392985 -0.371118 0.718371
v 1.28107 -1.39555 0.428844 0.902145 0.857654 0.760405
vn 0.0392985 -0.371118 0.718371
v 1.44297 -1.43128 0.424768 0.902145 0.857654 0.760405
vn 0.0392985 -0.371118 0.718371
v 1.40156 -1.39977 0.429286 0.902145 0.857654 0.760405
vn 0.0392985 -0.371118 0.718371
v 1.23059 -1.319 0.444825 0.902145 0.857654 0.760405
vn 0.0392985 -0.371118 0.718371
v 1.36916 -1.33211 0.441967 0.902145 0.857654 0.760405
vn 0.0392985 -0.371118 0.718371
v 1.55066 -1.43362 0.426382 0.902145 0.857654 0.760405
vn 0.0392985 -0.371118 0.718371
v 1.51387 -1.40278 0.430358 0.902145 0.857654 0.760405
vn 0.0392985 -0.371118 0.718371
v 1.64302 -1.43939 0.42743 0.902145 0.857654 0.760405
vn 0.0392985 -0.371118 0.718371
v 1.61323 -1.40815 0.431205 0.902145 0.857654 0.760405
vn 0.0392985 -0.371118 0.718371
v 1.48964 -1.33915 0.441229 0.902145 0.857654 0.760405
vn 0.0392985 -0.371118 0.718371
v 1.59417 -1.34583 0.44104 0.902145 0.857654 0.760405
vn 0.0392985 -0.371118 0.718371
v 1.70582 -1.44932 0.427487 0.902145 0.857654 0.760405
vn 0.0392985 -0.371118 0.718371
v 1.68673 -1.41983 0.430948 0.902145 0.857654 0.760405
vn 0.0392985 -0.371118 0.718371
v 1.72986 -1.45682 0.427093 0.902145 0.857654 0.760405
vn 0.0392985 -0.371118 0.718371
v 1.72146 -1.43619 0.429518 0.902145 0.857654 0.760405
vn 0.0392985 -0.371118 0.718371
v 1.67222 -1.35958 0.439731 0.902145 0.857654 0.760405
vn 0.0392985 -0.371118 0.718371
v 1.71007 -1.38383 0.436631 0.902145 0.857654 0.760405
vn 0.0392985 -0.371118 0.718371
v -1.55261 -1.4597 0.579596 0.992456 0.989199 0.981836
vn 0.00297931 -0.0281353 0.0544613
v 1.58646 -0.924813 0.563268 0.902145 0.857654 0.760405
vn 0.0392985 -0.371118 0.718371
v -1.50148 -1.44477 0.579303 0.992456 0.989199 0.981836
vn 0.00297931 -0.0281353 0.0544613
v 0.0453619 -1.16014 0.569143 0.93644 0.907607 0.844492
vn 0.0255065 -0.240872 0.466255
v -1.43366 -1.40022 0.588637 0.992456 0.989199 0.981836
vn 0.00297931 -0.0281353 0.0544613
v 1.66372 -0.913619 0.565416 0.902145 0.857654 0.760405
vn 0.0392985 -0.371118 0.718371
v 0.142637 -1.14422 0.566977 0.918927 0.882099 0.801553
vn 0.0325493 -0.307381 0.594996
v -1.35205 -1.36932 0.593327 0.992456 0.989199 0.981836
vn 0.00297931 -0.0281353 0.0544613
v 1.7007 -0.885961 0.575088 0.902145 0.857654 0.760405
vn 0.0392985 -0.371118 0.718371
v -1.27672 -1.37127 0.586527 0.992456 0.989199 0.981836
vn 0.00297931 -0.0281353 0.0544613
v 0.214691 -1.11764 0.572885 0.909363 0.868168 0.778103
vn 0.0363956 -0.343704 0.665306
v 0.316426 -1.10554 0.57002 0.90424 0.860706 0.765542
vn 0.0384558 -0.36316 0.702967
v -1.17981 -1.37193 0.578673 0.992456 0.989199 0.981836
vn 0.00297931 -0.0281353 0.0544613
v -1.07325 -1.37131 0.569949 0.992456 0.989199 0.981836
vn 0.00297931 -0.0281353 0.0544613
v 0.422328 -1.09337 0.566261 0.902363 0.857972 0.76094
vn 0.0392107 -0.370289 0.716766
v -0.97171 -1.37444 0.559186 0.992456 0.989199 0.981836
vn 0.00297931 -0.0281353 0.0544613
v -0.892549 -1.38301 0.547605 0.992456 0.989199 0.981836
vn 0.00297931 -0.0281353 0.0544613
v 0.502198 -1.06645 0.572667 0.902193 0.857725 0.760523
vn 0.039279 -0.370934 0.718015
v 0.606981 -1.05263 0.570398 0.902145 0.857654 0.760405
vn 0.0392985 -0.371118 0.718371
v -0.814801 -1.36517 0.549363 0.992456 0.989199 0.981836
vn 0.00297931 -0.0281353 0.0544613
v 0.707801 -1.03682 0.569302 0.902145 0.857654 0.760405
vn 0.0392985 -0.371118 0.718371
v -0.729561 -1.30624 0.572159 0.992456 0.989199 0.981836
vn 0.00297931 -0.0281353 0.0544613
v 0.781582 -1.00862 0.576017 0.902145 0.857654 0.760405
vn 0.0392985 -0.371118 0.718371
v -0.607931 -1.30839 0.559046 0.992456 0.989199 0.981836
vn 0.00297931 -0.0281353 0.0544613
v 0.885604 -0.994365 0.574567 0.902145 0.857654 0.760405
vn 0.0392985 -0.371118 0.718371
v -0.523848 -1.28341 0.564531 0.992433 0.989165 0.981778
vn 0.00298882 -0.0282251 0.0546352
v 0.988966 -0.985303 0.569144 0.902145 0.857654 0.760405
vn 0.0392985 -0.371118 0.718371
v -0.426255 -1.26121 0.567079 0.992112 0.988698 0.980993
vn 0.00311761 -0.0294413 0.0569895
v 1.06347 -0.960996 0.574441 0.902145 0.857654 0.760405
vn 0.0392985 -0.371118 0.718371
v -0.348512 -1.2342 0.573459 0.991072 0.987182 0.978441
vn 0.00353608 -0.0333932 0.064639
v 1.16302 -0.948704 0.57291 0.902145 0.857654 0.760405
vn 0.0392985 -0.371118 0.718371
v -0.244411 -1.22085 0.569732 0.985061 0.978428 0.963704
vn 0.00595322 -0.0562196 0.108824
v 1.26941 -0.940924 0.569858 0.902145 0.857654 0.760405
vn 0.0392985 -0.371118 0.718371
v -0.136366 -1.20337 0.566277 0.972744 0.960486 0.933503
vn 0.0109068 -0.102999 0.199375
v 1.37861 -0.934402 0.567047 0.902145 0.857654 0.760405
vn 0.0392985 -0.371118 0.718371
v -0.0573498 -1.17483 0.572689 0.957411 0.938153 0.89591
vn 0.0170729 -0.161229 0.31209
v 1.48661 -0.929107 0.564796 0.902145 0.857654 0.760405
vn 0.0392985 -0.371118 0.718371
v 0.0423204 -1.31219 0.49555 0.93969 0.912341 0.852459
vn 0.0241996 -0.228531 0.442366
v -1.49258 -1.46563 0.571735 0.992456 0.989199 0.981836
vn 0.00297931 -0.0281353 0.0544613
v 0.146936 -1.29925 0.492995 0.92063 0.884579 0.805727
vn 0.0318647 -0.300916 0.582481
v 0.245014 -1.28312 0.492611 0.908661 0.867145 0.776381
vn 0.0366781 -0.346371 0.67047
v 1.54659 -1.07328 0.510777 0.902145 0.857654 0.760405
vn 0.0392985 -0.371118 0.718371
v 0.32881 -1.27316 0.491275 0.903796 0.860059 0.764453
vn 0.0386345 -0.364847 0.706233
v -0.416854 -0.215879 0.462127 0.999767 0.999955 0.999949
vn 0.0323636 -0.305628 0.591603
v 1.62219 -1.08906 0.505181 0.902145 0.857654 0.760405
vn 0.0392985 -0.371118 0.718371
v 0.0445767 -1.23711 0.530725 0.937581 0.909269 0.847288
vn 0.0250478 -0.236541 0.457871
v 0.147698 -1.22182 0.528615 0.919399 0.882787 0.80271
vn 0.0323595 -0.305589 0.591526
v 1.572 -1.00596 0.53358 0.902145 0.857654 0.760405
vn 0.0392985 -0.371118 0.718371
v 0.254661 -1.19646 0.531537 0.907674 0.865707 0.77396
vn 0.037075 -0.35012 0.677726
v -1.39221 -1.44288 0.568976 0.992456 0.989199 0.981836
vn 0.00297931 -0.0281353 0.0544613
v 0.374729 -1.21672 0.5134 0.902945 0.85882 0.762367
vn 0.0389765 -0.368077 0.712486
v 0.494906 -1.23881 0.495723 0.902181 0.857707 0.760493
vn 0.039284 -0.37098 0.718105
v 1.65186 -1.00264 0.533558 0.902145 0.857654 0.760405
vn 0.0392985 -0.371118 0.718371
v 0.42071 -1.15934 0.535389 0.90235 0.857953 0.760909
vn 0.0392158 -0.370337 0.716859
v -1.35328 -1.40999 0.577013 0.992456 0.989199 0.981836
vn 0.00297931 -0.0281353 0.0544613
v 1.68067 -1.09486 0.503767 0.902145 0.857654 0.760405
vn 0.0392985 -0.371118 0.718371
v 0.50502 -1.14918 0.533669 0.902145 0.857654 0.760405
vn 0.0392985 -0.371118 0.718371
v -1.24937 -1.44504 0.554014 0.992456 0.989199 0.981836
vn 0.00297931 -0.0281353 0.0544613
v 0.603122 -1.21567 0.498634 0.902145 0.857654 0.760405
vn 0.0392985 -0.371118 0.718371
v 1.69386 -0.976965 0.542021 0.902145 0.857654 0.760405
vn 0.0392985 -0.371118 0.718371
v 0.710482 -1.20255 0.497922 0.902145 0.857654 0.760405
vn 0.0392985 -0.371118 0.718371
v 0.604445 -1.1331 0.533787 0.902145 0.857654 0.760405
vn 0.0392985 -0.371118 0.718371
v -1.2763 -1.42016 0.566353 0.992456 0.989199 0.981836
vn 0.00297931 -0.0281353 0.0544613
v 0.712667 -1.11844 0.532621 0.902145 0.857654 0.760405
vn 0.0392985 -0.371118 0.718371
v -1.13087 -1.44456 0.542788 0.992456 0.989199 0.981836
vn 0.00297931 -0.0281353 0.0544613
v 0.821713 -1.19083 0.496519 0.902145 0.857654 0.760405
vn 0.0392985 -0.371118 0.718371
v 0.934808 -1.18435 0.49306 0.902145 0.857654 0.760405
vn 0.0392985 -0.371118 0.718371
v 0.828948 -1.09191 0.536092 0.902145 0.857654 0.760405
vn 0.0392985 -0.371118 0.718371
v -1.16715 -1.42139 0.555979 0.992456 0.989199 0.981836
vn 0.00297931 -0.0281353 0.0544613
v 0.956913 -1.10219 0.523099 0.902145 0.857654 0.760405
vn 0.0392985 -0.371118 0.718371
v -1.01988 -1.44306 0.532675 0.992456 0.989199 0.981836
vn 0.00297931 -0.0281353 0.0544613
v 0.989618 -1.04486 0.543502 0.902145 0.857654 0.760405
vn 0.0392985 -0.371118 0.718371
v -1.05788 -1.4204 0.546197 0.992456 0.989199 0.981836
vn 0.00297931 -0.0281353 0.0544613
v -0.911493 -1.4437 0.522003 0.992456 0.989199 0.981836
vn 0.00297931 -0.0281353 0.0544613
v 1.04462 -1.18396 0.487831 0.902145 0.857654 0.760405
vn 0.0392985 -0.371118 0.718371
v 1.14688 -1.17966 0.48508 0.902145 0.857654 0.760405
vn 0.0392985 -0.371118 0.718371
v -0.953246 -1.42035 0.536198 0.992456 0.989199 0.981836
vn 0.00297931 -0.0281353 0.0544613
v 1.06008 -1.10919 0.513816 0.902145 0.857654 0.760405
vn 0.0392985 -0.371118 0.718371
v -0.812472 -1.45356 0.508413 0.992456 0.989199 0.981836
vn 0.00297931 -0.0281353 0.0544613
v 1.15749 -1.10475 0.510862 0.902145 0.857654 0.760405
vn 0.0392985 -0.371118 0.718371
v 1.24586 -1.17264 0.484399 0.902145 0.857654 0.760405
vn 0.0392985 -0.371118 0.718371
v -0.839788 -1.41954 0.526079 0.992456 0.989199 0.981836
vn 0.00297931 -0.0281353 0.0544613
v 1.32977 -1.15838 0.486856 0.902145 0.857654 0.760405
vn 0.0392985 -0.371118 0.718371
v 1.25628 -1.09787 0.509501 0.902145 0.857654 0.760405
vn 0.0392985 -0.371118 0.718371
v -0.744315 -1.46588 0.496712 0.992456 0.989199 0.981836
vn 0.00297931 -0.0281353 0.0544613
v 1.35716 -1.09417 0.50778 0.902145 0.857654 0.760405
vn 0.0392985 -0.371118 0.718371
v 1.42345 -1.17016 0.482162 0.902145 0.857654 0.760405
vn 0.0392985 -0.371118 0.718371
v -0.740725 -1.4453 0.505412 0.992456 0.989199 0.981836
vn 0.00297931 -0.0281353 0.0544613
v -0.67331 -1.4625 0.491505 0.992456 0.989199 0.981836
vn 0.00297931 -0.0281353 0.0544613
v 1.5458 -1.16313 0.483544 0.902145 0.857654 0.760405
vn 0.0392985 -0.371118 0.718371
v 1.46168 -1.08969 0.507023 0.902145 0.857654 0.760405
vn 0.0392985 -0.371118 0.718371
v -0.631814 -1.43204 0.501109 0.992456 0.989199 0.981836
vn 0.00297931 -0.0281353 0.0544613
v 1.64626 -1.18482 0.477459 0.902145 0.857654 0.760405
vn 0.0392985 -0.371118 0.718371
v -0.732552 -1.39116 0.529658 0.992456 0.989199 0.981836
vn 0.00297931 -0.0281353 0.0544613
v 1.69253 -1.21571 0.469988 0.902145 0.857654 0.760405
vn 0.0392985 -0.371118 0.718371
v -0.631228 -1.36626 0.531943 0.992456 0.989199 0.981836
vn 0.00297931 -0.0281353 0.0544613
v -0.554773 -1.4044 0.506173 0.992456 0.989199 0.981836
vn 0.00297931 -0.0281353 0.0544613
v -0.469039 -1.40412 0.498651 0.992394 0.989109 0.981684
vn 0.00300419 -0.0283702 0.0549161
v 1.06797 -1.03745 0.541394 0.902145 0.857654 0.760405
vn 0.0392985 -0.371118 0.718371
v -0.534566 -1.35166 0.529827 0.992445 0.989182 0.981807
vn 0.00298406 -0.0281802 0.0545483
v 1.16168 -1.02749 0.540364 0.902145 0.857654 0.760405
vn 0.0392985 -0.371118 0.718371
v -0.436349 -1.33854 0.527668 0.992149 0.988752 0.981083
vn 0.00310285 -0.0293019 0.0567196
v 1.26508 -1.0207 0.538096 0.902145 0.857654 0.760405
vn 0.0392985 -0.371118 0.718371
v 1.37205 -1.01544 0.535826 0.902145 0.857654 0.760405
vn 0.0392985 -0.371118 0.718371
v -0.368744 -1.40159 0.491349 0.991596 0.987947 0.979727
vn 0.0033251 -0.0314008 0.0607824
v 1.4761 -1.00898 0.534774 0.902145 0.857654 0.760405
vn 0.0392985 -0.371118 0.718371
v -0.318533 -1.3175 0.527686 0.989703 0.985189 0.975086
vn 0.00408645 -0.0385906 0.0746997
v -0.178015 -1.33701 0.504402 0.979825 0.970801 0.950866
vn 0.0080589 -0.0761047 0.147316
v -0.062229 -1.32563 0.498394 0.961313 0.943836 0.905476
vn 0.0155039 -0.146412 0.283409
v -0.136234 -1.26708 0.533611 0.973746 0.961946 0.935961
vn 0.0105037 -0.0991923 0.192006
v -0.0528518 -1.25247 0.532381 0.958107 0.939166 0.897615
vn 0.0167932 -0.158587 0.306977
v 1.33772 -0.669033 0.685575 0.902145 0.857654 0.760405
vn 0.0392985 -0.371118 0.718371
v 0.0581403 -0.942611 0.682125 0.934812 0.905236 0.8405
vn 0.0261612 -0.247055 0.478223
v -0.227613 -1.01287 0.681335 0.984952 0.978269 0.963437
vn 0.00599704 -0.0566334 0.109625
v 1.44242 -0.656405 0.684472 0.902145 0.857654 0.760405
vn 0.0392985 -0.371118 0.718371
v 0.172574 -0.920145 0.680373 0.915569 0.877207 0.793319
vn 0.0338998 -0.320135 0.619684
v -1.62417 -1.12915 0.707617 0.992456 0.989199 0.981836
vn 0.00297931 -0.0281353 0.0544613
v -0.123593 -0.993881 0.678006 0.970449 0.957144 0.927877
vn 0.0118296 -0.111713 0.216243
v 1.54272 -0.649016 0.681583 0.902145 0.857654 0.760405
vn 0.0392985 -0.371118 0.718371
v -0.0209641 -0.974186 0.675056 0.951024 0.92885 0.880249
vn 0.0196415 -0.185486 0.359044
v -1.58892 -1.15566 0.695447 0.992456 0.989199 0.981836
vn 0.00297931 -0.0281353 0.0544613
v 1.60599 -0.622922 0.690693 0.902145 0.857654 0.760405
vn 0.0392985 -0.371118 0.718371
v 0.27758 -0.932351 0.662219 0.90586 0.863066 0.769515
vn 0.0378042 -0.357006 0.691055
v 1.67112 -0.601737 0.697708 0.902145 0.857654 0.760405
vn 0.0392985 -0.371118 0.718371
v 0.34985 -0.872466 0.68724 0.903267 0.859289 0.763156
vn 0.0388472 -0.366856 0.710121
v 1.7035 -0.572774 0.709882 0.902145 0.857654 0.760405
vn 0.0392985 -0.371118 0.718371
v 0.436758 -0.833153 0.700106 0.902252 0.85781 0.760667
vn 0.0392555 -0.370712 0.717585
v -1.51341 -1.16782 0.688937 0.992456 0.989199 0.981836
vn 0.00297931 -0.0281353 0.0544613
v 0.521245 -0.841963 0.686936 0.902145 0.857654 0.760405
vn 0.0392985 -0.371118 0.718371
v -1.41251 -1.16985 0.685752 0.992456 0.989199 0.981836
vn 0.00297931 -0.0281353 0.0544613
v 0.618557 -0.862294 0.665791 0.902145 0.857654 0.760405
vn 0.0392985 -0.371118 0.718371
v -1.3013 -1.16737 0.683465 0.992456 0.989199 0.981836
vn 0.00297931 -0.0281353 0.0544613
v 0.703857 -0.825331 0.677105 0.902145 0.857654 0.760405
vn 0.0392985 -0.371118 0.718371
v 0.777319 -0.792913 0.686354 0.902145 0.857654 0.760405
vn 0.0392985 -0.371118 0.718371
v -1.1892 -1.16417 0.680776 0.992456 0.989199 0.981836
vn 0.00297931 -0.0281353 0.0544613
v 0.879841 -0.777822 0.682447 0.902145 0.857654 0.760405
vn 0.0392985 -0.371118 0.718371
v -1.07776 -1.16114 0.67729 0.992456 0.989199 0.981836
vn 0.00297931 -0.0281353 0.0544613
v -0.965228 -1.15884 0.672249 0.992456 0.989199 0.981836
vn 0.00297931 -0.0281353 0.0544613
v 0.983863 -0.758532 0.678913 0.902145 0.857654 0.760405
vn 0.0392985 -0.371118 0.718371
v -0.850066 -1.15943 0.664007 0.992456 0.989199 0.981836
vn 0.00297931 -0.0281353 0.0544613
v 1.06093 -0.729626 0.684585 0.902145 0.857654 0.760405
vn 0.0392985 -0.371118 0.718371
v -0.737026 -1.16244 0.653115 0.992456 0.989199 0.981836
vn 0.00297931 -0.0281353 0.0544613
v 1.16367 -0.71403 0.680727 0.902145 0.857654 0.760405
vn 0.0392985 -0.371118 0.718371
v 1.26373 -0.697146 0.678933 0.902145 0.857654 0.760405
vn 0.0392985 -0.371118 0.718371
v -0.635076 -1.17631 0.635715 0.992456 0.989199 0.981836
vn 0.00297931 -0.0281353 0.0544613
v -0.562391 -1.13977 0.649517 0.992456 0.989199 0.981836
vn 0.00297931 -0.0281353 0.0544613
v -0.517941 -1.08201 0.677698 0.992413 0.989136 0.98173
vn 0.00299662 -0.0282988 0.0547778
v -0.405197 -1.05572 0.679713 0.991814 0.988263 0.98026
vn 0.00323776 -0.030576 0.0591859
v -0.303057 -1.04008 0.67596 0.989147 0.984378 0.97372
vn 0.00431037 -0.0407052 0.078793
v 1.59609 -0.843262 0.595123 0.902145 0.857654 0.760405
vn 0.0392985 -0.371118 0.718371
v -0.183001 -1.1072 0.623749 0.977646 0.967627 0.945523
vn 0.00893531 -0.0843812 0.163336
v -1.61263 -1.42853 0.594504 0.992456 0.989199 0.981836
vn 0.00297931 -0.0281353 0.0544613
v 0.0505695 -1.08766 0.60584 0.93488 0.905336 0.840668
vn 0.0261337 -0.246795 0.477721
v 1.66941 -0.831896 0.597226 0.902145 0.857654 0.760405
vn 0.0392985 -0.371118 0.718371
v 0.137801 -1.0735 0.603222 0.91868 0.881739 0.800948
vn 0.0326486 -0.308319 0.596811
v 1.70334 -0.804714 0.607414 0.902145 0.857654 0.760405
vn 0.0392985 -0.371118 0.718371
v -1.59567 -1.45112 0.586235 0.992456 0.989199 0.981836
vn 0.00297931 -0.0281353 0.0544613
v 0.213973 -1.06178 0.601174 0.909292 0.868064 0.777928
vn 0.0364243 -0.343975 0.665831
v -1.6137 -1.37485 0.612006 0.992456 0.989199 0.981836
vn 0.00297931 -0.0281353 0.0544613
v 0.0564202 -1.01959 0.64094 0.933995 0.904046 0.838497
vn 0.0264897 -0.250157 0.484228
v 0.147019 -1.00426 0.638438 0.918156 0.880975 0.799661
vn 0.0328597 -0.310312 0.60067
v 0.250382 -1.00352 0.627798 0.907592 0.865588 0.773759
vn 0.037108 -0.350432 0.678329
v 0.382643 -0.994846 0.619461 0.903031 0.858945 0.762577
vn 0.0389421 -0.367752 0.711856
v 0.515076 -0.984789 0.611779 0.902193 0.857725 0.760523
vn 0.039279 -0.370934 0.718015
v -0.0501844 -1.09266 0.615277 0.9556 0.935515 0.891468
vn 0.0178014 -0.168109 0.325407
v 1.3828 -0.850738 0.601643 0.902145 0.857654 0.760405
vn 0.0392985 -0.371118 0.718371
v 0.454761 -0.906144 0.658565 0.902265 0.857829 0.7607
vn 0.0392501 -0.37066 0.717485
v 1.49521 -0.845253 0.598476 0.902145 0.857654 0.760405
vn 0.0392985 -0.371118 0.718371
v 0.55577 -0.91537 0.643562 0.902145 0.857654 0.760405
vn 0.0392985 -0.371118 0.718371
v 1.38727 -0.752708 0.644361 0.902145 0.857654 0.760405
vn 0.0392985 -0.371118 0.718371
v -1.57017 -1.41539 0.595561 0.992456 0.989199 0.981836
vn 0.00297931 -0.0281353 0.0544613
v 1.51359 -0.763421 0.632344 0.902145 0.857654 0.760405
vn 0.0392985 -0.371118 0.718371
v -0.020472 -1.03346 0.64305 0.950138 0.927559 0.878077
vn 0.0199979 -0.188851 0.365558
v 0.617982 -0.979543 0.604629 0.902145 0.857654 0.760405
vn 0.0392985 -0.371118 0.718371
v 1.60657 -0.768278 0.625873 0.902145 0.857654 0.760405
vn 0.0392985 -0.371118 0.718371
v 0.704815 -0.966573 0.602851 0.902145 0.857654 0.760405
vn 0.0392985 -0.371118 0.718371
v -1.50982 -1.41093 0.591658 0.992456 0.989199 0.981836
vn 0.00297931 -0.0281353 0.0544613
v 1.54425 -0.707445 0.655053 0.902145 0.857654 0.760405
vn 0.0392985 -0.371118 0.718371
v 0.638107 -0.924019 0.630733 0.902145 0.857654 0.760405
vn 0.0392985 -0.371118 0.718371
v 1.61186 -0.697866 0.656313 0.902145 0.857654 0.760405
vn 0.0392985 -0.371118 0.718371
v -1.61867 -1.29175 0.64138 0.992456 0.989199 0.981836
vn 0.00297931 -0.0281353 0.0544613
v 0.708921 -0.900165 0.63631 0.902145 0.857654 0.760405
vn 0.0392985 -0.371118 0.718371
v 1.67239 -0.754675 0.629364 0.902145 0.857654 0.760405
vn 0.0392985 -0.371118 0.718371
v -1.57854 -1.32444 0.627801 0.992456 0.989199 0.981836
vn 0.00297931 -0.0281353 0.0544613
v 0.779262 -0.949402 0.604625 0.902145 0.857654 0.760405
vn 0.0392985 -0.371118 0.718371
v 1.704 -0.726616 0.640531 0.902145 0.857654 0.760405
vn 0.0392985 -0.371118 0.718371
v -1.49208 -1.34431 0.615403 0.992456 0.989199 0.981836
vn 0.00297931 -0.0281353 0.0544613
v 0.812727 -0.876199 0.63875 0.902145 0.857654 0.760405
vn 0.0392985 -0.371118 0.718371
v 0.952462 -0.898145 0.613519 0.902145 0.857654 0.760405
vn 0.0392985 -0.371118 0.718371
v 1.6723 -0.678423 0.662797 0.902145 0.857654 0.760405
vn 0.0392985 -0.371118 0.718371
v -1.38179 -1.32318 0.615838 0.992456 0.989199 0.981836
vn 0.00297931 -0.0281353 0.0544613
v 1.70372 -0.649411 0.674758 0.902145 0.857654 0.760405
vn 0.0392985 -0.371118 0.718371
v -1.28313 -1.31163 0.613716 0.992456 0.989199 0.981836
vn 0.00297931 -0.0281353 0.0544613
v 0.98676 -0.822525 0.646265 0.902145 0.857654 0.760405
vn 0.0392985 -0.371118 0.718371
v -1.62214 -1.20782 0.674002 0.992456 0.989199 0.981836
vn 0.00297931 -0.0281353 0.0544613
v 1.06334 -0.882317 0.610028 0.902145 0.857654 0.760405
vn 0.0392985 -0.371118 0.718371
v -1.58492 -1.23627 0.66164 0.992456 0.989199 0.981836
vn 0.00297931 -0.0281353 0.0544613
v 1.1644 -0.870453 0.607167 0.902145 0.857654 0.760405
vn 0.0392985 -0.371118 0.718371
v -1.50569 -1.25066 0.653467 0.992456 0.989199 0.981836
vn 0.00297931 -0.0281353 0.0544613
v 1.27131 -0.860822 0.603894 0.902145 0.857654 0.760405
vn 0.0392985 -0.371118 0.718371
v -1.4023 -1.25059 0.649063 0.992456 0.989199 0.981836
vn 0.00297931 -0.0281353 0.0544613
v 1.0676 -0.807302 0.645162 0.902145 0.857654 0.760405
vn 0.0392985 -0.371118 0.718371
v -1.29345 -1.24306 0.646704 0.992456 0.989199 0.981836
vn 0.00297931 -0.0281353 0.0544613
v 1.16445 -0.792532 0.643195 0.902145 0.857654 0.760405
vn 0.0392985 -0.371118 0.718371
v -1.18291 -1.30801 0.60857 0.992456 0.989199 0.981836
vn 0.00297931 -0.0281353 0.0544613
v 1.27159 -0.778464 0.640795 0.902145 0.857654 0.760405
vn 0.0392985 -0.371118 0.718371
v -1.07578 -1.30611 0.601731 0.992456 0.989199 0.981836
vn 0.00297931 -0.0281353 0.0544613
v -0.966264 -1.30906 0.591389 0.992456 0.989199 0.981836
vn 0.00297931 -0.0281353 0.0544613
v -0.869851 -1.32841 0.572829 0.992456 0.989199 0.981836
vn 0.00297931 -0.0281353 0.0544613
v -1.18593 -1.23769 0.643349 0.992456 0.989199 0.981836
vn 0.00297931 -0.0281353 0.0544613
v -1.0765 -1.23439 0.638508 0.992456 0.989199 0.981836
vn 0.00297931 -0.0281353 0.0544613
v -0.962512 -1.2339 0.630946 0.992456 0.989199 0.981836
vn 0.00297931 -0.0281353 0.0544613
v -0.83417 -1.24299 0.615848 0.992456 0.989199 0.981836
vn 0.00297931 -0.0281353 0.0544613
v -0.713783 -1.22246 0.616769 0.992456 0.989199 0.981836
vn 0.00297931 -0.0281353 0.0544613
v -0.623421 -1.24636 0.594627 0.992456 0.989199 0.981836
vn 0.00297931 -0.0281353 0.0544613
v -0.525852 -1.20379 0.609016 0.992446 0.989184 0.98181
vn 0.00298347 -0.0281746 0.0545374
v -0.423091 -1.19122 0.605089 0.992249 0.988896 0.981326
vn 0.00306285 -0.0289242 0.0559884
v -0.488862 -1.14666 0.637643 0.992437 0.989171 0.981788
vn 0.00298715 -0.0282093 0.0546047
v -0.415189 -1.12823 0.639768 0.992023 0.988568 0.980774
vn 0.00315341 -0.0297794 0.0576439
v -0.346826 -1.17896 0.603451 0.991 0.987078 0.978265
vn 0.00356503 -0.0336666 0.0651683
v -0.315294 -1.12152 0.631913 0.989185 0.984433 0.973814
vn 0.00429508 -0.0405608 0.0785134
v -0.354173 -0.855721 0.785249 0.992018 0.98856 0.98076
vn 0.00315994 -0.0298411 0.0577633
v 0.0963632 -0.704527 0.806809 0.926631 0.89332 0.820441
vn 0.0294555 -0.278164 0.538442
v -1.63136 -0.909355 0.810294 0.992456 0.989199 0.981836
vn 0.00297931 -0.0281353 0.0544613
v 0.180558 -0.70612 0.79661 0.912958 0.873404 0.786917
vn 0.03495 -0.330052 0.63888
v 0.541353 -0.677009 0.782449 0.902428 0.858066 0.761098
vn 0.0393252 -0.37137 0.71886
v 0.658013 -0.63702 0.795706 0.902786 0.858586 0.761974
vn 0.039359 -0.371689 0.719477
v 0.273109 -0.710991 0.784888 0.905464 0.862488 0.768542
vn 0.0379675 -0.358549 0.694041
v 0.743565 -0.630192 0.787916 0.902719 0.858489 0.761811
vn 0.0393527 -0.37163 0.719362
v -0.260469 -0.815031 0.794982 0.988785 0.983852 0.972835
vn 0.00445885 -0.0421075 0.0815072
v -1.59972 -0.94135 0.794987 0.992456 0.989199 0.981836
vn 0.00297931 -0.0281353 0.0544613
v 0.818859 -0.601585 0.792404 0.902754 0.858541 0.761897
vn 0.0393561 -0.371662 0.719424
v 0.365112 -0.717348 0.773056 0.902854 0.858688 0.762144
vn 0.0390213 -0.3685 0.713304
v 0.893953 -0.570537 0.794456 0.902418 0.858052 0.761074
vn 0.0393243 -0.371362 0.718843
v -1.5478 -0.968621 0.781848 0.992456 0.989199 0.981836
vn 0.00297931 -0.0281353 0.0544613
v 0.445058 -0.719122 0.764999 0.902239 0.857791 0.760636
vn 0.0392743 -0.370889 0.717929
v -1.45548 -0.962208 0.784749 0.992456 0.989199 0.981836
vn 0.00297931 -0.0281353 0.0544613
v 0.989688 -0.561629 0.780746 0.902184 0.857712 0.760501
vn 0.0393026 -0.371157 0.718446
v -1.35395 -0.923875 0.803349 0.992456 0.989199 0.981836
vn 0.00297931 -0.0281353 0.0544613
v -0.146314 -0.818141 0.777535 0.978566 0.968967 0.947779
vn 0.0085653 -0.0808869 0.156572
v 1.0799 -0.508832 0.79287 0.902158 0.857673 0.760436
vn 0.0393007 -0.371138 0.71841
v -1.23485 -0.916653 0.806879 0.992457 0.989201 0.981838
vn 0.00297887 -0.0281311 0.0544532
v 1.18076 -0.486626 0.789925 0.902147 0.857657 0.76041
vn 0.0392992 -0.371124 0.718383
v -0.0804137 -0.806703 0.774548 0.96809 0.953708 0.922094
vn 0.0127782 -0.120672 0.233584
v -1.09541 -0.930577 0.798907 0.992462 0.989207 0.981849
vn 0.00297719 -0.0281153 0.0544227
v 1.27644 -0.475749 0.784129 0.902145 0.857654 0.760405
vn 0.0392985 -0.371118 0.718371
v -0.971888 -0.936937 0.793095 0.992465 0.989211 0.981856
vn 0.00297596 -0.0281037 0.0544002
v 1.34533 -0.452619 0.788601 0.902145 0.857654 0.760405
vn 0.0392985 -0.371118 0.718371
v -0.00215569 -0.762455 0.78786 0.949337 0.926392 0.876112
vn 0.0203256 -0.191946 0.371549
v -0.858307 -0.938536 0.787731 0.992463 0.989209 0.981852
vn 0.00297666 -0.0281103 0.054413
v 1.44374 -0.440056 0.787307 0.902157 0.857671 0.760433
vn 0.0393 -0.371132 0.718398
v 1.54179 -0.425204 0.787875 0.902153 0.857666 0.760424
vn 0.0392995 -0.371127 0.71839
v -0.750747 -0.93939 0.780668 0.992462 0.989207 0.981849
vn 0.00297715 -0.0281149 0.0544218
v 1.60738 -0.396422 0.798425 0.902152 0.857664 0.760421
vn 0.0392994 -0.371126 0.718387
v -0.648632 -0.943333 0.770129 0.992465 0.989211 0.981856
vn 0.00297594 -0.0281035 0.0543998
v 1.67391 -0.374933 0.805701 0.902145 0.857654 0.760405
vn 0.0392985 -0.371118 0.718371
v -0.558246 -0.943972 0.760742 0.992482 0.989236 0.981899
vn 0.002969 -0.0280379 0.0542729
v 1.70698 -0.347096 0.817852 0.902145 0.857654 0.760405
vn 0.0392985 -0.371118 0.718371
v -0.460682 -0.890802 0.778982 0.992573 0.989369 0.982122
vn 0.00293518 -0.0277185 0.0536546
v -1.62624 -1.05433 0.74171 0.992456 0.989199 0.981836
vn 0.00297931 -0.0281353 0.0544613
v 0.072258 -0.852675 0.729115 0.932317 0.901603 0.834384
vn 0.0271644 -0.256529 0.496561
v 1.33498 -0.608061 0.714576 0.902145 0.857654 0.760405
vn 0.0392985 -0.371118 0.718371
v -0.225414 -0.954455 0.71346 0.985697 0.979354 0.965263
vn 0.0056975 -0.0538047 0.104149
v -1.59282 -1.0809 0.72913 0.992456 0.989199 0.981836
vn 0.00297931 -0.0281353 0.0544613
v 0.177086 -0.829637 0.728842 0.913992 0.87491 0.789452
vn 0.0345342 -0.326125 0.63128
v -1.52269 -1.09428 0.722317 0.992456 0.989199 0.981836
vn 0.00297931 -0.0281353 0.0544613
v 0.645674 -0.703647 0.754267 0.902218 0.85776 0.760584
vn 0.0393054 -0.371183 0.718497
v 0.248193 -0.869873 0.698853 0.907211 0.865033 0.772825
vn 0.0372612 -0.351879 0.68113
v -0.185404 -0.89447 0.741079 0.981342 0.973011 0.954586
vn 0.00744889 -0.070344 0.136165
v -1.42647 -1.09372 0.721511 0.992456 0.989199 0.981836
vn 0.00297931 -0.0281353 0.0544613
v 0.72429 -0.688962 0.753257 0.902235 0.857785 0.760626
vn 0.039307 -0.371198 0.718526
v 0.114996 -0.771749 0.767898 0.923008 0.888043 0.811559
vn 0.0309081 -0.291883 0.564996
v 0.81364 -0.682394 0.744596 0.902233 0.857783 0.760622
vn 0.0393069 -0.371197 0.718524
v -0.0572956 -0.881189 0.730699 0.96001 0.941939 0.902282
vn 0.0160278 -0.151359 0.292985
v 0.200794 -0.763319 0.762691 0.910334 0.869583 0.780485
vn 0.036005 -0.340015 0.658165
v -1.31222 -1.08899 0.721966 0.992456 0.989199 0.981836
vn 0.00297931 -0.0281353 0.0544613
v 0.936603 -0.66522 0.735204 0.90219 0.857719 0.760514
vn 0.0393027 -0.371158 0.718448
v -1.19382 -1.08848 0.719596 0.992456 0.989199 0.981836
vn 0.00297931 -0.0281353 0.0544613
v 0.283531 -0.792072 0.738285 0.905291 0.862236 0.768118
vn 0.0380334 -0.35917 0.695245
v -1.0792 -1.08742 0.716575 0.992456 0.989199 0.981836
vn 0.00297931 -0.0281353 0.0544613
v -0.358811 -0.917947 0.751557 0.992059 0.98862 0.980861
vn 0.00313922 -0.0296455 0.0573846
v 1.0653 -0.648266 0.724885 0.902145 0.857654 0.760405
vn 0.0392985 -0.371118 0.718371
v -0.966556 -1.08537 0.712755 0.992456 0.989199 0.981836
vn 0.00297931 -0.0281353 0.0544613
v 1.09075 -0.584354 0.753157 0.902145 0.857654 0.760405
vn 0.0392985 -0.371118 0.718371
v -0.853977 -1.08428 0.706683 0.992456 0.989199 0.981836
vn 0.00297931 -0.0281353 0.0544613
v 0.392584 -0.782225 0.733204 0.902563 0.858263 0.761429
vn 0.0391305 -0.369531 0.715299
v 1.16656 -0.639026 0.716584 0.902145 0.857654 0.760405
vn 0.0392985 -0.371118 0.718371
v -1.6283 -0.981532 0.77594 0.992456 0.989199 0.981836
vn 0.00297931 -0.0281353 0.0544613
v -0.282886 -0.901222 0.750768 0.989901 0.985477 0.975571
vn 0.00400689 -0.0378393 0.0732453
v 0.487626 -0.769123 0.731835 0.902179 0.857704 0.760489
vn 0.039292 -0.371056 0.718252
v 1.17034 -0.565718 0.752082 0.902145 0.857654 0.760405
vn 0.0392985 -0.371118 0.718371
v 1.25615 -0.6228 0.714708 0.902145 0.857654 0.760405
vn 0.0392985 -0.371118 0.718371
v -1.59782 -1.01048 0.7621 0.992456 0.989199 0.981836
vn 0.00297931 -0.0281353 0.0544613
v 0.60176 -0.774139 0.717386 0.902158 0.857673 0.760436
vn 0.0392997 -0.371129 0.718393
v -1.53206 -1.02576 0.754571 0.992456 0.989199 0.981836
vn 0.00297931 -0.0281353 0.0544613
v 1.26397 -0.550011 0.749278 0.902145 0.857654 0.760405
vn 0.0392985 -0.371118 0.718371
v 0.705597 -0.752368 0.717833 0.902145 0.857654 0.760405
vn 0.0392985 -0.371118 0.718371
v 1.37241 -0.535215 0.746788 0.902145 0.857654 0.760405
vn 0.0392985 -0.371118 0.718371
v -1.45486 -1.03598 0.749227 0.992456 0.989199 0.981836
vn 0.00297931 -0.0281353 0.0544613
v -1.34479 -1.00475 0.763692 0.992456 0.989199 0.981836
vn 0.00297931 -0.0281353 0.0544613
v 1.50721 -0.561742 0.724714 0.902145 0.857654 0.760405
vn 0.0392985 -0.371118 0.718371
v 0.780556 -0.73767 0.716845 0.902145 0.857654 0.760405
vn 0.0392985 -0.371118 0.718371
v 1.60509 -0.545455 0.726877 0.902145 0.857654 0.760405
vn 0.0392985 -0.371118 0.718371
v -1.20666 -1.00834 0.760596 0.992456 0.989199 0.981836
vn 0.00297931 -0.0281353 0.0544613
v -1.08339 -1.01186 0.756563 0.992456 0.989199 0.981836
vn 0.00297931 -0.0281353 0.0544613
v 1.54076 -0.4875 0.7578 0.902145 0.857654 0.760405
vn 0.0392985 -0.371118 0.718371
v 1.60987 -0.471728 0.761691 0.902145 0.857654 0.760405
vn 0.0392985 -0.371118 0.718371
v -0.967918 -1.01208 0.752748 0.992456 0.989199 0.981836
vn 0.00297931 -0.0281353 0.0544613
v 1.67147 -0.525603 0.733253 0.902145 0.857654 0.760405
vn 0.0392985 -0.371118 0.718371
v -0.855892 -1.0109 0.7478 0.992456 0.989199 0.981836
vn 0.00297931 -0.0281353 0.0544613
v 1.70358 -0.496732 0.745651 0.902145 0.857654 0.760405
vn 0.0392985 -0.371118 0.718371
v -0.741162 -1.08829 0.69585 0.992456 0.989199 0.981836
vn 0.00297931 -0.0281353 0.0544613
v 1.67186 -0.450146 0.769274 0.902145 0.857654 0.760405
vn 0.0392985 -0.371118 0.718371
v -0.637159 -1.10795 0.675234 0.992456 0.989199 0.981836
vn 0.00297931 -0.0281353 0.0544613
v 1.70419 -0.421258 0.781852 0.902145 0.857654 0.760405
vn 0.0392985 -0.371118 0.718371
v -0.744161 -1.0121 0.739354 0.992456 0.989199 0.981836
vn 0.00297931 -0.0281353 0.0544613
v -0.619904 -1.02117 0.723061 0.992458 0.989202 0.98184
vn 0.00297858 -0.0281284 0.054448
v -0.491981 -0.992678 0.72563 0.992425 0.989153 0.981759
vn 0.00299192 -0.0282544 0.0546919
v -0.387362 -0.976563 0.722267 0.991995 0.988527 0.980705
vn 0.00316485 -0.0298874 0.057853
v -0.2988 -0.967391 0.716108 0.990394 0.986195 0.97678
vn 0.0038086 -0.0359668 0.0696207
v -1.64717 -0.725507 0.897383 0.992477 0.989228 0.981884
vn 0.00323628 -0.030562 0.0591587
v 1.64128 -0.18271 0.902332 0.90267 0.858418 0.761668
vn 0.039392 -0.372001 0.720081
v -0.462251 -0.667486 0.899422 0.994593 0.992309 0.987071
vn 0.00316048 -0.0298462 0.0577731
v 0.0993387 -0.506809 0.908708 0.927133 0.894037 0.821628
vn 0.0297817 -0.281246 0.544406
v 1.70435 -0.175764 0.902803 0.902476 0.858134 0.761201
vn 0.039354 -0.371642 0.719386
v -0.381974 -0.636224 0.905196 0.99528 0.993308 0.988754
vn 0.00331927 -0.0313457 0.0606757
v -1.61007 -0.736226 0.892332 0.992485 0.989239 0.981903
vn 0.00333937 -0.0315355 0.0610432
v 0.164447 -0.496257 0.907939 0.914847 0.876145 0.791516
vn 0.0344971 -0.325775 0.630602
v -1.51451 -0.722555 0.898995 0.992513 0.989279 0.98197
vn 0.00369685 -0.0349114 0.0675778
v 1.72548 -0.146886 0.916315 0.902704 0.858466 0.76175
vn 0.0393966 -0.372044 0.720164
v 0.244638 -0.484546 0.908784 0.909045 0.867688 0.77727
vn 0.0371056 -0.350409 0.678286
v -1.40319 -0.717739 0.902121 0.99251 0.989276 0.981965
vn 0.00366827 -0.0346415 0.0670555
v -0.306602 -0.591204 0.918178 0.995398 0.993479 0.989041
vn 0.00348534 -0.032914 0.0637115
v 0.373304 -0.510971 0.892406 0.904884 0.861635 0.767091
vn 0.0389655 -0.367974 0.712285
v -1.29687 -0.717493 0.903503 0.992496 0.989254 0.981929
vn 0.00347282 -0.0327958 0.0634827
v -0.22211 -0.594135 0.905955 0.991035 0.987126 0.978345
vn 0.00433022 -0.0408927 0.0791559
v -1.19641 -0.710722 0.908056 0.99251 0.989275 0.981964
vn 0.00350649 -0.0331138 0.0640982
v -1.09216 -0.700733 0.913932 0.992599 0.989405 0.982183
vn 0.0035927 -0.0339279 0.065674
v 0.472832 -0.509234 0.89578 0.904921 0.861692 0.767196
vn 0.03951 -0.373115 0.722238
v -0.125391 -0.588434 0.895768 0.978754 0.969237 0.94823
vn 0.00899342 -0.0849299 0.164398
v -0.984986 -0.674803 0.926822 0.992933 0.98989 0.982999
vn 0.00396015 -0.037398 0.0723911
v -0.0100732 -0.546251 0.901281 0.953461 0.932385 0.886182
vn 0.0196105 -0.185193 0.358478
v -0.871998 -0.705266 0.910025 0.993172 0.99024 0.983587
vn 0.00342005 -0.0322975 0.0625181
v 0.571127 -0.503515 0.903639 0.907774 0.865842 0.774183
vn 0.039832 -0.376156 0.728123
v 0.666484 -0.471095 0.928632 0.911676 0.871517 0.783737
vn 0.0402015 -0.379646 0.734878
v -0.754932 -0.727682 0.894065 0.993239 0.990338 0.983753
vn 0.00312042 -0.0294679 0.0570409
v -0.651055 -0.755108 0.872766 0.993085 0.990113 0.983375
vn 0.00294718 -0.0278318 0.053874
v 0.749744 -0.432965 0.913588 0.907888 0.865981 0.774402
vn 0.0398809 -0.376617 0.729017
v -0.540959 -0.713622 0.883932 0.993715 0.991031 0.98492
vn 0.00306067 -0.0289036 0.0559486
v 0.835371 -0.360169 0.916531 0.904479 0.860987 0.76598
vn 0.0396087 -0.374048 0.724042
v 0.91301 -0.381004 0.887589 0.902793 0.858575 0.761943
vn 0.0393921 -0.372002 0.720083
v 0.998424 -0.333366 0.892594 0.902897 0.858685 0.762109
vn 0.0394583 -0.372627 0.721293
v 1.07222 -0.247615 0.921544 0.903665 0.859771 0.763912
vn 0.0395756 -0.373734 0.723436
v 1.16924 -0.25696 0.904171 0.902837 0.858638 0.762042
vn 0.0394 -0.372076 0.720226
v 1.26088 -0.266637 0.888894 0.902629 0.858349 0.761563
vn 0.0393647 -0.371743 0.719582
v 1.34318 -0.272337 0.877948 0.902566 0.85826 0.761414
vn 0.0393565 -0.371666 0.719432
v 1.44592 -0.218235 0.896638 0.903544 0.859674 0.763769
vn 0.0395203 -0.373213 0.722426
v 1.5545 -0.167329 0.91469 0.903291 0.859314 0.763158
vn 0.0394902 -0.372928 0.721875
v -1.63861 -0.839837 0.843435 0.992456 0.989199 0.981836
vn 0.00297931 -0.0281353 0.0544613
v 1.64186 -0.256545 0.865493 0.902205 0.85774 0.760548
vn 0.0393061 -0.37119 0.71851
v 0.051662 -0.63589 0.848675 0.937311 0.908874 0.846623
vn 0.0252351 -0.238309 0.461294
v -0.397711 -0.754282 0.845497 0.993081 0.990108 0.983366
vn 0.0028927 -0.0273174 0.0528782
v 1.69145 -0.234288 0.874213 0.902211 0.857749 0.760562
vn 0.0393068 -0.371197 0.718524
v 0.162712 -0.636564 0.83647 0.916489 0.878547 0.795575
vn 0.0335359 -0.316699 0.613032
v -1.60316 -0.869051 0.829523 0.992456 0.989199 0.981836
vn 0.00297931 -0.0281353 0.0544613
v -0.265703 -0.731062 0.841295 0.990696 0.986635 0.97752
vn 0.00370472 -0.0349858 0.0677218
v 0.069681 -0.562201 0.884599 0.932634 0.902061 0.835152
vn 0.0272026 -0.256889 0.497259
v 0.261743 -0.64239 0.824467 0.906669 0.864244 0.771498
vn 0.0374926 -0.354064 0.685359
v -1.53331 -0.904426 0.812604 0.992456 0.989199 0.981836
vn 0.00297931 -0.0281353 0.0544613
v 1.72076 -0.208803 0.885612 0.902242 0.857793 0.760636
vn 0.0393108 -0.371234 0.718595
v -0.176484 -0.745797 0.821063 0.983353 0.97594 0.959517
vn 0.00664365 -0.0627397 0.121445
v 0.147963 -0.556264 0.879851 0.918533 0.881523 0.80058
vn 0.0327892 -0.309646 0.599381
v 0.358902 -0.648567 0.813947 0.903202 0.859194 0.762996
vn 0.0389448 -0.367778 0.711906
v -1.4363 -0.875667 0.826591 0.992456 0.989199 0.981836
vn 0.00297931 -0.0281353 0.0544613
v -0.294849 -0.664835 0.879912 0.993251 0.990355 0.983782
vn 0.00297421 -0.0280872 0.0543682
v 0.255866 -0.568887 0.865239 0.907893 0.866024 0.774492
vn 0.0370965 -0.350323 0.67812
v -1.32775 -0.85703 0.836056 0.992456 0.989199 0.981836
vn 0.00297931 -0.0281353 0.0544613
v 0.436827 -0.665406 0.798036 0.902415 0.858048 0.761067
vn 0.0392732 -0.370878 0.717908
v -0.194664 -0.668094 0.864813 0.986416 0.980401 0.967026
vn 0.00549585 -0.0519004 0.100463
v 0.344552 -0.588275 0.849555 0.90387 0.860166 0.764632
vn 0.0387596 -0.366029 0.70852
v -1.64398 -0.775177 0.874082 0.99246 0.989204 0.981844
vn 0.00302409 -0.0285581 0.0552799
v -0.100217 -0.762248 0.801469 0.972354 0.959919 0.932548
vn 0.0110677 -0.104518 0.202315
v -1.61885 -0.805807 0.859613 0.992458 0.989202 0.98184
vn 0.00300156 -0.0283454 0.054868
v 0.46347 -0.583321 0.848329 0.903493 0.859616 0.763706
vn 0.0393421 -0.371529 0.719167
v -1.53922 -0.814287 0.855676 0.992461 0.989205 0.981846
vn 0.00303678 -0.028678 0.0555119
v -0.0813009 -0.673917 0.845802 0.967771 0.953242 0.921308
vn 0.0130038 -0.122802 0.237707
v -1.42223 -0.795112 0.865346 0.992463 0.989209 0.981852
vn 0.00306841 -0.0289767 0.0560901
v 0.589044 -0.587296 0.838231 0.903873 0.860167 0.764635
vn 0.0394618 -0.372659 0.721355
v -1.31349 -0.785356 0.870925 0.992462 0.989207 0.981848
vn 0.00304641 -0.028769 0.0556879
v 0.70368 -0.547259 0.851631 0.905106 0.861961 0.767653
vn 0.0395802 -0.373778 0.723521
v -1.23583 -0.838055 0.845906 0.992458 0.989201 0.981839
vn 0.00297872 -0.0281297 0.0544505
v -1.12057 -0.838636 0.845784 0.992479 0.989232 0.981891
vn 0.00297026 -0.0280498 0.0542959
v 0.823302 -0.5175 0.841316 0.903643 0.859832 0.76407
vn 0.0394425 -0.372478 0.721004
v 0.907667 -0.508362 0.825207 0.902531 0.858215 0.761349
vn 0.0393355 -0.371467 0.719047
v -0.98195 -0.856274 0.83545 0.992514 0.989282 0.981976
vn 0.00295631 -0.0279181 0.0540409
v -0.861569 -0.865323 0.827243 0.99252 0.989292 0.981993
vn 0.00295354 -0.0278919 0.0539902
v 0.866005 -0.442353 0.870742 0.903501 0.85962 0.76371
vn 0.039437 -0.372425 0.720902
v -1.2104 -0.778304 0.875325 0.992464 0.989211 0.981855
vn 0.0030323 -0.0286357 0.05543
v 0.975305 -0.449096 0.841254 0.902368 0.857973 0.760939
vn 0.0393284 -0.3714 0.718918
v -1.12021 -0.762399 0.883827 0.992497 0.989259 0.981936
vn 0.00304258 -0.0287328 0.0556179
v -1.00126 -0.764281 0.882516 0.992641 0.989468 0.982289
vn 0.00304038 -0.028712 0.0555777
v 1.10007 -0.405961 0.841047 0.902208 0.85774 0.760546
vn 0.0393131 -0.371256 0.718638
v -0.866819 -0.787784 0.867951 0.99273 0.989597 0.982505
vn 0.00293648 -0.0277308 0.0536784
v 1.21702 -0.41089 0.822739 0.902147 0.857657 0.76041
vn 0.0392992 -0.371124 0.718383
v 1.29328 -0.416288 0.811253 0.902145 0.857654 0.760405
vn 0.0392985 -0.371118 0.718371
v -0.755612 -0.870854 0.818735 0.992504 0.989269 0.981953
vn 0.00296003 -0.0279532 0.054109
v -0.656964 -0.875132 0.808822 0.992518 0.989289 0.981986
vn 0.00295459 -0.0279019 0.0540095
v 1.35099 -0.396756 0.815497 0.902154 0.857668 0.760427
vn 0.0392997 -0.371129 0.718392
v 1.09998 -0.316412 0.884446 0.902388 0.857989 0.760959
vn 0.0393475 -0.37158 0.719266
v -0.574781 -0.889074 0.793233 0.992529 0.989305 0.982013
vn 0.00295019 -0.0278603 0.0539291
v 1.18545 -0.333846 0.864611 0.902217 0.857757 0.760575
vn 0.0393096 -0.371223 0.718574
v -0.755925 -0.802307 0.855469 0.992702 0.989557 0.982439
vn 0.00291426 -0.027521 0.0532722
v 1.28971 -0.346245 0.846543 0.902197 0.857728 0.760528
vn 0.039305 -0.37118 0.718491
v -0.671823 -0.819173 0.840663 0.992635 0.989459 0.982273
vn 0.00291852 -0.0275612 0.05335
v 1.39528 -0.333459 0.843315 0.902318 0.857902 0.760818
vn 0.039322 -0.371339 0.7188
v -0.561807 -0.810969 0.834235 0.992825 0.989736 0.982739
vn 0.00287368 -0.0271378 0.0525305
v 1.51442 -0.338048 0.832583 0.902282 0.857852 0.760734
vn 0.0393173 -0.371295 0.718715
v 1.61624 -0.318905 0.836034 0.90216 0.857676 0.760441
vn 0.0393004 -0.371136 0.718406
v 1.56691 -0.245386 0.87517 0.902433 0.858068 0.761094
vn 0.0393366 -0.371478 0.719068
v 1.68192 -0.302844 0.840703 0.902145 0.857654 0.760405
vn 0.0392985 -0.371118 0.718371
v 1.71274 -0.27557 0.852817 0.902145 0.857654 0.760405
vn 0.0392985 -0.371118 0.718371
v -1.62158 -0.518979 0.990404 0.993443 0.990593 0.984184
vn 0.0155329 -0.146686 0.283939
v 0.0557203 -0.266904 1.02262 0.962256 0.944895 0.906478
vn 0.0333525 -0.314967 0.60968
v 1.4342 0.0757486 1.04153 0.90718 0.866262 0.774404
vn 0.0437036 -0.412717 0.798895
v 0.160661 -0.284425 1.0052 0.94041 0.913107 0.852991
vn 0.0369794 -0.349217 0.675978
v 1.51109 0.0655493 1.03249 0.904962 0.86302 0.768599
vn 0.0431528 -0.407516 0.788827
v 0.264948 -0.26959 1.0027 0.92844 0.89568 0.823647
vn 0.0402613 -0.38021 0.735972
v 1.59632 0.0553276 1.02346 0.900669 0.856924 0.758176
vn 0.0427014 -0.403253 0.780575
v 1.66956 0.0429068 1.01396 0.898763 0.854113 0.753502
vn 0.0422408 -0.398904 0.772157
v -1.58446 -0.481498 1.00657 0.99383 0.99114 0.985105
vn 0.0204584 -0.1932 0.373976
v 1.70695 0.0191142 1.00037 0.900141 0.855765 0.756499
vn 0.0415829 -0.392691 0.760129
v 0.340921 -0.206595 1.02311 0.934157 0.90386 0.837045
vn 0.0424414 -0.400798 0.775823
v -1.50948 -0.439223 1.02426 0.994308 0.991815 0.986242
vn 0.0265404 -0.250636 0.485155
v 0.618547 -0.457169 0.952497 0.914335 0.875387 0.79025
vn 0.0404512 -0.382004 0.739443
v -1.39757 -0.473637 1.01043 0.993954 0.991315 0.9854
vn 0.0220356 -0.208094 0.402807
v 0.563406 -0.429599 0.957148 0.9126 0.872854 0.78596
vn 0.040302 -0.380594 0.736715
v -1.26156 -0.503109 0.999887 0.993676 0.990922 0.984738
vn 0.0183544 -0.17333 0.335515
v 0.652287 -0.444025 0.965015 0.916655 0.878762 0.795933
vn 0.0406697 -0.384066 0.743435
v -1.13087 -0.49376 1.00635 0.993852 0.991175 0.985165
vn 0.0193035 -0.182294 0.352865
v 0.682513 -0.431919 0.955743 0.914391 0.875462 0.790373
vn 0.040464 -0.382124 0.739676
v -1.02348 -0.492787 1.0087 0.994161 0.991626 0.985924
vn 0.018889 -0.17838 0.345289
v 0.601502 -0.387675 0.976998 0.914667 0.875842 0.790968
vn 0.0405248 -0.382699 0.740788
v -0.926679 -0.490411 1.01016 0.994801 0.992561 0.987499
vn 0.0183461 -0.173253 0.335365
v 0.673178 -0.382227 0.965551 0.912908 0.873262 0.78663
vn 0.0403869 -0.381396 0.738267
v -0.85866 -0.48987 1.00961 0.995418 0.993461 0.989014
vn 0.0177919 -0.168019 0.325234
v 0.440819 -0.196153 1.01982 0.928071 0.894929 0.822135
vn 0.042409 -0.400492 0.77523
v 0.523393 -0.162693 1.02536 0.928677 0.895422 0.82286
vn 0.0430427 -0.406476 0.786814
v -0.775088 -0.498521 1.00136 0.996065 0.994408 0.990609
vn 0.016851 -0.159133 0.308033
v 0.613817 -0.125736 1.03072 0.927325 0.892846 0.818469
vn 0.0437527 -0.413181 0.799793
v -0.645383 -0.471823 1.00373 0.997466 0.996442 0.994038
vn 0.0193396 -0.182635 0.353525
v 0.698211 -0.144534 1.01689 0.918522 0.880144 0.79746
vn 0.0427408 -0.403625 0.781296
v -0.553869 -0.440604 1.00989 0.998502 0.997944 0.99657
vn 0.0214432 -0.2025 0.391979
v 0.777308 -0.149777 1.00668 0.914098 0.873864 0.787096
vn 0.0420927 -0.397505 0.769448
v -0.45039 -0.416728 1.00902 0.998845 0.998446 0.997415
vn 0.0206719 -0.195217 0.37788
v 0.875519 -0.103298 1.01399 0.916849 0.877695 0.793511
vn 0.0426611 -0.402873 0.779839
v -0.35649 -0.369717 1.01906 0.999224 0.998993 0.998331
vn 0.0217964 -0.205835 0.398434
v 0.974949 -0.0634029 1.01914 0.919543 0.881775 0.800403
vn 0.042777 -0.403967 0.781958
v -0.289783 -0.377614 1.00958 0.998232 0.997555 0.995897
vn 0.0177286 -0.167421 0.324077
v 1.05576 -0.0139679 1.03203 0.925915 0.891178 0.816177
vn 0.043648 -0.412193 0.797879
v -0.221746 -0.383343 0.99998 0.994671 0.99236 0.98712
vn 0.0156547 -0.147836 0.286166
v 1.14723 -0.0399048 1.0099 0.92029 0.883594 0.803643
vn 0.0423961 -0.40037 0.774994
v -0.123381 -0.327549 1.01185 0.985588 0.979051 0.964549
vn 0.0232915 -0.219955 0.425765
v 1.24567 -0.0558753 0.99256 0.914449 0.875441 0.790102
vn 0.041529 -0.392182 0.759145
v -0.0253218 -0.266049 1.0293 0.976601 0.96583 0.941932
vn 0.0305284 -0.288297 0.558055
v 1.3366 0.0278404 1.02486 0.912876 0.873865 0.787496
vn 0.0430855 -0.40688 0.787596
v 0.0638841 -0.441278 0.942978 0.939062 0.911361 0.850708
vn 0.0272238 -0.257089 0.497646
v -0.456945 -0.598944 0.932376 0.995931 0.99425 0.990341
vn 0.00507194 -0.0478972 0.0927144
v -1.63424 -0.674641 0.920824 0.992559 0.989345 0.982081
vn 0.00429012 -0.040514 0.0784229
v 1.61641 -0.0999459 0.944934 0.904086 0.860547 0.765138
vn 0.0398325 -0.37616 0.728132
v 0.171074 -0.438372 0.934744 0.917815 0.88043 0.79866
vn 0.0345833 -0.326589 0.632178
v -1.58785 -0.652035 0.931229 0.992638 0.989455 0.982267
vn 0.00528542 -0.0499132 0.0966167
v 0.251461 -0.419892 0.938569 0.909868 0.868855 0.77917
vn 0.0378653 -0.357584 0.692173
v -1.62411 -0.599366 0.954928 0.992845 0.989748 0.982761
vn 0.00792518 -0.074842 0.144871
v 1.69633 -0.109782 0.936177 0.903348 0.859453 0.763344
vn 0.0396437 -0.374378 0.724681
v -1.48371 -0.630116 0.941708 0.992753 0.989618 0.982541
vn 0.00675291 -0.0637715 0.123442
v 0.346075 -0.408785 0.943014 0.908853 0.867371 0.776639
vn 0.0392015 -0.370202 0.716598
v 1.7282 -0.0989116 0.940209 0.903335 0.85942 0.763299
vn 0.0396053 -0.374015 0.723979
v 0.470617 -0.450083 0.930064 0.907475 0.865396 0.773398
vn 0.0397338 -0.375229 0.726328
v -1.58092 -0.566251 0.969785 0.993068 0.990062 0.98329
vn 0.0107564 -0.101579 0.196626
v -1.37212 -0.657637 0.930396 0.992619 0.989429 0.982223
vn 0.00505211 -0.0477099 0.0923519
v 0.0544322 -0.353677 0.983706 0.949548 0.926525 0.875993
vn 0.0286881 -0.270918 0.524414
v -1.49766 -0.527748 0.986924 0.993413 0.99055 0.984111
vn 0.0151446 -0.143019 0.276841
v 1.6 -0.0222337 0.984587 0.904892 0.862077 0.767405
vn 0.0409069 -0.386307 0.747772
v -1.2824 -0.648954 0.935654 0.992638 0.989456 0.982268
vn 0.00527102 -0.0497772 0.0963534
v 1.67735 -0.0325248 0.975725 0.90363 0.860203 0.764325
vn 0.0405751 -0.383174 0.741708
v 0.137203 -0.372764 0.967374 0.929585 0.897491 0.827194
vn 0.0333425 -0.314872 0.609496
v -1.18102 -0.642512 0.940287 0.992673 0.989506 0.982352
vn 0.0053834 -0.0508385 0.0984078
v -1.37077 -0.575324 0.967332 0.993055 0.990044 0.983259
vn 0.0105912 -0.100018 0.193605
v 0.240501 -0.355022 0.968165 0.918396 0.881191 0.799711
vn 0.0379505 -0.358388 0.69373
v 1.71655 -0.0507054 0.964868 0.903535 0.859926 0.763972
vn 0.0401996 -0.379628 0.734843
v -1.25716 -0.587711 0.963761 0.992928 0.989866 0.982959
vn 0.00892526 -0.0842862 0.163152
v -1.08043 -0.628837 0.948177 0.992841 0.989749 0.982761
vn 0.00584039 -0.055154 0.106761
v 0.349612 -0.305814 0.985395 0.917702 0.880141 0.797786
vn 0.0403818 -0.381348 0.738174
v -0.993872 -0.609971 0.957895 0.993204 0.990276 0.983649
vn 0.00641962 -0.0606241 0.11735
v -1.1657 -0.569617 0.97342 0.9931 0.990111 0.983371
vn 0.0105142 -0.0992911 0.192197
v 0.484163 -0.349251 0.974076 0.912536 0.87269 0.785507
vn 0.0403391 -0.380945 0.737394
v 1.42916 0.0109221 1.01028 0.911741 0.87199 0.784142
vn 0.0421066 -0.397636 0.769703
v -0.886353 -0.617657 0.953187 0.993794 0.991136 0.985098
vn 0.00606804 -0.0573039 0.110923
v -1.06111 -0.5594 0.979918 0.99335 0.990473 0.983981
vn 0.0110445 -0.1043 0.201893
v 0.423203 -0.259295 1.00066 0.91993 0.88332 0.802987
vn 0.0412356 -0.389411 0.753781
v 1.50292 -0.0140999 0.993861 0.908154 0.866743 0.775254
vn 0.0413162 -0.390172 0.755255
v 0.514461 -0.248499 1.00076 0.917991 0.880385 0.798102
vn 0.0412859 -0.389886 0.754701
v -0.959196 -0.55342 0.98354 0.993881 0.991246 0.985283
vn 0.011075 -0.104588 0.20245
v -0.764478 -0.646871 0.934805 0.994136 0.991638 0.985943
vn 0.00475678 -0.044921 0.0869533
v -0.863432 -0.539437 0.988807 0.994793 0.992571 0.987514
vn 0.0120083 -0.113401 0.219509
v -0.649075 -0.673459 0.914253 0.994095 0.99158 0.985845
vn 0.00398525 -0.0376349 0.0728498
v 0.605886 -0.314044 0.982409 0.91284 0.873039 0.786092
vn 0.040564 -0.383069 0.741505
v -0.546539 -0.626876 0.928131 0.99514 0.993098 0.988401
vn 0.00506159 -0.0477994 0.0925252
v 0.736425 -0.300989 0.962721 0.908899 0.867223 0.776344
vn 0.0403026 -0.3806 0.736725
v -0.787085 -0.577156 0.969052 0.994939 0.992794 0.98789
vn 0.0084918 -0.0801928 0.155229
v 0.629904 -0.214901 1.00126 0.916471 0.87783 0.793783
vn 0.0416138 -0.392983 0.760695
v -0.666558 -0.575681 0.961637 0.995654 0.993835 0.989643
vn 0.0089993 -0.0849855 0.164506
v 0.731946 -0.204776 0.992619 0.911553 0.870596 0.781765
vn 0.0412417 -0.389469 0.753893
v -0.5265 -0.52537 0.972074 0.997134 0.995982 0.99326
vn 0.0116058 -0.1096 0.212152
v 0.848502 -0.280843 0.946227 0.905292 0.862015 0.767636
vn 0.0399026 -0.376822 0.729414
v -0.377293 -0.52396 0.957081 0.99714 0.996001 0.99329
vn 0.0079214 -0.0748062 0.144802
v 0.906572 -0.314804 0.919206 0.903583 0.859644 0.763705
vn 0.0395789 -0.373766 0.723497
v -0.353745 -0.429712 0.995358 0.99868 0.998223 0.997034
vn 0.0142907 -0.134955 0.261232
v 0.819789 -0.20954 0.979166 0.909066 0.867097 0.775992
vn 0.0408356 -0.385633 0.746468
v 0.953158 -0.211572 0.95642 0.907178 0.864578 0.771853
vn 0.0403428 -0.38098 0.73746
v -0.255401 -0.521106 0.944575 0.994249 0.991796 0.986204
vn 0.00578109 -0.054594 0.105677
v -0.155904 -0.517802 0.933633 0.985091 0.978453 0.963732
vn 0.00827881 -0.0781814 0.151335
v -0.282105 -0.447369 0.980213 0.996693 0.995337 0.992166
vn 0.0103303 -0.0975544 0.188836
v 0.959966 -0.122439 0.994489 0.91304 0.872675 0.785251
vn 0.0415171 -0.392069 0.758926
v -0.184038 -0.439155 0.972058 0.989344 0.984618 0.974087
vn 0.0116942 -0.110435 0.213768
v -0.0879128 -0.522514 0.922813 0.973882 0.962127 0.936247
vn 0.0120236 -0.113546 0.21979
v 1.07416 -0.174595 0.955738 0.906912 0.864364 0.771546
vn 0.0400936 -0.378626 0.732905
v -0.0592442 -0.434532 0.959205 0.96873 0.954565 0.923434
vn 0.0182807 -0.172635 0.334169
v 1.15868 -0.185852 0.939773 0.905106 0.861874 0.767428
vn 0.0397343 -0.375234 0.726338
v 1.25384 -0.18956 0.92754 0.904504 0.861048 0.766062
vn 0.0396487 -0.374425 0.724773
v -0.0214907 -0.329071 1.00171 0.968345 0.953884 0.922046
vn 0.0257882 -0.243533 0.471405
v 1.33321 -0.206973 0.911184 0.903888 0.860169 0.764599
vn 0.0395665 -0.373649 0.72327
v 1.04404 -0.106893 0.990975 0.914156 0.874532 0.78843
vn 0.0414002 -0.390965 0.756789
v 1.1513 -0.115523 0.974034 0.910818 0.870026 0.781008
vn 0.0406573 -0.38395 0.74321
v 1.23603 -0.128275 0.958978 0.908042 0.86613 0.774538
vn 0.0401999 -0.37963 0.734849
v 1.36602 -0.0965405 0.96281 0.90856 0.867006 0.775981
vn 0.0405712 -0.383137 0.741636
v 1.51332 -0.101233 0.950167 0.905597 0.86272 0.76877
vn 0.0400483 -0.378199 0.732077
v -1.62574 -0.20636 1.11877 0.995918 0.994087 0.99007
vn 0.0471595 -0.445353 0.862068
v -0.231231 -0.0600404 1.12001 0.997376 0.996104 0.993104
vn 0.0466057 -0.440124 0.851945
v 1.31141 0.216476 1.11756 0.868903 0.814207 0.689075
vn 0.0472568 -0.446272 0.863847
v 0.133902 -0.127964 1.08364 0.978426 0.968172 0.944129
vn 0.0455742 -0.430382 0.833089
v 1.40057 0.303122 1.15634 0.815201 0.740205 0.564743
vn 0.0480554 -0.453814 0.878446
v -0.120991 -0.0332928 1.12494 0.991259 0.986946 0.977255
vn 0.0456554 -0.431149 0.834573
v 0.0891706 -0.12137 1.08547 0.98107 0.97206 0.951123
vn 0.0444444 -0.419713 0.812437
v 0.0179794 -0.0554455 1.1107 0.983656 0.975733 0.957996
vn 0.0453309 -0.428085 0.828642
v -1.59185 -0.175948 1.13004 0.995949 0.994129 0.99014
vn 0.047724 -0.450685 0.872389
v 0.166258 -0.113827 1.08453 0.975602 0.964028 0.937145
vn 0.0459414 -0.43385 0.839801
v 0.155608 -0.0539778 1.10438 0.976014 0.964505 0.938514
vn 0.0467536 -0.441521 0.854649
v -1.52241 -0.152422 1.13764 0.995942 0.994118 0.99012
vn 0.0478761 -0.452121 0.875168
v 0.0987436 0.0437431 1.14171 0.959448 0.939839 0.899189
vn 0.0460818 -0.435177 0.84237
v 1.50243 0.290607 1.14607 0.816983 0.742906 0.566778
vn 0.047967 -0.452979 0.87683
v -1.44694 -0.129336 1.14496 0.995923 0.994087 0.990068
vn 0.0480005 -0.453296 0.877442
v 0.188175 0.0888341 1.15087 0.937362 0.907359 0.847211
vn 0.0470904 -0.444701 0.860806
v -1.33615 -0.14011 1.13921 0.995893 0.994042 0.989992
vn 0.04779 -0.451308 0.873595
v 1.59356 0.279342 1.13745 0.819694 0.746766 0.571376
vn 0.0478496 -0.45187 0.874684
v 0.274359 0.0825788 1.14126 0.938579 0.909179 0.850089
vn 0.0479524 -0.452841 0.876562
v -1.21314 -0.195261 1.11731 0.995937 0.994114 0.990115
vn 0.0469659 -0.443525 0.858529
v 1.66681 0.265851 1.12824 0.820642 0.748102 0.572677
vn 0.0477196 -0.450643 0.872307
v 0.375698 0.0716763 1.12807 0.942251 0.914359 0.857605
vn 0.0481036 -0.454269 0.879327
v -1.08869 -0.165991 1.1248 0.996083 0.994322 0.990465
vn 0.047161 -0.445368 0.862096
v 0.481147 0.0644456 1.1161 0.942206 0.913812 0.855442
vn 0.047943 -0.452753 0.876392
v 0.596266 0.0596842 1.10608 0.936192 0.904367 0.838875
vn 0.0476934 -0.450396 0.871829
v 1.70205 0.24087 1.11411 0.828426 0.758754 0.590544
vn 0.0473539 -0.447189 0.865622
v 0.642162 0.147754 1.14217 0.910371 0.866013 0.778025
vn 0.0483559 -0.456652 0.883939
v 0.704265 0.155416 1.14233 0.909295 0.864088 0.77428
vn 0.0483776 -0.456857 0.884336
v -0.9685 -0.13447 1.12847 0.996462 0.994872 0.99139
vn 0.0474752 -0.448335 0.86784
v 0.805388 0.0778768 1.10039 0.924671 0.88713 0.810091
vn 0.0471582 -0.445341 0.862044
v -0.894183 -0.101558 1.13131 0.996883 0.99549 0.992431
vn 0.0478825 -0.452181 0.875286
v 0.761901 0.151894 1.13735 0.908458 0.862947 0.772212
vn 0.0481941 -0.455124 0.880982
v -0.830779 -0.0795985 1.1291 0.997292 0.99608 0.993395
vn 0.047917 -0.452507 0.875917
v 0.886856 0.134268 1.11843 0.915045 0.87345 0.788749
vn 0.0475692 -0.449222 0.869558
v -0.773158 -0.0359742 1.13386 0.997473 0.996316 0.993722
vn 0.0480334 -0.453606 0.878043
v 0.946078 0.204139 1.14376 0.892145 0.841491 0.737842
vn 0.0480956 -0.454194 0.87918
v -0.505854 -0.040993 1.13129 0.998243 0.997402 0.995443
vn 0.0476603 -0.450083 0.871224
v -0.596505 0.0068026 1.1463 0.99586 0.993734 0.988828
vn 0.0468171 -0.44212 0.855809
v -0.409022 -0.0266938 1.13826 0.998251 0.997402 0.995407
vn 0.047667 -0.450146 0.871345
v 1.04795 0.196818 1.12964 0.900674 0.85566 0.759839
vn 0.0478944 -0.452293 0.875502
v 1.1401 0.182939 1.11399 0.907581 0.866894 0.777461
vn 0.0475958 -0.449474 0.870045
v -0.737923 0.0189955 1.15336 0.995531 0.993292 0.988203
vn 0.0471104 -0.44489 0.861171
v 1.21703 0.171063 1.10174 0.905059 0.864032 0.772232
vn 0.0471346 -0.445118 0.861613
v -0.670146 0.0135313 1.14386 0.996458 0.994685 0.99061
vn 0.0472751 -0.446445 0.864182
v -0.322188 -0.0432537 1.13026 0.998185 0.997307 0.995233
vn 0.0473583 -0.447231 0.865704
v -0.182393 -0.235107 1.05309 0.994877 0.992555 0.98725
vn 0.0336049 -0.31735 0.614292
v 0.0326905 -0.196781 1.05542 0.977524 0.967047 0.943415
vn 0.038048 -0.359308 0.695511
v -0.0639149 -0.214885 1.05298 0.987032 0.981011 0.967425
vn 0.0350103 -0.330622 0.639984
v 1.39473 0.143265 1.07707 0.890135 0.843295 0.736237
vn 0.0456343 -0.43095 0.834189
v -1.623 -0.439029 1.02455 0.994289 0.991787 0.986195
vn 0.0262891 -0.248263 0.480562
v 0.141691 -0.177427 1.0566 0.965896 0.950018 0.914215
vn 0.0418792 -0.395489 0.765546
v 1.50596 0.138195 1.06882 0.888914 0.841558 0.732227
vn 0.0451984 -0.426833 0.82622
v -0.200917 -0.132711 1.09172 0.997112 0.995766 0.992584
vn 0.0429924 -0.406001 0.785894
v 0.23378 -0.207749 1.03204 0.945157 0.919881 0.863841
vn 0.0417792 -0.394544 0.763717
v -0.0886009 -0.133112 1.08584 0.992357 0.988719 0.980314
vn 0.0416949 -0.393748 0.762176
v 1.59598 0.130363 1.06109 0.885295 0.836462 0.723058
vn 0.0448402 -0.423451 0.819672
v -1.58935 -0.400704 1.04035 0.994727 0.992406 0.987237
vn 0.0318609 -0.30088 0.582412
v -0.000691875 -0.142213 1.07916 0.986613 0.980259 0.965625
vn 0.0416886 -0.393689 0.762062
v 1.42109 0.232324 1.11953 0.85113 0.789868 0.646886
vn 0.0473348 -0.447009 0.865274
v 0.620828 -0.429129 0.973448 0.916799 0.878969 0.796276
vn 0.0406867 -0.384227 0.743746
v -1.52183 -0.357251 1.05751 0.995155 0.993011 0.988258
vn 0.0373173 -0.352408 0.682155
v 1.50262 0.214074 1.10706 0.85677 0.797672 0.658443
vn 0.0469401 -0.443282 0.858058
v 0.650096 -0.417242 0.975088 0.916842 0.879029 0.796375
vn 0.0406955 -0.38431 0.743908
v -1.41642 -0.38361 1.04673 0.994876 0.992616 0.987592
vn 0.0337569 -0.318786 0.617072
v 1.59446 0.204701 1.09889 0.856359 0.797107 0.656285
vn 0.0466941 -0.440958 0.853561
v -1.29809 -0.406531 1.03835 0.994665 0.99232 0.987093
vn 0.0310158 -0.292899 0.566964
v 1.66764 0.117696 1.05184 0.883193 0.8334 0.717798
vn 0.044401 -0.419304 0.811644
v 1.66718 0.191892 1.08979 0.855339 0.795622 0.653323
vn 0.0464033 -0.438212 0.848245
v -1.62533 -0.360375 1.05707 0.995117 0.992957 0.988166
vn 0.0368238 -0.347748 0.673134
v 0.263854 -0.109836 1.07031 0.960888 0.942516 0.90141
vn 0.0451928 -0.426781 0.826117
v 1.7031 0.0929059 1.03786 0.887344 0.838845 0.727225
vn 0.0436201 -0.411929 0.79737
v 1.70222 0.166995 1.07577 0.862104 0.804744 0.668846
vn 0.0457578 -0.432117 0.836446
v 0.197444 0.0297205 1.12875 0.962845 0.94499 0.907366
vn 0.0475869 -0.44939 0.869881
v -1.59527 -0.323923 1.07152 0.995446 0.993421 0.988949
vn 0.0410104 -0.387284 0.749664
v 0.27411 4.45928e-05 1.1106 0.963737 0.946326 0.908832
vn 0.0475225 -0.448781 0.868704
v -1.54217 -0.291577 1.08372 0.99566 0.993724 0.989458
vn 0.0437361 -0.413024 0.799489
v 0.424697 -0.111219 1.05194 0.944616 0.91853 0.861272
vn 0.0447144 -0.422263 0.817373
v -1.62665 -0.282995 1.08829 0.995676 0.993746 0.989496
vn 0.0439371 -0.414923 0.803165
v 0.542931 -0.0821832 1.05217 0.939625 0.910598 0.847904
vn 0.0451993 -0.426842 0.826237
v -1.59579 -0.250486 1.10072 0.995833 0.993969 0.989871
vn 0.0459413 -0.433849 0.8398
v 0.384858 -0.0153954 1.09301 0.956837 0.935995 0.891007
vn 0.0470047 -0.443892 0.85924
v -1.52553 -0.227817 1.10841 0.99588 0.994035 0.989983
vn 0.0465409 -0.439512 0.850761
v 0.501278 -0.0153507 1.08196 0.948549 0.92335 0.869493
vn 0.0467733 -0.441707 0.855009
v -1.4405 -0.290415 1.08314 0.995593 0.993629 0.989299
vn 0.0428854 -0.404991 0.783939
v -1.31755 -0.321582 1.07094 0.995409 0.99337 0.988862
vn 0.0404866 -0.382338 0.74009
v -1.43195 -0.198514 1.11822 0.995916 0.994086 0.990069
vn 0.0469984 -0.443832 0.859124
v 0.623361 -0.0628627 1.0534 0.935 0.90333 0.835765
vn 0.045482 -0.429512 0.831405
v 0.678412 -0.0843983 1.04096 0.927096 0.891937 0.816902
vn 0.0445442 -0.420656 0.814262
v -1.32485 -0.236959 1.10273 0.995826 0.993959 0.989855
vn 0.0457816 -0.432341 0.836881
v 0.590842 -0.0193884 1.07316 0.941762 0.912982 0.851946
vn 0.0465766 -0.439849 0.851414
v -1.1818 -0.4188 1.03515 0.994609 0.992242 0.986962
vn 0.0296598 -0.280094 0.542176
v 0.697275 -0.00305833 1.07295 0.932042 0.898422 0.827921
vn 0.0462934 -0.437175 0.846237
v -1.07221 -0.423447 1.03488 0.994764 0.992471 0.987348
vn 0.0287683 -0.271675 0.52588
v 0.758458 -0.0836774 1.03448 0.922205 0.884906 0.805304
vn 0.0439519 -0.415062 0.803435
v -0.979698 -0.436261 1.03077 0.995045 0.992889 0.988051
vn 0.0263491 -0.24883 0.481659
v 0.81747 -0.0156004 1.05783 0.926236 0.890263 0.814355
vn 0.0452467 -0.42729 0.827104
v -0.876445 -0.426133 1.03202 0.995976 0.994246 0.990339
vn 0.0265442 -0.250672 0.485224
v -1.20746 -0.339267 1.06481 0.995337 0.99327 0.988693
vn 0.0390283 -0.368566 0.713432
v 0.946273 0.0355328 1.06717 0.927145 0.892018 0.817777
vn 0.0455146 -0.42982 0.832
v -1.11361 -0.35817 1.05854 0.995319 0.993251 0.988662
vn 0.0370168 -0.34957 0.676661
v 0.702459 0.099484 1.11721 0.92453 0.88664 0.809799
vn 0.0478905 -0.452256 0.875431
v -1.23138 -0.271353 1.08973 0.995753 0.993857 0.989683
vn 0.0444552 -0.419816 0.812635
v -1.11536 -0.272011 1.08863 0.995874 0.994038 0.989988
vn 0.0435505 -0.411272 0.796098
v 0.976049 0.13636 1.10966 0.920565 0.882602 0.803409
vn 0.0473645 -0.447289 0.865816
v -0.997705 -0.351221 1.05981 0.995802 0.993959 0.989857
vn 0.0362944 -0.342748 0.663456
v -0.858287 -0.313363 1.06649 0.997006 0.995712 0.992815
vn 0.0382942 -0.361633 0.700012
v 1.07218 0.0577525 1.06305 0.933007 0.901446 0.833465
vn 0.0455502 -0.430156 0.832651
v -0.976524 -0.236511 1.09583 0.996505 0.994959 0.991544
vn 0.0443098 -0.418442 0.809976
v -0.839301 -0.179708 1.10229 0.99753 0.996456 0.994077
vn 0.0458935 -0.433398 0.838927
v 1.15279 0.039155 1.04606 0.927768 0.894535 0.822017
vn 0.0445434 -0.420649 0.814248
v 1.22929 0.0152863 1.02756 0.920897 0.884946 0.80606
vn 0.0433644 -0.409514 0.792695
v 1.05568 0.119552 1.09322 0.927482 0.893615 0.821055
vn 0.0469139 -0.443034 0.857579
v -0.746863 -0.396771 1.03572 0.997427 0.996355 0.993895
vn 0.0291982 -0.275735 0.533739
v 1.15022 0.112748 1.08036 0.926482 0.893161 0.82015
vn 0.0464069 -0.438246 0.848311
v -0.615297 -0.372317 1.03683 0.998685 0.998186 0.996983
vn 0.0307732 -0.290608 0.562529
v 1.25691 0.10404 1.0673 0.912639 0.874193 0.788451
vn 0.0454612 -0.429316 0.831025
v -0.532439 -0.391654 1.02616 0.999093 0.99879 0.997998
vn 0.0269101 -0.254127 0.491912
v -0.717604 -0.27874 1.06843 0.998336 0.99765 0.996089
vn 0.0404697 -0.382178 0.73978
v -0.603658 -0.277982 1.06369 0.999116 0.99879 0.998012
vn 0.0401572 -0.379227 0.734067
v -0.71522 -0.175329 1.09338 0.998565 0.997973 0.99664
vn 0.0463036 -0.437271 0.846424
v -0.640056 -0.207926 1.08265 0.999012 0.998629 0.997745
vn 0.0449342 -0.424339 0.821391
v -0.505603 -0.314398 1.04821 0.999323 0.999107 0.998538
vn 0.034299 -0.323905 0.626982
v -0.385905 -0.308451 1.04269 0.999356 0.999158 0.998611
vn 0.0311416 -0.294088 0.569264
v -0.533511 -0.192571 1.08418 0.999378 0.999166 0.998649
vn 0.0442035 -0.417439 0.808034
v -0.409448 -0.213321 1.07487 0.999474 0.999307 0.998868
vn 0.0410549 -0.387705 0.750478
v -0.289781 -0.305877 1.03623 0.998489 0.997892 0.99644
vn 0.0277285 -0.261856 0.506874
v -0.222279 -0.32508 1.02282 0.995688 0.993811 0.989536
vn 0.0230206 -0.217396 0.420813
v -0.295472 -0.219823 1.06663 0.99875 0.998239 0.996995
vn 0.0380267 -0.359107 0.695122
v -0.748544 -0.100201 1.11296 0.998281 0.997551 0.995916
vn 0.0478397 -0.451777 0.874503
v -0.623488 -0.097439 1.11007 0.998755 0.998224 0.996997
vn 0.0474772 -0.448354 0.867877
v -0.700664 -0.0337995 1.1266 0.998132 0.997289 0.995365
vn 0.0480432 -0.453699 0.878224
v -0.647262 -0.0235296 1.12774 0.99816 0.997306 0.995331
vn 0.0479233 -0.452567 0.876031
v -0.521702 -0.110985 1.10707 0.999296 0.999033 0.998409
vn 0.0473728 -0.447368 0.865967
v -0.427913 -0.108812 1.10864 0.999326 0.999069 0.99844
vn 0.0466963 -0.440979 0.853601
v -0.310932 -0.128763 1.09869 0.999108 0.998739 0.997818
vn 0.0450156 -0.425108 0.822879
v -0.405278 0.186573 1.24115 0.970063 0.953764 0.916167
vn 0.0342964 -0.32388 0.626933
v -1.62075 0.0322638 1.21552 0.9922 0.988374 0.980342
vn 0.0481931 -0.455114 0.880962
v -0.286005 0.206178 1.2414 0.966299 0.948239 0.907333
vn 0.0343808 -0.324677 0.628476
v 0.0776214 0.265124 1.23794 0.843823 0.768587 0.622047
vn 0.039598 -0.373947 0.723847
v -0.733742 0.73746 1.24202 0.867966 0.795925 0.628406
vn -0.0219237 0.207038 -0.400763
v -0.202364 0.204954 1.23295 0.961738 0.941822 0.89829
vn 0.0363911 -0.343661 0.665223
v 0.153601 0.298132 1.24715 0.808816 0.717533 0.542562
vn 0.0428899 -0.405034 0.784022
v -0.73414 0.740282 1.24249 0.866237 0.793263 0.623545
vn -0.0230395 0.217575 -0.421158
v -0.120318 0.226221 1.23751 0.931852 0.897541 0.825978
vn 0.0347944 -0.328583 0.636037
v -1.58253 0.0630428 1.22716 0.990589 0.985902 0.976134
vn 0.0481982 -0.455163 0.881057
v 0.23625 0.327705 1.25356 0.782162 0.678778 0.482815
vn 0.0461928 -0.436225 0.844398
v -0.733352 0.740282 1.24195 0.866232 0.793256 0.623532
vn -0.0230423 0.217602 -0.421211
v -1.50271 0.084934 1.23366 0.989221 0.983803 0.972561
vn 0.0482026 -0.455204 0.881137
v 0.341332 0.326244 1.2446 0.783583 0.681072 0.487397
vn 0.047954 -0.452857 0.876593
v -0.00757597 0.257918 1.24287 0.878383 0.818956 0.700574
vn 0.0360112 -0.340074 0.658281
v -1.40888 0.11132 1.24219 0.987421 0.981041 0.96786
vn 0.0482084 -0.455259 0.881242
v 0.450731 0.300328 1.22578 0.802199 0.708342 0.530664
vn 0.0484691 -0.45772 0.886007
v -0.73421 0.744628 1.24253 0.863571 0.789161 0.616053
vn -0.0247589 0.233812 -0.452588
v -1.32145 0.0734145 1.22367 0.990736 0.986127 0.976517
vn 0.0481978 -0.455158 0.881048
v 0.277203 0.662943 1.26944 0.743079 0.622885 0.397149
vn 0.0484938 -0.457954 0.88646
v -0.733291 0.744628 1.24254 0.863571 0.789161 0.616053
vn -0.0247589 0.233812 -0.452589
v 0.274851 0.671872 1.25567 0.742672 0.622333 0.39636
vn 0.0485427 -0.458416 0.887353
v -0.733752 0.747449 1.24273 0.861839 0.786496 0.611186
vn -0.0258761 0.244362 -0.473011
v -1.21917 0.08872 1.22893 0.989062 0.983557 0.972132
vn 0.0481739 -0.454934 0.880613
v -1.11328 0.0796607 1.22287 0.989241 0.983822 0.972501
vn 0.0479639 -0.45295 0.876774
v 0.274903 0.671872 1.25567 0.742672 0.622333 0.39636
vn 0.0485427 -0.458416 0.887353
v -1.0216 0.132013 1.24426 0.983321 0.974688 0.956506
vn 0.0467872 -0.441838 0.855264
v 0.540473 0.287124 1.21515 0.819929 0.734142 0.571068
vn 0.0485429 -0.458418 0.887357
v -0.930501 0.178476 1.26468 0.975736 0.96293 0.935299
vn 0.0436116 -0.411849 0.797214
v 0.653598 0.326479 1.232 0.810397 0.720142 0.548275
vn 0.0485372 -0.458364 0.887254
v -0.844846 0.163934 1.25134 0.975852 0.962998 0.934567
vn 0.0413764 -0.39074 0.756355
v 0.779582 0.365827 1.24093 0.793103 0.695958 0.508977
vn 0.0485289 -0.458285 0.887101
v 0.868304 0.377219 1.23522 0.786538 0.688345 0.495257
vn 0.0485159 -0.458163 0.886864
v -0.75333 0.130125 1.22325 0.980418 0.969948 0.946303
vn 0.0412058 -0.389129 0.753235
v 0.949029 0.411899 1.24123 0.769051 0.666417 0.457395
vn 0.0485131 -0.458137 0.886813
v -0.644021 0.156967 1.23487 0.972984 0.958356 0.924917
vn 0.0368317 -0.347822 0.673278
v -0.523556 0.174844 1.24171 0.969496 0.952887 0.914632
vn 0.0342818 -0.323743 0.626667
v 0.274395 0.673766 1.25281 0.742599 0.622241 0.396234
vn 0.0485427 -0.458416 0.887353
v 1.03866 0.445264 1.24473 0.751985 0.646111 0.420875
vn 0.0485175 -0.458178 0.886892
v 1.12397 0.425511 1.2293 0.760685 0.661156 0.442302
vn 0.0484926 -0.457943 0.886438
v 1.21352 0.41054 1.21775 0.769678 0.675617 0.463313
vn 0.0484524 -0.457563 0.885702
v 1.32393 0.467089 1.24298 0.754161 0.655211 0.426417
vn 0.0484884 -0.457904 0.886362
v 1.42684 0.515217 1.2668 0.744763 0.642746 0.402504
vn 0.0485316 -0.458311 0.88715
v 1.50477 0.505692 1.26055 0.748947 0.648789 0.40982
vn 0.0485353 -0.458346 0.887219
v 1.58682 0.494406 1.25333 0.754958 0.657323 0.421408
vn 0.0485343 -0.458337 0.8872
v 1.65753 0.48627 1.248 0.759039 0.663114 0.429323
vn 0.0485334 -0.458328 0.887183
v 1.69512 0.465605 1.236 0.761837 0.66704 0.435231
vn 0.0485303 -0.458299 0.887128
v -0.230847 0.030766 1.15633 0.992007 0.9879 0.978628
vn 0.0458823 -0.433292 0.838722
v 0.136719 -0.103531 1.09316 0.981323 0.97236 0.951084
vn 0.0465748 -0.439832 0.85138
v -1.62425 -0.128902 1.14955 0.995838 0.993956 0.989845
vn 0.0480577 -0.453836 0.878488
v -0.733999 0.740282 1.24194 0.866232 0.793256 0.623532
vn -0.0230423 0.217602 -0.42121
v -0.123464 0.0626418 1.16296 0.981841 0.972696 0.952867
vn 0.0446526 -0.42168 0.816243
v -0.0249456 0.188452 1.21023 0.919188 0.879444 0.798947
vn 0.0386671 -0.365155 0.706829
v 0.0564539 0.199091 1.20791 0.888026 0.833817 0.726769
vn 0.0405882 -0.383297 0.741946
v -0.0260125 0.045394 1.15018 0.972669 0.959212 0.930743
vn 0.0449255 -0.424257 0.821232
v -0.457261 0.0288918 1.16179 0.994873 0.992176 0.985925
vn 0.0462546 -0.436808 0.845527
v -1.58994 -0.0987306 1.16058 0.995711 0.99376 0.989512
vn 0.0481431 -0.454643 0.88005
v 0.0264433 0.123845 1.17783 0.936931 0.906168 0.843845
vn 0.0427477 -0.403691 0.781422
v -0.73365 0.744628 1.24214 0.863568 0.789156 0.616044
vn -0.0247609 0.233831 -0.452626
v -0.354993 0.0342124 1.16313 0.994596 0.991753 0.985167
vn 0.0461996 -0.436289 0.844523
v 0.127122 0.13832 1.17563 0.911432 0.868868 0.784824
vn 0.0447326 -0.422435 0.817706
v 0.150669 0.219878 1.20911 0.854402 0.78475 0.650076
vn 0.0437156 -0.412831 0.799114
v -1.51914 -0.0778584 1.16686 0.995562 0.993531 0.989121
vn 0.0481568 -0.454772 0.880299
v -0.429708 0.103727 1.19841 0.985731 0.978016 0.96019
vn 0.0418538 -0.395249 0.765082
v 0.245451 0.166094 1.17759 0.885712 0.831241 0.725711
vn 0.046955 -0.443423 0.858331
v 0.248743 0.260306 1.21965 0.818924 0.732892 0.568979
vn 0.046428 -0.438446 0.848698
v -1.6231 -0.0495218 1.18151 0.995004 0.992675 0.987665
vn 0.0481841 -0.455029 0.880798
v -0.31244 0.11597 1.19901 0.984335 0.975957 0.956818
vn 0.0418694 -0.395396 0.765366
v -0.189996 0.139295 1.20133 0.973044 0.959157 0.928943
vn 0.0408975 -0.386218 0.747601
v 0.356783 0.237002 1.20079 0.837388 0.760155 0.612977
vn 0.0480514 -0.453776 0.878372
v 0.367196 0.153293 1.16254 0.898061 0.849353 0.754629
vn 0.0482348 -0.455508 0.881725
v 0.472971 0.144109 1.15082 0.909473 0.865714 0.779735
vn 0.0484124 -0.457185 0.884971
v -1.58728 -0.0192608 1.19264 0.994398 0.991746 0.986083
vn 0.048186 -0.455048 0.880834
v -0.0744545 0.131024 1.1888 0.956676 0.935084 0.890032
vn 0.0413743 -0.390721 0.756317
v 0.465511 0.223574 1.1876 0.855384 0.786354 0.654167
vn 0.0484843 -0.457864 0.886286
v -1.50929 0.00124341 1.19856 0.993806 0.990837 0.984536
vn 0.0481879 -0.455066 0.880868
v 0.556078 0.128659 1.13829 0.919333 0.879686 0.800742
vn 0.0483381 -0.456484 0.883614
v 0.274395 0.673751 1.25281 0.742599 0.622241 0.396234
vn 0.0485427 -0.458416 0.887353
v -1.42322 -0.0651705 1.1696 0.995414 0.993304 0.988735
vn 0.0481528 -0.454733 0.880225
v 0.579183 0.213132 1.1767 0.872337 0.81073 0.691702
vn 0.0485133 -0.458138 0.886816
v -1.32483 -0.0548981 1.17171 0.995323 0.993164 0.988496
vn 0.0481581 -0.454784 0.880323
v 0.705039 0.216014 1.17098 0.876511 0.816414 0.699467
vn 0.0484744 -0.457771 0.886106
v -1.39623 0.0214497 1.20381 0.993146 0.989825 0.982812
vn 0.04819 -0.455086 0.880907
v -1.26859 0.006727 1.19528 0.993756 0.99076 0.984403
vn 0.0481889 -0.455075 0.880886
v 0.760853 0.288757 1.20242 0.834837 0.756011 0.604055
vn 0.0485031 -0.458042 0.88663
v 0.820923 0.144208 1.12966 0.911952 0.868221 0.780409
vn 0.0479975 -0.453267 0.877388
v 0.82939 0.214795 1.16062 0.879758 0.821781 0.707267
vn 0.048311 -0.456228 0.883118
v 0.845807 0.309447 1.20392 0.824189 0.741798 0.580654
vn 0.048485 -0.457871 0.886299
v 0.915346 0.268685 1.17675 0.852684 0.78431 0.647061
vn 0.0483979 -0.457049 0.884707
v -1.20503 -0.0883989 1.1567 0.995516 0.993458 0.988997
vn 0.0480447 -0.453713 0.878251
v 0.938442 0.336478 1.20626 0.809325 0.723077 0.548801
vn 0.048473 -0.457757 0.886079
v -1.0661 -0.0683368 1.15924 0.995323 0.993147 0.988452
vn 0.0480627 -0.453883 0.878579
v 1.02424 0.282589 1.17204 0.846721 0.778834 0.636148
vn 0.0483329 -0.456435 0.883519
v -1.15075 0.0061291 1.19254 0.993373 0.990168 0.983381
vn 0.0481577 -0.45478 0.880315
v -1.03902 0.0253162 1.19586 0.992167 0.988296 0.980086
vn 0.0478899 -0.452251 0.87542
v 1.14178 0.261407 1.15134 0.862145 0.803289 0.673632
vn 0.0481645 -0.454844 0.88044
v 1.03695 0.373232 1.21281 0.787319 0.695512 0.501182
vn 0.0484702 -0.457732 0.886029
v -0.947186 -0.0419936 1.15944 0.995314 0.9931 0.988295
vn 0.0479696 -0.453004 0.876878
v 1.21801 0.232952 1.13138 0.875977 0.823693 0.706024
vn 0.0478515 -0.451888 0.874718
v 1.13799 0.345958 1.19175 0.804654 0.722763 0.542438
vn 0.0483976 -0.457046 0.884702
v -0.879766 -0.0572795 1.14403 0.996573 0.995005 0.991555
vn 0.0480777 -0.454024 0.878853
v -0.935557 0.0547102 1.20046 0.990624 0.985872 0.975624
vn 0.0470371 -0.444198 0.859832
v 1.27001 0.328185 1.17526 0.813628 0.737289 0.563026
vn 0.0482215 -0.455383 0.881483
v -0.840845 0.00302024 1.16306 0.994759 0.992177 0.986451
vn 0.047378 -0.447417 0.866063
v 1.40392 0.39263 1.20222 0.773866 0.682977 0.469823
vn 0.0484175 -0.457233 0.885065
v -0.915678 0.123724 1.23388 0.983751 0.975267 0.956863
vn 0.0451302 -0.426189 0.824973
v 1.43127 0.462066 1.23785 0.751111 0.651556 0.417003
vn 0.0485156 -0.45816 0.886858
v -0.843865 0.0917578 1.20957 0.987221 0.980546 0.965741
vn 0.0449031 -0.424045 0.820822
v 1.49995 0.366454 1.18575 0.781552 0.693929 0.485106
vn 0.0483788 -0.456868 0.884357
v 1.59258 0.353534 1.17658 0.786404 0.700836 0.494221
vn 0.0483516 -0.456611 0.88386
v -0.522917 0.0206182 1.15579 0.995486 0.993136 0.987699
vn 0.0465903 -0.439979 0.851665
v 1.50393 0.43991 1.22472 0.758374 0.661846 0.431584
vn 0.0485074 -0.458082 0.886708
v 1.59091 0.426284 1.21581 0.76471 0.670829 0.44396
vn 0.0485014 -0.458026 0.886599
v -0.769532 0.0672324 1.18562 0.990708 0.985863 0.97492
vn 0.0453324 -0.4281 0.82867
v -0.672418 0.07244 1.18128 0.989458 0.983863 0.971074
vn 0.0442274 -0.417664 0.80847
v 1.66617 0.339536 1.16735 0.789205 0.704809 0.499497
vn 0.0483171 -0.456286 0.88323
v 1.70174 0.314469 1.15306 0.796052 0.714269 0.515073
vn 0.0481844 -0.455032 0.880804
v -0.546455 0.0825555 1.18805 0.987435 0.980678 0.965117
vn 0.0428587 -0.404739 0.783451
v 1.66397 0.41315 1.20733 0.768561 0.676291 0.451442
vn 0.0484975 -0.457989 0.886527
v 1.70023 0.388435 1.19312 0.77321 0.682762 0.461762
vn 0.0484698 -0.457728 0.886022
v 0.0322022 -0.660228 1.35275 0.983383 0.974765 0.956297
vn 0.0485426 -0.458415 0.887351
v 0.0321711 -0.660249 1.35275 0.983391 0.974777 0.956318
vn 0.0485426 -0.458415 0.887351
v 0.0221394 0.423053 1.33235 0.816277 0.726982 0.551165
vn 0.0321389 -0.303506 0.587494
v -1.62527 0.316665 1.35336 0.967611 0.950654 0.916127
vn 0.04828 -0.455935 0.882551
v 0.106997 0.450579 1.33501 0.786535 0.684321 0.487452
vn 0.0388065 -0.366471 0.709376
v 0.0321711 -0.660204 1.35275 0.983383 0.974765 0.956297
vn 0.0485426 -0.458415 0.887351
v 0.189833 0.501738 1.34693 0.762628 0.650092 0.436422
vn 0.0440746 -0.416221 0.805677
v 0.238846 0.561958 1.36024 0.753997 0.638117 0.419149
vn 0.045953 -0.43396 0.840015
v 0.0321541 -0.660228 1.35275 0.983391 0.974777 0.956318
vn 0.0485426 -0.458415 0.887351
v 0.289328 0.620322 1.33671 0.745726 0.626623 0.402633
vn 0.0479362 -0.452688 0.876267
v -1.58572 0.295513 1.34098 0.968847 0.95255 0.919354
vn 0.0482742 -0.455881 0.882446
v 0.515389 0.507598 1.34612 0.749394 0.630917 0.408597
vn 0.0485424 -0.458414 0.887349
v -1.51985 0.282401 1.33147 0.969686 0.953835 0.921544
vn 0.0482713 -0.455853 0.882393
v 0.436249 0.582699 1.37375 0.745346 0.625688 0.401046
vn 0.0484964 -0.457979 0.886507
v -1.42176 0.291583 1.33399 0.969549 0.953627 0.921187
vn 0.0482746 -0.455884 0.882453
v 0.344413 0.617137 1.37559 0.744945 0.625634 0.40136
vn 0.0480981 -0.454217 0.879226
v -1.31844 0.311397 1.34245 0.968117 0.95143 0.91744
vn 0.0482615 -0.45576 0.882213
v 0.625234 0.521557 1.38811 0.744521 0.623106 0.396692
vn 0.0485426 -0.458415 0.887352
v -1.20495 0.288331 1.32739 0.969403 0.95339 0.920676
vn 0.0479711 -0.453018 0.876905
v 0.72798 0.504226 1.35878 0.747839 0.628736 0.404534
vn 0.0485418 -0.458407 0.887337
v -1.07958 0.298115 1.33172 0.966354 0.948655 0.91204
vn 0.0464292 -0.438457 0.84872
v 0.828593 0.543143 1.34078 0.746164 0.62844 0.40182
vn 0.0485414 -0.458404 0.88733
v 0.857779 0.612035 1.36736 0.743948 0.625706 0.396729
vn 0.0485424 -0.458413 0.887349
v -0.971352 0.305927 1.33686 0.960765 0.939928 0.895699
vn 0.0424907 -0.401263 0.776724
v 0.882576 0.681327 1.39487 0.745519 0.628893 0.400034
vn 0.0485424 -0.458413 0.887348
v -0.879121 0.325066 1.35092 0.952459 0.926932 0.871208
vn 0.0363273 -0.343059 0.664057
v 0.957328 0.708001 1.38981 0.74589 0.633067 0.401603
vn 0.0485424 -0.458413 0.887347
v -0.763358 0.304485 1.33834 0.945271 0.91558 0.848792
vn 0.0281175 -0.265529 0.513983
v -0.664549 0.330382 1.35387 0.931421 0.893954 0.808248
vn 0.0182631 -0.172469 0.333847
v 1.2153 0.64663 1.33873 0.734948 0.627671 0.381848
vn 0.0485422 -0.458411 0.887345
v -0.565499 0.359539 1.36258 0.929228 0.890444 0.801188
vn 0.015673 -0.148009 0.2865
v 1.12281 0.678141 1.35773 0.739143 0.631139 0.38953
vn 0.0485427 -0.458416 0.887353
v -0.453886 0.377082 1.35633 0.923558 0.881681 0.785043
vn 0.0118415 -0.111826 0.216462
v 1.31106 0.642882 1.3381 0.736806 0.631362 0.385565
vn 0.0485416 -0.458406 0.887334
v -0.362834 0.421439 1.36964 0.914821 0.868409 0.761914
vn 0.0089195 -0.0842318 0.163047
v 1.39841 0.657291 1.34761 0.74204 0.639043 0.395535
vn 0.0485414 -0.458404 0.88733
v -0.26641 0.427598 1.36248 0.903976 0.85244 0.7362
vn 0.00840502 -0.0793733 0.153643
v -0.186637 0.408787 1.34474 0.891871 0.835574 0.71335
vn 0.0145379 -0.13729 0.265751
v 1.48282 0.635931 1.33504 0.746676 0.645653 0.404444
vn 0.0485407 -0.458397 0.887317
v -0.0678783 0.398186 1.32767 0.856577 0.785235 0.639806
vn 0.0251719 -0.237712 0.460138
v 1.56106 0.612942 1.32106 0.751147 0.652012 0.412951
vn 0.0485405 -0.458395 0.887313
v 1.63973 0.617585 1.32368 0.755588 0.658319 0.421477
vn 0.0485399 -0.458389 0.887302
v 1.6886 0.655541 1.34636 0.757671 0.661277 0.425487
vn 0.0485395 -0.458386 0.887296
v 1.04319 0.724272 1.38918 0.745532 0.636946 0.401441
vn 0.0485424 -0.458413 0.887348
v 0.0321711 -0.660228 1.35272 0.983391 0.974777 0.956318
vn 0.0485426 -0.458415 0.887351
v -0.38859 0.264358 1.28245 0.950237 0.92311 0.860649
vn 0.0248764 -0.234922 0.454737
v -1.60809 0.221911 1.30307 0.97563 0.962953 0.937066
vn 0.0482473 -0.455626 0.881953
v 0.0464672 0.348071 1.28615 0.825255 0.740723 0.575444
vn 0.0358877 -0.338908 0.656022
v 0.167467 0.374299 1.2854 0.779997 0.675214 0.475527
vn 0.0433637 -0.409508 0.792682
v -0.28999 0.289513 1.28621 0.940885 0.909211 0.837783
vn 0.0239812 -0.226468 0.438373
v -1.55455 0.224469 1.30151 0.975035 0.96204 0.935512
vn 0.0482491 -0.455644 0.881987
v -1.4729 0.230819 1.30145 0.974277 0.960878 0.933534
vn 0.0482521 -0.455671 0.882041
v -0.215915 0.249384 1.2572 0.948299 0.921241 0.861887
vn 0.0312308 -0.29493 0.570895
v -1.61539 0.118964 1.25371 0.985933 0.978759 0.963974
vn 0.0482132 -0.455304 0.88133
v -1.40542 0.234709 1.30123 0.973874 0.960259 0.932481
vn 0.0482534 -0.455684 0.882065
v 0.267191 0.391751 1.28263 0.763163 0.650978 0.439182
vn 0.0470845 -0.444645 0.860697
v -1.31228 0.22954 1.29751 0.975041 0.962049 0.935522
vn 0.0482329 -0.45549 0.88169
v 0.201745 0.438644 1.314 0.762683 0.650067 0.436681
vn 0.0451586 -0.426458 0.825492
v -1.57384 0.147471 1.26478 0.98338 0.974843 0.957307
vn 0.0482214 -0.455382 0.88148
v -1.19717 0.211536 1.28634 0.976711 0.964606 0.939828
vn 0.0481004 -0.454239 0.879268
v 0.28585 0.484494 1.32388 0.752456 0.635492 0.415118
vn 0.0475343 -0.448893 0.868921
v -1.10522 0.219161 1.28965 0.974859 0.961736 0.934659
vn 0.0473431 -0.447088 0.865426
v -1.49433 0.164101 1.2691 0.981783 0.972393 0.953137
vn 0.0482266 -0.455431 0.881575
v 0.370457 0.413761 1.28634 0.757898 0.643403 0.427859
vn 0.0483025 -0.456148 0.882963
v -0.996466 0.229924 1.29432 0.970567 0.955047 0.92226
vn 0.0446328 -0.421493 0.815882
v 0.438546 0.365633 1.2595 0.770122 0.66129 0.456178
vn 0.0484887 -0.457906 0.886367
v -1.4043 0.1853 1.27635 0.979586 0.969022 0.947398
vn 0.0482338 -0.455498 0.881706
v -0.876139 0.245259 1.30121 0.962573 0.942543 0.898686
vn 0.0385544 -0.364091 0.70477
v 0.403349 0.494613 1.32598 0.74966 0.63149 0.409347
vn 0.0484645 -0.457677 0.885923
v -1.3159 0.142115 1.25425 0.98465 0.97679 0.960622
vn 0.0482174 -0.455344 0.881407
v 0.478938 0.430019 1.29491 0.757783 0.643185 0.42758
vn 0.0485358 -0.45835 0.887227
v -0.750746 0.210546 1.27483 0.963174 0.943282 0.898443
vn 0.0345764 -0.326524 0.632052
v 0.286028 0.532244 1.34152 0.749128 0.630816 0.40815
vn 0.0479219 -0.452553 0.876005
v -1.23459 0.164941 1.26377 0.982085 0.972855 0.953912
vn 0.0481973 -0.455155 0.881041
v -0.629244 0.256512 1.29941 0.949161 0.921443 0.857994
vn 0.0259411 -0.244976 0.474199
v -1.1452 0.149728 1.25552 0.983113 0.974422 0.956488
vn 0.047949 -0.452809 0.876501
v 0.277203 0.662961 1.26944 0.743072 0.622876 0.397136
vn 0.0484938 -0.457954 0.88646
v -0.496766 0.258928 1.29072 0.949604 0.922048 0.85849
vn 0.0245016 -0.231382 0.447886
v 0.339153 0.554557 1.34441 0.746891 0.627784 0.40389
vn 0.0483696 -0.456782 0.88419
v -0.460675 0.317326 1.32174 0.934827 0.899145 0.816756
vn 0.017054 -0.16105 0.311744
v -0.377416 0.337061 1.32254 0.930307 0.892322 0.805008
vn 0.0156613 -0.147898 0.286286
v 0.531542 0.3597 1.25506 0.781507 0.677871 0.482197
vn 0.0485425 -0.458414 0.88735
v -0.733487 0.740282 1.2425 0.866236 0.793263 0.623545
vn -0.0230395 0.217575 -0.421159
v 0.607331 0.439457 1.30775 0.762682 0.650269 0.438636
vn 0.0485422 -0.458411 0.887344
v -0.280033 0.36613 1.32862 0.917205 0.872864 0.773071
vn 0.0144867 -0.136806 0.264815
v 0.72094 0.420877 1.28481 0.770322 0.662186 0.456466
vn 0.0485398 -0.458388 0.8873
v -0.176925 0.321603 1.29388 0.912002 0.866694 0.769672
vn 0.0241568 -0.228126 0.441583
v 0.84497 0.459267 1.28507 0.759215 0.648704 0.432566
vn 0.0485346 -0.45834 0.887206
v -0.0670197 0.311909 1.27802 0.87973 0.820098 0.698994
vn 0.0303465 -0.286579 0.554729
v 0.972525 0.484328 1.27111 0.74599 0.634837 0.405367
vn 0.0485333 -0.458328 0.887183
v 0.927415 0.560994 1.3177 0.743451 0.628645 0.397652
vn 0.048541 -0.4584 0.887322
v -0.733845 0.744628 1.24292 0.863574 0.789166 0.616062
vn -0.0247569 0.233793 -0.452553
v 0.930168 0.642525 1.35685 0.743579 0.62826 0.396957
vn 0.0485425 -0.458414 0.88735
v 1.03846 0.490209 1.26394 0.738855 0.627792 0.390934
vn 0.0485344 -0.458338 0.887203
v 1.09822 0.494658 1.26214 0.739447 0.630764 0.393345
vn 0.0485288 -0.458285 0.8871
v 1.1962 0.49033 1.25672 0.743377 0.638699 0.403072
vn 0.0485163 -0.458166 0.886871
v 1.03455 0.541188 1.28954 0.737165 0.624888 0.386289
vn 0.0485396 -0.458387 0.887297
v 1.13785 0.579948 1.30322 0.734985 0.625494 0.382472
vn 0.0485388 -0.458379 0.887283
v 1.02263 0.635896 1.33956 0.740055 0.628012 0.390913
vn 0.0485424 -0.458413 0.887348
v 1.26248 0.567658 1.29565 0.736436 0.630105 0.386299
vn 0.0485337 -0.458331 0.887189
v 1.38574 0.579085 1.3025 0.741032 0.637441 0.394609
vn 0.0485359 -0.458351 0.887229
v 1.49244 0.568303 1.29576 0.74633 0.645142 0.403981
vn 0.0485397 -0.458388 0.887299
v 1.5788 0.558684 1.28965 0.752099 0.653353 0.4149
vn 0.0485397 -0.458388 0.887299
v 1.64264 0.5452 1.28145 0.755963 0.658838 0.422364
vn 0.048539 -0.458381 0.887286
v 1.68283 0.557088 1.28829 0.757845 0.661506 0.426022
vn 0.0485385 -0.458377 0.887277
v -1.45764 0.436858 1.42411 0.968908 0.952663 0.919527
vn 0.0483374 -0.456477 0.883601
v -0.736872 -0.534896 1.47029 0.999716 0.999625 0.999409
vn 0.0485403 -0.458393 0.88731
v 1.57248 0.836407 1.46151 0.759048 0.663268 0.42813
vn 0.0485398 -0.458389 0.887301
v 0.00628092 0.629419 1.449 0.826203 0.741005 0.569111
vn 0.023987 -0.226522 0.438478
v -0.580543 -0.643846 1.46092 0.999918 0.999891 0.999825
vn 0.0485428 -0.458416 0.887355
v -1.48409 0.470461 1.44605 0.971174 0.956146 0.925446
vn 0.0483575 -0.456667 0.883968
v 1.667 0.856059 1.47449 0.758781 0.662873 0.427612
vn 0.0485395 -0.458386 0.887295
v -0.7369 -0.53486 1.47029 0.999716 0.999625 0.999409
vn 0.0485403 -0.458393 0.88731
v 0.104328 0.693561 1.46919 0.793144 0.694976 0.503175
vn 0.0329055 -0.310745 0.601508
v -1.37236 0.467622 1.43619 0.969629 0.953769 0.921408
vn 0.0483494 -0.456591 0.88382
v -0.581595 -0.643555 1.46094 0.999918 0.999889 0.999823
vn 0.0485427 -0.458416 0.887354
v 1.71064 0.8777 1.48958 0.758653 0.66269 0.427364
vn 0.0485394 -0.458385 0.887294
v 0.694275 0.521074 1.45281 0.734171 0.606591 0.371869
vn 0.048543 -0.458419 0.887359
v -1.6322 0.541825 1.47625 0.979817 0.969407 0.94799
vn 0.0484138 -0.457199 0.884997
v -0.57769 -0.643334 1.4609 0.999915 0.999887 0.999819
vn 0.0485427 -0.458416 0.887354
v 0.672678 0.54128 1.45127 0.733988 0.606329 0.371523
vn 0.048543 -0.458419 0.88736
v -0.574733 -0.643863 1.46086 0.999917 0.999888 0.999822
vn 0.0485428 -0.458416 0.887355
v -0.736856 -0.53486 1.47029 0.999716 0.999625 0.999409
vn 0.0485403 -0.458393 0.88731
v 0.704935 0.524759 1.45238 0.733923 0.606213 0.371281
vn 0.048543 -0.458419 0.887359
v -0.569874 -0.643725 1.4608 0.999914 0.999886 0.999817
vn 0.0485427 -0.458416 0.887354
v -0.736872 -0.534847 1.47029 0.999716 0.999625 0.999409
vn 0.0485403 -0.458393 0.88731
v 0.658796 0.582769 1.45575 0.735002 0.608131 0.374262
vn 0.048543 -0.458418 0.887359
v -1.5825 0.510386 1.46156 0.975755 0.963171 0.937388
vn 0.0483879 -0.456954 0.884524
v -0.572045 -0.643487 1.46082 0.999914 0.999885 0.999817
vn 0.0485427 -0.458416 0.887354
v 0.697663 0.608404 1.46002 0.734585 0.607613 0.373297
vn 0.048543 -0.458419 0.887359
v -1.49537 0.510212 1.46443 0.974584 0.961376 0.934339
vn 0.0483846 -0.456923 0.884464
v 0.723001 0.557358 1.44816 0.733397 0.605572 0.37013
vn 0.048543 -0.458419 0.88736
v -1.27624 0.51148 1.45381 0.96845 0.951957 0.91831
vn 0.0483128 -0.456245 0.883151
v -1.17881 0.551988 1.47143 0.963754 0.944738 0.90594
vn 0.0480947 -0.454185 0.879164
v 0.206078 0.723167 1.46728 0.759602 0.648277 0.436317
vn 0.0420199 -0.396817 0.768118
v -1.07102 0.529863 1.46078 0.958677 0.936854 0.891944
vn 0.0467705 -0.44168 0.854957
v 0.272716 0.733516 1.46235 0.745048 0.627987 0.40724
vn 0.0459903 -0.434312 0.840697
v -0.943758 0.509121 1.45684 0.95432 0.929931 0.878495
vn 0.04296 -0.405695 0.785302
v 0.355529 0.751006 1.46669 0.740667 0.621711 0.398124
vn 0.0475338 -0.448889 0.868911
v -0.843106 0.517372 1.47046 0.950282 0.923419 0.865237
vn 0.0381145 -0.359936 0.696727
v 0.482836 0.739855 1.45912 0.740635 0.620568 0.395269
vn 0.0484338 -0.457388 0.885364
v -0.734765 0.436171 1.43362 0.937283 0.902998 0.825682
vn 0.0253552 -0.239443 0.46349
v 0.609341 0.727314 1.45955 0.742965 0.622564 0.396739
vn 0.0485407 -0.458397 0.887318
v -0.793614 0.474954 1.45373 0.945689 0.91615 0.850814
vn 0.0328363 -0.310092 0.600243
v 0.691007 0.747473 1.46583 0.745002 0.625172 0.399768
vn 0.0485424 -0.458413 0.887348
v -0.654908 0.412847 1.41252 0.928549 0.889373 0.799808
vn 0.0177766 -0.167874 0.324953
v 0.756725 0.749018 1.46083 0.746199 0.62734 0.401522
vn 0.0485422 -0.458411 0.887345
v -0.585819 0.468829 1.43454 0.928284 0.888858 0.798447
vn 0.0170732 -0.161232 0.312096
v 0.875013 0.770193 1.45143 0.749818 0.635737 0.408791
vn 0.0485415 -0.458404 0.887331
v -0.528895 0.533172 1.45905 0.926925 0.886694 0.794292
vn 0.0161712 -0.152714 0.295608
v 0.961804 0.811141 1.46501 0.754779 0.646492 0.418875
vn 0.0485412 -0.458402 0.887326
v -0.440361 0.582728 1.46776 0.919573 0.875378 0.773633
vn 0.0115165 -0.108757 0.210521
v -0.350882 0.62946 1.47915 0.912321 0.864322 0.75395
vn 0.00783097 -0.0739522 0.143149
v 1.0426 0.815161 1.4615 0.756729 0.653013 0.423013
vn 0.0485415 -0.458405 0.887332
v -0.279799 0.618023 1.46655 0.903112 0.85063 0.731124
vn 0.00581142 -0.0548805 0.106232
v 1.15732 0.822045 1.46454 0.760046 0.661813 0.429765
vn 0.048542 -0.45841 0.887341
v -0.209929 0.597263 1.4509 0.890282 0.831996 0.702155
vn 0.00664622 -0.062764 0.121492
v 1.26798 0.832011 1.46885 0.762142 0.666897 0.433978
vn 0.0485418 -0.458407 0.887336
v -0.115035 0.614066 1.45305 0.866784 0.798505 0.652807
vn 0.0125454 -0.118473 0.229328
v 1.37734 0.848646 1.47606 0.762846 0.668596 0.435381
vn 0.048541 -0.4584 0.887322
v 1.47034 0.860392 1.47984 0.761794 0.667219 0.433384
vn 0.0485403 -0.458393 0.88731
v 0.0321711 -0.660228 1.35277 0.983391 0.974777 0.956318
vn 0.0485426 -0.458415 0.887351
v -0.576737 -0.643661 1.46087 0.999916 0.999888 0.999821
vn 0.0485427 -0.458416 0.887355
v 0.00519106 0.492022 1.37362 0.820189 0.732297 0.557331
vn 0.0282779 -0.267044 0.516917
v -1.62972 0.389826 1.39411 0.966363 0.948747 0.912871
vn 0.0483094 -0.456213 0.88309
v 1.57271 0.67488 1.35811 0.753114 0.654808 0.416721
vn 0.0485403 -0.458393 0.88731
v -0.570927 -0.64382 1.46079 0.999915 0.999887 0.999819
vn 0.0485428 -0.458417 0.887355
v 0.0208779 0.563135 1.41236 0.815255 0.725161 0.545861
vn 0.0277871 -0.26241 0.507945
v 1.65468 0.704109 1.37588 0.756898 0.660181 0.424
vn 0.0485397 -0.458388 0.887299
v 0.123813 0.579213 1.40098 0.782149 0.678425 0.478201
vn 0.0373853 -0.353051 0.683399
v 1.57627 0.7527 1.40662 0.755909 0.658785 0.422098
vn 0.04854 -0.458391 0.887305
v -1.60551 0.357994 1.37627 0.965857 0.947966 0.911548
vn 0.048296 -0.456086 0.882843
v -0.736872 -0.53486 1.47026 0.999716 0.999625 0.999409
vn 0.0485403 -0.458393 0.88731
v 0.1747 0.663908 1.43844 0.766504 0.65714 0.448122
vn 0.0407431 -0.38476 0.744779
v -1.51921 0.365232 1.38032 0.967149 0.949951 0.914923
vn 0.048303 -0.456152 0.882972
v 1.65974 0.782035 1.42511 0.757991 0.661735 0.426104
vn 0.0485396 -0.458386 0.887296
v 0.266305 0.658162 1.41361 0.750229 0.633973 0.41439
vn 0.0456803 -0.431384 0.835029
v -1.6253 0.464718 1.43568 0.971219 0.956211 0.925556
vn 0.0483542 -0.456636 0.883907
v 1.69641 0.73745 1.39666 0.758102 0.66189 0.426318
vn 0.0485395 -0.458386 0.887295
v 0.552615 0.578508 1.39828 0.744039 0.623054 0.396806
vn 0.0485426 -0.458415 0.887352
v -1.59401 0.422562 1.41345 0.967994 0.951256 0.917134
vn 0.0483282 -0.45639 0.883433
v 0.399015 0.668577 1.41726 0.742656 0.62299 0.398221
vn 0.0481244 -0.454466 0.879708
v -1.52847 0.451723 1.43294 0.970154 0.954576 0.922777
vn 0.0483468 -0.456566 0.883773
v 0.515191 0.656275 1.42312 0.742721 0.622165 0.39624
vn 0.0485151 -0.458155 0.886848
v 1.70225 0.81096 1.44402 0.75841 0.662327 0.426911
vn 0.0485394 -0.458385 0.887294
v -1.37898 0.380921 1.38554 0.966919 0.949599 0.914323
vn 0.0483081 -0.456201 0.883065
v 0.691921 0.522781 1.42781 0.737635 0.612187 0.380162
vn 0.0485428 -0.458417 0.887356
v -1.26856 0.35925 1.3684 0.965898 0.948025 0.911616
vn 0.0482094 -0.455268 0.881261
v 0.622672 0.569946 1.4275 0.739975 0.616159 0.386285
vn 0.0485427 -0.458416 0.887354
v -1.27355 0.429217 1.4088 0.966205 0.948503 0.912419
vn 0.048229 -0.455453 0.881619
v 0.620165 0.631656 1.43994 0.740649 0.617747 0.388883
vn 0.0485427 -0.458416 0.887354
v 0.695497 0.689593 1.4526 0.742473 0.620806 0.393015
vn 0.0485426 -0.458415 0.887353
v -1.15655 0.379026 1.37749 0.964164 0.945334 0.90676
vn 0.0474915 -0.448489 0.868138
v 0.78591 0.575174 1.38779 0.742442 0.62111 0.392189
vn 0.0485425 -0.458414 0.88735
v -1.04214 0.360072 1.36689 0.96086 0.940178 0.897154
vn 0.0452824 -0.427627 0.827756
v -1.16946 0.473357 1.43005 0.963909 0.944955 0.906191
vn 0.0477754 -0.45117 0.873328
v 0.786243 0.65732 1.4276 0.74251 0.621503 0.392289
vn 0.0485426 -0.458415 0.887351
v -1.04073 0.437715 1.41193 0.959105 0.937461 0.892458
vn 0.0453075 -0.427864 0.828215
v -0.951204 0.376602 1.38015 0.955009 0.931011 0.879853
vn 0.040937 -0.386591 0.748322
v 0.987615 0.771165 1.42855 0.750829 0.641914 0.411363
vn 0.0485419 -0.458408 0.887339
v -0.830825 0.397409 1.40113 0.945495 0.916013 0.85094
vn 0.0325571 -0.307455 0.595139
v -0.930047 0.436351 1.41769 0.953427 0.928523 0.875375
vn 0.0406834 -0.384196 0.743686
v -0.870138 0.465621 1.44086 0.950916 0.924483 0.867313
vn 0.0381975 -0.360721 0.698245
v 1.19329 0.709541 1.37712 0.740655 0.635483 0.392584
vn 0.0485428 -0.458417 0.887356
v 1.26138 0.694767 1.36875 0.73909 0.634366 0.38969
vn 0.0485428 -0.458417 0.887355
v -0.716113 0.372583 1.38798 0.931891 0.894705 0.810234
vn 0.0206745 -0.195241 0.377928
v 1.34163 0.709148 1.37939 0.743949 0.64163 0.399075
vn 0.0485421 -0.45841 0.887343
v -0.650161 0.36661 1.38036 0.925147 0.884166 0.790212
vn 0.0149557 -0.141235 0.273388
v 1.4632 0.716377 1.38426 0.750097 0.650517 0.410918
vn 0.048541 -0.4584 0.887323
v -0.476815 0.462733 1.41022 0.920632 0.877068 0.776701
vn 0.0114657 -0.108277 0.209591
v 1.04795 0.77174 1.42185 0.750665 0.644668 0.411369
vn 0.048542 -0.458409 0.88734
v -0.370504 0.511673 1.4206 0.910931 0.862263 0.750424
vn 0.00702759 -0.0663654 0.128463
v 1.12143 0.757703 1.41154 0.74867 0.644601 0.407793
vn 0.0485423 -0.458412 0.887346
v -0.349809 0.577789 1.45259 0.910079 0.860915 0.747921
vn 0.00669549 -0.0632293 0.122393
v 1.2443 0.759622 1.41349 0.749368 0.64842 0.4094
vn 0.0485422 -0.458411 0.887345
v -0.281362 0.484178 1.39591 0.900806 0.847364 0.72633
vn 0.00601139 -0.0567689 0.109887
v 1.36368 0.778619 1.42619 0.75419 0.65617 0.418765
vn 0.0485414 -0.458404 0.88733
v -0.207011 0.465515 1.37911 0.889664 0.831445 0.702878
vn 0.00885355 -0.083609 0.161842
v 1.47512 0.799415 1.43823 0.757314 0.660791 0.424797
vn 0.0485405 -0.458395 0.887313
v -0.115497 0.475502 1.37732 0.863935 0.794743 0.649174
vn 0.0163614 -0.15451 0.299084
v -0.281957 0.55317 1.4332 0.90045 0.846695 0.724691
vn 0.0054009 -0.0510037 0.0987277
v -0.181557 0.534551 1.41566 0.880853 0.818537 0.682422
vn 0.00920864 -0.0869624 0.168333
v -0.0610178 0.55181 1.41557 0.844834 0.7672 0.607184
vn 0.0192731 -0.182007 0.35231
v -0.219825 0.823473 1.56927 0.899597 0.84561 0.72304
vn 0.00525722 -0.0496469 0.0961013
v 1.39764 0.995055 1.58014 0.77379 0.685226 0.455513
vn 0.0485404 -0.458394 0.887312
v 0.0483915 0.456956 1.56375 0.864199 0.791389 0.633433
vn 0.0405487 -0.382925 0.741225
v -0.122892 0.843808 1.57717 0.881504 0.820044 0.684974
vn 0.00836964 -0.0790392 0.152996
v -1.64031 0.708689 1.56093 0.996031 0.994161 0.990069
vn 0.0485106 -0.458113 0.886767
v 1.49973 0.957927 1.54829 0.765895 0.673473 0.440862
vn 0.04854 -0.458391 0.887305
v 0.0484026 0.456958 1.56375 0.864185 0.791368 0.633399
vn 0.0405641 -0.38307 0.741506
v -0.0118619 0.85185 1.5768 0.847603 0.772606 0.61633
vn 0.01708 -0.161296 0.312219
v 1.59728 0.982418 1.56631 0.763518 0.67013 0.436231
vn 0.0485397 -0.458388 0.887299
v 0.0483915 0.456967 1.56375 0.8642 0.79139 0.633435
vn 0.0405487 -0.382925 0.741225
v 1.67694 1.00781 1.58963 0.762502 0.668716 0.434236
vn 0.0485397 -0.458388 0.887299
v -1.60608 0.730764 1.57172 0.996109 0.994248 0.990218
vn 0.04851 -0.458107 0.886756
v 0.701454 0.548806 1.48091 0.726263 0.593917 0.353019
vn 0.0485434 -0.458423 0.887366
v 0.690204 0.566824 1.48038 0.727459 0.595873 0.355953
vn 0.0485433 -0.458422 0.887365
v 1.71521 0.977522 1.56621 0.760815 0.666095 0.431203
vn 0.0485396 -0.458387 0.887297
v -1.53052 0.744041 1.57668 0.992965 0.989413 0.982005
vn 0.0485074 -0.458082 0.886708
v 0.706395 0.569081 1.48548 0.725339 0.592473 0.350867
vn 0.0485435 -0.458423 0.887367
v -1.43648 0.767458 1.58594 0.985447 0.977879 0.962407
vn 0.0484913 -0.45793 0.886414
v 0.710595 0.55689 1.49 0.723279 0.589132 0.345898
vn 0.0485436 -0.458424 0.887369
v -1.34727 0.726865 1.56323 0.974327 0.960892 0.933546
vn 0.048467 -0.457701 0.88597
v 0.0983209 0.859216 1.57065 0.803332 0.710897 0.527862
vn 0.0293908 -0.277553 0.537259
v 0.22049 0.879304 1.56422 0.761659 0.652966 0.445016
vn 0.0411728 -0.388818 0.752633
v -1.22717 0.727277 1.56217 0.95616 0.933061 0.886167
vn 0.0482132 -0.455304 0.88133
v 0.309574 0.912946 1.57143 0.744167 0.628725 0.410495
vn 0.0463388 -0.437603 0.847067
v -1.09918 0.75243 1.57742 0.933074 0.89763 0.825443
vn 0.0469079 -0.442977 0.857469
v 0.382826 0.945989 1.58367 0.741333 0.624502 0.403578
vn 0.0477757 -0.451173 0.873333
v -0.996018 0.764762 1.58744 0.91893 0.87582 0.787122
vn 0.043755 -0.413203 0.799835
v 0.488292 0.962346 1.58423 0.742461 0.62534 0.402869
vn 0.0484172 -0.457231 0.885059
v -0.878589 0.747822 1.57907 0.920124 0.877295 0.786673
vn 0.0365463 -0.345127 0.66806
v 0.612486 0.977822 1.5877 0.74733 0.631575 0.408561
vn 0.0485084 -0.458092 0.886727
v 0.0483635 0.456958 1.56375 0.8642 0.79139 0.633435
vn 0.0405487 -0.382925 0.741225
v 0.709699 0.966037 1.57997 0.750967 0.636442 0.413284
vn 0.0485154 -0.458158 0.886854
v -0.77941 0.748651 1.57601 0.921626 0.879203 0.786645
vn 0.0285213 -0.269343 0.521365
v -0.704269 0.758495 1.57618 0.921802 0.879202 0.78421
vn 0.0223336 -0.210909 0.408255
v 0.808913 0.942955 1.57026 0.75621 0.645474 0.422276
vn 0.0485214 -0.458214 0.886964
v -0.578691 0.804988 1.58656 0.917517 0.872331 0.769206
vn 0.0132591 -0.125213 0.242375
v 0.942459 0.955533 1.59962 0.768996 0.668473 0.446436
vn 0.048528 -0.458277 0.887085
v -0.472751 0.855444 1.59923 0.9119 0.863572 0.752206
vn 0.00705235 -0.0665993 0.128916
v -0.396477 0.8424 1.58733 0.910464 0.861361 0.748049
vn 0.00576477 -0.0544399 0.105379
v 1.03153 0.917802 1.56824 0.772381 0.676126 0.453093
vn 0.0485391 -0.458382 0.887288
v 1.14867 0.936758 1.57582 0.778831 0.689562 0.465458
vn 0.0485415 -0.458405 0.887332
v -0.306165 0.834867 1.57915 0.906828 0.856033 0.739284
vn 0.00510076 -0.0481693 0.0932411
v 1.28891 0.968661 1.57576 0.778237 0.691046 0.464114
vn 0.0485411 -0.4584 0.887324
v -0.187673 0.663356 1.4835 0.88884 0.830113 0.699946
vn 0.00776031 -0.073285 0.141857
v 1.5949 0.909322 1.51193 0.760685 0.665695 0.431181
vn 0.0485397 -0.458387 0.887299
v -0.736872 -0.53486 1.47031 0.999716 0.999625 0.999409
vn 0.0485403 -0.458393 0.88731
v -0.579425 -0.643587 1.46093 0.999917 0.999889 0.999822
vn 0.0485427 -0.458416 0.887354
v -0.0661885 0.703205 1.49562 0.858721 0.787415 0.637141
vn 0.014767 -0.139453 0.269939
v 1.68122 0.931279 1.52893 0.759681 0.664268 0.429233
vn 0.0485395 -0.458386 0.887295
v -1.44222 0.488091 1.4531 0.972039 0.957472 0.927702
vn 0.0483674 -0.456761 0.884149
v 0.0483915 0.456958 1.56375 0.8642 0.79139 0.633435
vn 0.0405487 -0.382925 0.741225
v -0.175166 0.753994 1.53004 0.890598 0.832807 0.704275
vn 0.00754642 -0.0712651 0.137947
v 1.72101 0.925142 1.52424 0.759025 0.663275 0.428022
vn 0.0485395 -0.458385 0.887294
v -0.573779 -0.643489 1.46087 0.999915 0.999886 0.999818
vn 0.0485427 -0.458416 0.887354
v -0.0651987 0.7858 1.54079 0.865637 0.797539 0.65219
vn 0.0125043 -0.118085 0.228576
v -1.64718 0.595595 1.50337 0.986593 0.979793 0.965647
vn 0.0484585 -0.457621 0.885815
v 0.0223968 0.699285 1.48496 0.826975 0.742553 0.571861
vn 0.0233324 -0.220341 0.426513
v 0.0358228 0.769373 1.52241 0.826585 0.742632 0.572725
vn 0.0230819 -0.217975 0.421933
v -1.61324 0.602628 1.50717 0.986486 0.979613 0.965342
vn 0.04846 -0.457635 0.885841
v 0.701083 0.531504 1.46293 0.731556 0.60241 0.365639
vn 0.0485431 -0.45842 0.887362
v 1.40277 0.918503 1.52572 0.767974 0.676192 0.445026
vn 0.0485407 -0.458397 0.887317
v -1.51963 0.587165 1.49986 0.982001 0.972731 0.953645
vn 0.0484403 -0.457449 0.885482
v 1.51084 0.896742 1.50398 0.762458 0.66822 0.434608
vn 0.04854 -0.458391 0.887305
v -1.64604 0.645193 1.52845 0.991716 0.987613 0.978941
vn 0.0484923 -0.45794 0.886432
v 0.155459 0.787846 1.51632 0.779802 0.677387 0.479189
vn 0.0360241 -0.340196 0.658516
v -1.6252 0.672241 1.54195 0.993509 0.990333 0.983566
vn 0.0485056 -0.458065 0.886675
v 0.266033 0.795947 1.5033 0.748818 0.634168 0.417283
vn 0.0446039 -0.42122 0.815353
v -1.56264 0.668979 1.53966 0.990654 0.985948 0.976115
vn 0.0484961 -0.457976 0.886502
v 0.304089 0.860586 1.53805 0.742997 0.626774 0.407674
vn 0.0462604 -0.436862 0.845633
v -1.39071 0.559695 1.48394 0.974621 0.961422 0.934424
vn 0.0484053 -0.457118 0.884842
v 0.350791 0.824643 1.51062 0.73891 0.62044 0.397833
vn 0.0475268 -0.448822 0.868783
v -1.25678 0.586922 1.49134 0.967912 0.951134 0.916933
vn 0.0483692 -0.456777 0.884182
v 0.451174 0.826865 1.50652 0.738854 0.619465 0.395282
vn 0.048364 -0.456729 0.884087
v -1.44267 0.673252 1.53946 0.983255 0.9746 0.956836
vn 0.0484821 -0.457844 0.886246
v 0.375675 0.880074 1.54257 0.738619 0.620403 0.398215
vn 0.0479128 -0.452468 0.875839
v -1.30872 0.653838 1.52635 0.970513 0.955097 0.923687
vn 0.0484269 -0.457323 0.885237
v 0.453975 0.900641 1.54942 0.739427 0.620933 0.397954
vn 0.048414 -0.4572 0.885
v -1.18468 0.598954 1.49506 0.962705 0.94314 0.903288
vn 0.0482354 -0.455514 0.881737
v -1.10487 0.612967 1.50272 0.95456 0.930588 0.881575
vn 0.0473923 -0.447552 0.866324
v 0.562233 0.799396 1.48946 0.741777 0.622207 0.397456
vn 0.0485345 -0.458339 0.887204
v -1.19887 0.644379 1.51871 0.960223 0.939326 0.89681
vn 0.0482344 -0.455505 0.881719
v 0.687334 0.810649 1.49231 0.745976 0.627578 0.403146
vn 0.0485406 -0.458397 0.887316
v -1.12362 0.684633 1.53957 0.94704 0.91907 0.862102
vn 0.0475444 -0.448988 0.869105
v 0.566939 0.884288 1.53533 0.742817 0.624494 0.400852
vn 0.0485272 -0.45827 0.887071
v -0.979557 0.59642 1.49835 0.949548 0.922706 0.866922
vn 0.0446719 -0.421862 0.816596
v 0.699625 0.907024 1.54504 0.748623 0.632464 0.408975
vn 0.0485304 -0.4583 0.887129
v -0.863237 0.585077 1.49933 0.94702 0.918497 0.857461
vn 0.0395187 -0.373197 0.722396
v 0.784105 0.799246 1.47796 0.748572 0.631635 0.406844
vn 0.0485413 -0.458403 0.887328
v 0.801996 0.852703 1.50905 0.751451 0.637091 0.412828
vn 0.0485372 -0.458364 0.887253
v -1.00738 0.687219 1.5438 0.936425 0.902639 0.832942
vn 0.0446358 -0.421521 0.815937
v 0.943524 0.869957 1.51861 0.760152 0.654356 0.429378
vn 0.0485377 -0.458368 0.887261
v -0.898138 0.657769 1.53187 0.938342 0.905309 0.835625
vn 0.0405289 -0.382737 0.740863
v 1.08408 0.874955 1.51804 0.767769 0.670819 0.444372
vn 0.0485414 -0.458404 0.88733
v 1.18627 0.874596 1.51088 0.769785 0.676735 0.448497
vn 0.0485421 -0.45841 0.887342
v -0.736596 0.486592 1.46504 0.941509 0.909491 0.837664
vn 0.0286383 -0.270447 0.523504
v -0.676226 0.486649 1.45884 0.935673 0.900359 0.820246
vn 0.0235746 -0.222629 0.430941
v 1.27772 0.897478 1.52233 0.771213 0.680159 0.451248
vn 0.0485416 -0.458406 0.887334
v -0.742897 0.557601 1.49215 0.941992 0.910328 0.839979
vn 0.0309481 -0.29226 0.565727
v -0.603018 0.569317 1.48723 0.932931 0.896035 0.81197
vn 0.0213946 -0.202041 0.391089
v -0.784111 0.675275 1.54177 0.933239 0.897066 0.818201
vn 0.0322303 -0.304369 0.589165
v -0.651814 0.674143 1.53573 0.930832 0.892948 0.807554
vn 0.0231659 -0.218768 0.423469
v -0.522944 0.590588 1.48619 0.928264 0.888745 0.798074
vn 0.0172697 -0.163087 0.315687
v -0.507521 0.682237 1.5244 0.923927 0.882097 0.786152
vn 0.0150416 -0.142047 0.274959
v -0.381119 0.684616 1.51031 0.915837 0.869678 0.763483
vn 0.00966573 -0.091279 0.176688
v -0.280126 0.685936 1.5015 0.905576 0.854387 0.737729
vn 0.00689088 -0.0650745 0.125964
v -0.47207 0.789823 1.56852 0.916432 0.870533 0.76486
vn 0.0098608 -0.0931211 0.180254
v -0.394692 0.766199 1.55105 0.91492 0.86823 0.760663
vn 0.00877434 -0.082861 0.160394
v -0.293526 0.759811 1.54009 0.907912 0.857784 0.742984
vn 0.00667414 -0.0630276 0.122002
v 0.0881516 0.990399 1.66088 0.796807 0.702813 0.515259
vn 0.0325536 -0.307422 0.595076
v 1.6467 1.09841 1.65894 0.772819 0.684982 0.45254
vn 0.0485404 -0.458394 0.887312
v -1.62744 0.945103 1.69009 0.991042 0.9863 0.975818
vn 0.0460665 -0.435032 0.842089
v -0.399746 1.06419 1.69934 0.910476 0.861771 0.750089
vn 0.00813331 -0.0768074 0.148676
v 0.164417 0.999813 1.65686 0.768838 0.6639 0.459424
vn 0.0403254 -0.380816 0.737143
v 1.5652 1.12679 1.66842 0.782165 0.699563 0.469251
vn 0.0485405 -0.458395 0.887313
v 0.198447 1.04728 1.67715 0.760208 0.652335 0.441259
vn 0.0437201 -0.412874 0.799198
v -0.292273 1.04498 1.68812 0.904189 0.852613 0.734661
vn 0.00695044 -0.0656369 0.127053
v 1.70249 1.10648 1.6697 0.773398 0.685941 0.453529
vn 0.0485407 -0.458397 0.887317
v -1.5852 0.938747 1.68451 0.990407 0.985333 0.974242
vn 0.0462496 -0.436761 0.845437
v 0.265222 1.0885 1.68565 0.753211 0.642908 0.42602
vn 0.0463288 -0.437509 0.846883
v -0.206452 1.04544 1.68927 0.895972 0.841063 0.7168
vn 0.00805704 -0.0760872 0.147282
v -1.49352 0.954687 1.6891 0.983657 0.974994 0.956561
vn 0.0459192 -0.433641 0.839396
v 0.342217 1.0738 1.66483 0.747131 0.634022 0.413754
vn 0.0476471 -0.449959 0.870983
v 1.74241 1.11443 1.67852 0.774998 0.688474 0.456363
vn 0.0485409 -0.458399 0.887321
v -0.00575145 0.995094 1.66706 0.836478 0.758068 0.594774
vn 0.022033 -0.20807 0.40276
v 0.44373 1.12515 1.68018 0.750138 0.638662 0.416318
vn 0.0483294 -0.456402 0.883454
v -1.38677 0.960157 1.68798 0.969831 0.953834 0.920532
vn 0.0456788 -0.431371 0.835003
v -0.126049 1.02044 1.67814 0.876672 0.814188 0.676852
vn 0.0125796 -0.118796 0.229953
v -1.26524 0.97443 1.69399 0.946227 0.917696 0.858792
vn 0.0447049 -0.422174 0.8172
v 0.946851 1.09582 1.67721 0.777581 0.683457 0.461465
vn 0.0484929 -0.457946 0.886443
v 0.557452 1.15993 1.69046 0.755656 0.647049 0.423863
vn 0.0484115 -0.457177 0.884956
v 0.888379 1.14732 1.68946 0.772269 0.674161 0.451243
vn 0.0484558 -0.457596 0.885766
v -0.957069 0.866795 1.65242 0.900335 0.847267 0.737617
vn 0.0408061 -0.385355 0.74593
v 0.640265 1.16287 1.68929 0.758993 0.652061 0.428597
vn 0.048399 -0.457059 0.884728
v -1.02541 0.903388 1.66992 0.902922 0.851365 0.745811
vn 0.0439512 -0.415055 0.803421
v 0.703528 1.19874 1.70731 0.763118 0.658961 0.435328
vn 0.0483829 -0.456907 0.884433
v -0.889696 0.892664 1.66843 0.897955 0.84342 0.728966
vn 0.0351847 -0.332269 0.643172
v 1.0429 0.969945 1.64768 0.784994 0.697136 0.477342
vn 0.0485399 -0.45839 0.887303
v 0.805717 1.17263 1.69618 0.767258 0.665677 0.4423
vn 0.0484188 -0.457246 0.885088
v 0.99932 0.98144 1.64414 0.779735 0.68743 0.467056
vn 0.0485324 -0.458318 0.887165
v -1.15706 0.956754 1.68854 0.923156 0.882398 0.798994
vn 0.0451384 -0.426267 0.825123
v 1.09009 0.986837 1.64331 0.787853 0.703009 0.482358
vn 0.0485404 -0.458394 0.887312
v -1.059 0.974392 1.70281 0.910826 0.863446 0.765787
vn 0.0424179 -0.400576 0.775393
v 0.996302 1.1493 1.69659 0.786803 0.700124 0.477829
vn 0.0484915 -0.457933 0.886418
v 1.00192 1.02874 1.66689 0.78291 0.693013 0.472453
vn 0.0485243 -0.458243 0.887018
v 1.07147 1.19912 1.7118 0.797389 0.719292 0.49658
vn 0.0484986 -0.458 0.886548
v 1.10726 1.04492 1.6654 0.79319 0.712366 0.491332
vn 0.0485354 -0.458347 0.88722
v 1.04548 1.08394 1.68078 0.790257 0.706422 0.485164
vn 0.0485204 -0.458206 0.886947
v -0.810732 0.901186 1.66326 0.902515 0.850065 0.736953
vn 0.0265914 -0.251118 0.486087
v 1.18377 1.20572 1.71083 0.806591 0.73603 0.513023
vn 0.0485226 -0.458226 0.886986
v -0.726914 0.956262 1.67805 0.906572 0.855968 0.74364
vn 0.0176408 -0.166592 0.322471
v 1.27641 1.18144 1.69717 0.804965 0.734262 0.510288
vn 0.0485338 -0.458332 0.887191
v -0.657773 0.996757 1.68739 0.909746 0.860667 0.749804
vn 0.0127487 -0.120393 0.233044
v 1.38024 1.15454 1.6794 0.797039 0.722365 0.496105
vn 0.0485385 -0.458376 0.887276
v -0.569562 1.02888 1.69282 0.91256 0.864921 0.756357
vn 0.0109488 -0.103396 0.200143
v 1.48609 1.19089 1.70015 0.79758 0.72375 0.49664
vn 0.0485401 -0.458391 0.887305
v -0.478435 1.07404 1.70757 0.913498 0.866369 0.758566
vn 0.0101262 -0.0956275 0.185106
v 1.75064 1.14801 1.70056 0.781577 0.698851 0.468039
vn 0.0485415 -0.458405 0.887332
v -0.210719 0.913944 1.6188 0.894339 0.838201 0.711445
vn 0.00554175 -0.0523339 0.101302
v -1.62791 0.779266 1.59825 0.997709 0.996648 0.994257
vn 0.048409 -0.457153 0.884909
v -0.0710557 0.925012 1.62451 0.863688 0.795448 0.649217
vn 0.0133016 -0.125615 0.243152
v 1.39596 1.04071 1.61021 0.777869 0.691786 0.462639
vn 0.0485401 -0.458391 0.887305
v 0.0483915 0.456958 1.56378 0.8642 0.79139 0.633435
vn 0.0405487 -0.382925 0.741225
v 0.0405821 0.925601 1.62146 0.822762 0.738437 0.567191
vn 0.0243429 -0.229883 0.444984
v 1.48877 1.04479 1.61058 0.773917 0.686136 0.455056
vn 0.04854 -0.45839 0.887303
v -1.59001 0.801483 1.60891 0.997071 0.995644 0.992545
vn 0.0483935 -0.457007 0.884627
v -0.401456 0.912047 1.62243 0.907222 0.856411 0.739155
vn 0.00395665 -0.0373649 0.072327
v 1.61212 1.05156 1.6205 0.768117 0.677465 0.444296
vn 0.0485399 -0.45839 0.887303
v 0.703584 0.559109 1.49722 0.721848 0.586816 0.34248
vn 0.0485436 -0.458425 0.887371
v -0.323853 0.893882 1.6099 0.90489 0.853014 0.733584
vn 0.00353954 -0.0334259 0.0647023
v -1.52011 0.815882 1.614 0.993746 0.990537 0.983872
vn 0.0483941 -0.457012 0.884637
v 1.38635 1.08357 1.63823 0.785099 0.703294 0.475283
vn 0.0485394 -0.458385 0.887294
v -0.397089 0.988416 1.66123 0.906849 0.855972 0.738785
vn 0.00452511 -0.0427332 0.0827184
v -1.61724 0.867027 1.64631 0.996188 0.994238 0.989916
vn 0.0477383 -0.45082 0.87265
v 1.46003 1.12054 1.65929 0.786551 0.706143 0.477322
vn 0.0485397 -0.458388 0.887299
v -0.307255 0.959951 1.64404 0.903128 0.850481 0.729475
vn 0.0034405 -0.0324906 0.0628919
v 0.145545 0.939903 1.61882 0.781756 0.681424 0.485503
vn 0.035923 -0.339241 0.656668
v -0.225773 0.998638 1.66447 0.897282 0.842467 0.71782
vn 0.00546061 -0.0515676 0.0998192
v 1.67876 1.06154 1.63411 0.766507 0.675053 0.441321
vn 0.04854 -0.458391 0.887305
v -1.57656 0.862275 1.64175 0.995889 0.993778 0.989229
vn 0.0479913 -0.453209 0.877275
v 1.72276 1.05942 1.63455 0.767038 0.675914 0.442241
vn 0.0485402 -0.458392 0.887308
v 0.268786 0.990501 1.6288 0.752285 0.640605 0.426054
vn 0.0449246 -0.424248 0.821215
v -1.51331 0.882529 1.65032 0.991127 0.986477 0.976741
vn 0.0477556 -0.450983 0.872966
v 0.404312 1.0237 1.62797 0.74456 0.629542 0.408496
vn 0.0479447 -0.452769 0.876423
v 1.75411 1.1054 1.67256 0.773552 0.686195 0.453798
vn 0.0485408 -0.458398 0.887319
v -1.44572 0.832689 1.62046 0.986429 0.979324 0.9648
vn 0.0483211 -0.456323 0.883303
v 0.511935 1.0396 1.6269 0.746576 0.63191 0.409412
vn 0.0484431 -0.457475 0.885533
v 0.542423 1.09648 1.65662 0.750923 0.63901 0.416159
vn 0.0484525 -0.457564 0.885704
v 0.59817 1.05049 1.62918 0.750248 0.636983 0.414067
vn 0.0484782 -0.457807 0.886175
v 0.625085 1.10525 1.65891 0.754847 0.644797 0.421618
vn 0.0484405 -0.457451 0.885485
v 0.717699 1.03342 1.62112 0.755091 0.644076 0.421035
vn 0.0484834 -0.457856 0.88627
v 0.719416 1.12699 1.67125 0.760175 0.653385 0.430038
vn 0.0484254 -0.457309 0.88521
v 0.835299 1.08702 1.65967 0.765424 0.661917 0.439159
vn 0.0484679 -0.457709 0.885986
v 0.84572 1.00847 1.6194 0.76243 0.656327 0.433841
vn 0.048503 -0.458041 0.886628
v 0.928024 1.02414 1.64619 0.772087 0.673526 0.451944
vn 0.0485097 -0.458105 0.886751
v 1.065 1.13811 1.69288 0.795122 0.715181 0.493136
vn 0.0485134 -0.458139 0.886818
v 1.15252 1.12164 1.68173 0.798507 0.722086 0.499566
vn 0.0485277 -0.458274 0.887079
v -1.33714 0.807679 1.60513 0.969688 0.953725 0.921303
vn 0.0482791 -0.455926 0.882535
v 1.04233 0.953547 1.6173 0.780111 0.688973 0.467954
vn 0.048539 -0.458381 0.887285
v 1.28384 1.10072 1.65757 0.794326 0.717042 0.492065
vn 0.0485374 -0.458366 0.887257
v -1.41595 0.888182 1.65 0.979168 0.968176 0.945605
vn 0.0476155 -0.44966 0.870404
v 1.19733 1.02657 1.63274 0.789454 0.707771 0.484422
vn 0.0485391 -0.458382 0.887287
v -1.29953 0.890652 1.64954 0.956952 0.934176 0.887752
vn 0.047336 -0.447021 0.865296
v 1.32229 1.03631 1.61569 0.783287 0.699648 0.47276
vn 0.04854 -0.458391 0.887304
v -1.19975 0.818241 1.61168 0.941591 0.910695 0.848013
vn 0.0477682 -0.451102 0.873196
v -1.06301 0.838068 1.62903 0.914302 0.868829 0.776061
vn 0.0456066 -0.430689 0.833682
v -1.18238 0.896929 1.65554 0.930085 0.893043 0.817717
vn 0.046893 -0.442837 0.857198
v -1.09956 0.911505 1.66867 0.91195 0.865258 0.770184
vn 0.0459844 -0.434257 0.840589
v -0.951097 0.807981 1.61549 0.907571 0.858323 0.756393
vn 0.0410454 -0.387615 0.750305
v -0.874441 0.836158 1.63228 0.903653 0.852066 0.743225
vn 0.0343776 -0.324647 0.628417
v -0.774823 0.814983 1.61077 0.911402 0.863497 0.758838
vn 0.0248791 -0.234947 0.454786
v -0.680661 0.835527 1.611 0.912657 0.86506 0.758078
vn 0.0159967 -0.151065 0.292417
v -0.723615 0.884371 1.64158 0.906872 0.856338 0.743982
vn 0.017295 -0.163327 0.316151
v -0.634873 0.918914 1.64698 0.909755 0.860547 0.748987
vn 0.0116248 -0.10978 0.2125
v -0.505516 0.9314 1.63962 0.909867 0.860539 0.74718
vn 0.00685068 -0.0646948 0.125229
v -0.472255 1.01675 1.67883 0.909618 0.860243 0.746784
vn 0.00665329 -0.0628307 0.121621
v 0.0443857 0.912375 1.78788 0.847411 0.77257 0.616699
vn 0.016575 -0.156527 0.302989
v 0.035495 1.34631 1.81971 0.83058 0.753936 0.586784
vn 0.0397493 -0.375375 0.726611
v 0.0443654 0.91239 1.78788 0.847464 0.772644 0.616804
vn 0.0165597 -0.156382 0.302709
v 0.0443968 0.91239 1.78788 0.847411 0.77257 0.616699
vn 0.016575 -0.156527 0.302989
v 0.145026 1.3165 1.80148 0.795992 0.705367 0.509289
vn 0.0434676 -0.410489 0.794581
v 0.0443857 0.912395 1.78788 0.847411 0.77257 0.616699
vn 0.016575 -0.156527 0.302989
v 0.245859 1.29872 1.78677 0.773264 0.673416 0.459506
vn 0.0463628 -0.43783 0.847506
v -1.62303 1.17403 1.80388 0.955165 0.93117 0.878116
vn 0.035034 -0.330846 0.640417
v 0.329269 1.28938 1.77514 0.763115 0.659053 0.438064
vn 0.0477866 -0.451275 0.873532
v 0.437278 1.34235 1.79098 0.762246 0.6581 0.434855
vn 0.0482788 -0.455924 0.88253
v -1.58199 1.21437 1.8199 0.948682 0.921211 0.860477
vn 0.03307 -0.312298 0.604514
v -1.50611 1.1862 1.80402 0.951643 0.925762 0.868586
vn 0.0340987 -0.322013 0.623319
v 0.543803 1.38863 1.80703 0.76391 0.660797 0.436967
vn 0.0483416 -0.456517 0.883678
v -1.40343 1.17083 1.79227 0.950658 0.924263 0.866158
vn 0.0344231 -0.325077 0.629249
v 0.620602 1.36105 1.79041 0.76474 0.662171 0.438323
vn 0.0483426 -0.456526 0.883696
v -1.3008 1.15732 1.78206 0.9461 0.917292 0.854372
vn 0.0345677 -0.326443 0.631893
v -1.20829 1.20743 1.80263 0.938626 0.905807 0.834012
vn 0.0322508 -0.304562 0.589539
v 0.719089 1.38183 1.79722 0.767861 0.667511 0.443661
vn 0.0483502 -0.456598 0.883834
v -1.08354 1.18738 1.79291 0.932719 0.896782 0.818962
vn 0.0330182 -0.31181 0.603569
v 0.823367 1.39423 1.80018 0.774151 0.67854 0.454783
vn 0.048374 -0.456823 0.884269
v -0.985976 1.19804 1.79691 0.930345 0.893125 0.812418
vn 0.0321208 -0.303334 0.587163
v 0.924155 1.40924 1.80445 0.784041 0.695966 0.472355
vn 0.0484096 -0.457159 0.884921
v -0.901617 1.20068 1.79606 0.929118 0.89121 0.808809
vn 0.0311827 -0.294476 0.570015
v 1.02486 1.41942 1.80656 0.795761 0.716621 0.493182
vn 0.0484519 -0.457559 0.885694
v -0.774071 1.20407 1.79151 0.929008 0.89095 0.807469
vn 0.0288056 -0.272027 0.526562
v 1.1135 1.43089 1.8097 0.80502 0.732932 0.50963
vn 0.048486 -0.457881 0.886318
v -0.682218 1.18281 1.77581 0.927206 0.888047 0.801266
vn 0.025469 -0.240518 0.46557
v 1.22617 1.41174 1.79908 0.812367 0.745899 0.522681
vn 0.0485145 -0.45815 0.886838
v -0.579476 1.22936 1.78893 0.929981 0.892289 0.808237
vn 0.0248252 -0.234439 0.453802
v 1.34988 1.4501 1.81429 0.816091 0.752467 0.52929
vn 0.0485282 -0.458279 0.887089
v -0.484981 1.27364 1.80441 0.932734 0.896615 0.816215
vn 0.0264092 -0.249397 0.482757
v -0.409595 1.25369 1.79215 0.929372 0.891524 0.80693
vn 0.0245254 -0.231607 0.448321
v 1.46646 1.42549 1.80374 0.81761 0.755252 0.531991
vn 0.0485362 -0.458355 0.887235
v -0.318517 1.2781 1.80118 0.923674 0.883655 0.794536
vn 0.0257627 -0.243292 0.470939
v 1.5808 1.40986 1.79958 0.817512 0.755293 0.531813
vn 0.0485401 -0.458391 0.887306
v -0.203937 1.28784 1.80315 0.904566 0.856919 0.751616
vn 0.0281079 -0.265439 0.513809
v 1.67181 1.38194 1.7929 0.815785 0.752683 0.528747
vn 0.0485422 -0.458411 0.887344
v -0.0817422 1.30693 1.80803 0.870611 0.809628 0.676062
vn 0.0333883 -0.315305 0.610334
v 1.71275 1.38492 1.79589 0.816066 0.753152 0.529247
vn 0.0485427 -0.458416 0.887354
v -1.61562 1.02646 1.73257 0.979769 0.968974 0.945123
vn 0.0426297 -0.402576 0.779264
v 0.0443857 0.91239 1.78787 0.847464 0.772644 0.616804
vn 0.0165597 -0.156382 0.302709
v 1.65838 1.15754 1.69702 0.784235 0.703 0.472779
vn 0.0485413 -0.458403 0.887329
v -0.427491 1.12084 1.7285 0.916581 0.871325 0.768219
vn 0.0131597 -0.124275 0.240558
v 1.72151 1.16101 1.70585 0.784125 0.702865 0.472563
vn 0.0485417 -0.458406 0.887335
v -0.328499 1.13707 1.7343 0.912896 0.866318 0.76066
vn 0.0144021 -0.136007 0.263269
v 0.06321 1.05732 1.69833 0.807458 0.718374 0.536113
vn 0.0318811 -0.301071 0.582782
v -0.194793 1.11076 1.72171 0.893657 0.838961 0.716544
vn 0.0147699 -0.13948 0.269992
v -1.55128 1.02849 1.7306 0.978094 0.966411 0.940773
vn 0.0426346 -0.402622 0.779354
v -0.0249984 1.06393 1.70359 0.843472 0.76855 0.609494
vn 0.0230147 -0.217341 0.420705
v 0.0288709 1.14663 1.7378 0.825798 0.745097 0.574377
vn 0.0319203 -0.301442 0.583499
v 0.1342 1.04083 1.68529 0.777172 0.675969 0.475279
vn 0.0390756 -0.369012 0.714296
v -1.45167 1.02831 1.72579 0.972295 0.957538 0.925713
vn 0.0426644 -0.402904 0.779899
v -0.0827252 1.1086 1.72299 0.864853 0.798898 0.655341
vn 0.0208454 -0.196855 0.381051
v 0.171011 1.12242 1.71686 0.776137 0.675477 0.471373
vn 0.0417897 -0.394643 0.763909
v -1.63137 1.10381 1.77212 0.966827 0.949088 0.909858
vn 0.0385882 -0.36441 0.705387
v 0.0304297 1.25516 1.78229 0.82998 0.752342 0.584546
vn 0.036709 -0.346663 0.671035
v 0.147734 1.22586 1.76352 0.791317 0.697989 0.500365
vn 0.0418603 -0.39531 0.7652
v 0.280138 1.1584 1.71923 0.757341 0.649528 0.431658
vn 0.0467517 -0.441503 0.854615
v -1.58718 1.11818 1.77646 0.963909 0.944606 0.901952
vn 0.0377889 -0.356862 0.690776
v 0.338835 1.13473 1.69833 0.750291 0.639221 0.418192
vn 0.0479165 -0.452503 0.875907
v -1.48938 1.10469 1.76537 0.963692 0.944285 0.901617
vn 0.0383588 -0.362243 0.701193
v 0.258069 1.2203 1.75102 0.766611 0.663311 0.448034
vn 0.0461411 -0.435736 0.843453
v -1.35856 1.02418 1.72004 0.961686 0.941307 0.898161
vn 0.0427113 -0.403347 0.780756
v 0.936851 1.15465 1.69574 0.77813 0.684565 0.461876
vn 0.0484704 -0.457734 0.886033
v 0.369731 1.21869 1.7371 0.756798 0.649374 0.427667
vn 0.0479973 -0.453265 0.877383
v -1.3742 1.09488 1.75526 0.9575 0.934816 0.885585
vn 0.0385022 -0.363598 0.703814
v -1.28087 1.06084 1.73649 0.94814 0.920528 0.86193
vn 0.0401652 -0.379302 0.734214
v 0.506789 1.24329 1.73719 0.758662 0.652378 0.429074
vn 0.0483597 -0.456688 0.884009
v -1.29366 1.11049 1.75992 0.948504 0.921021 0.861625
vn 0.0370646 -0.350022 0.677535
v 1.03827 0.990467 1.66038 0.786254 0.699241 0.479479
vn 0.0485374 -0.458366 0.887256
v 0.539957 1.32894 1.77822 0.76267 0.658829 0.435105
vn 0.0483509 -0.456605 0.883848
v -1.20493 1.12362 1.76522 0.938694 0.905993 0.83579
vn 0.0362232 -0.342076 0.662155
v -0.941351 0.9413 1.69192 0.900992 0.848215 0.738277
vn 0.0381331 -0.360112 0.697068
v 1.0562 1.0218 1.66878 0.789587 0.705315 0.485178
vn 0.0485349 -0.458342 0.887211
v -1.09926 1.10438 1.75799 0.927763 0.889274 0.807626
vn 0.0368658 -0.348145 0.673902
v 0.612904 1.22009 1.71996 0.760856 0.655608 0.432025
vn 0.0483739 -0.456822 0.884269
v -0.867434 0.932177 1.68779 0.899337 0.845464 0.731497
vn 0.032603 -0.307888 0.595977
v 0.678162 1.25583 1.73648 0.764306 0.661303 0.437541
vn 0.048359 -0.456682 0.883996
v -0.991 1.12645 1.76822 0.923751 0.883064 0.796165
vn 0.0344185 -0.325033 0.629164
v -1.1627 1.03459 1.72583 0.92943 0.891914 0.813673
vn 0.0411074 -0.3882 0.751437
v 0.607455 1.28984 1.75579 0.763057 0.659405 0.435672
vn 0.0483536 -0.456631 0.883898
v -0.865351 1.11293 1.75989 0.919849 0.876952 0.784502
vn 0.0310506 -0.293228 0.567601
v -1.05473 1.05346 1.73793 0.918726 0.875473 0.784919
vn 0.0388796 -0.367162 0.710714
v 0.700339 1.31181 1.76393 0.766386 0.664919 0.441102
vn 0.0483532 -0.456626 0.883889
v 0.76975 1.24812 1.73181 0.768357 0.668087 0.444416
vn 0.0483805 -0.456884 0.884389
v -0.748172 1.10972 1.75021 0.919461 0.876129 0.780905
vn 0.0252484 -0.238435 0.461537
v -0.956972 1.03393 1.73091 0.911584 0.86443 0.765173
vn 0.0362882 -0.34269 0.663343
v 0.915887 1.2237 1.7219 0.779866 0.688074 0.46488
vn 0.0484401 -0.457447 0.885478
v -0.635636 1.11164 1.73926 0.919589 0.876077 0.778456
vn 0.019037 -0.179777 0.347993
v -0.827973 1.00246 1.71192 0.907536 0.857903 0.751033
vn 0.0282877 -0.267137 0.517096
v 0.80948 1.31714 1.76456 0.772517 0.675529 0.451832
vn 0.0483795 -0.456874 0.88437
v -0.513495 1.13971 1.74229 0.920978 0.878141 0.781181
vn 0.0169382 -0.159957 0.309628
v 0.921563 1.33218 1.76936 0.783116 0.694196 0.470666
vn 0.0484173 -0.457231 0.885061
v -0.480815 1.21933 1.77863 0.928648 0.890186 0.80396
vn 0.0229488 -0.216719 0.419501
v -0.707349 1.03727 1.71337 0.912038 0.864444 0.758481
vn 0.0185713 -0.175379 0.33948
v -0.415777 1.18345 1.75886 0.923184 0.881749 0.788201
vn 0.0190305 -0.179715 0.347874
v -0.644158 1.04396 1.70796 0.912938 0.865642 0.758769
vn 0.0139596 -0.131828 0.255179
v 1.03368 1.28898 1.74801 0.795589 0.716139 0.492917
vn 0.0484688 -0.457718 0.886003
v -0.340212 1.21491 1.77197 0.922164 0.880712 0.787576
vn 0.0212798 -0.200957 0.388992
v 1.15197 1.2711 1.73812 0.807171 0.736734 0.51364
vn 0.0485087 -0.458095 0.886732
v -0.244454 1.20714 1.76706 0.908297 0.861053 0.755525
vn 0.021631 -0.204274 0.395412
v 1.00807 1.35954 1.77973 0.79359 0.712737 0.489308
vn 0.0484487 -0.457528 0.885636
v 1.11653 1.35586 1.77587 0.805073 0.732995 0.509738
vn 0.0484903 -0.457921 0.886395
v -0.104185 1.20292 1.76406 0.873196 0.811959 0.677913
vn 0.0265966 -0.251167 0.486182
v 1.26591 1.26184 1.73231 0.811665 0.74513 0.521689
vn 0.0485289 -0.458286 0.887102
v 1.39587 1.2478 1.72578 0.808816 0.741243 0.516608
vn 0.0485376 -0.458368 0.88726
v 1.22639 1.32701 1.76122 0.812712 0.74657 0.523351
vn 0.04852 -0.458202 0.886939
v 1.35006 1.34876 1.77045 0.815397 0.751542 0.528111
vn 0.0485329 -0.458323 0.887174
v 1.5152 1.26516 1.7378 0.808193 0.740617 0.515335
vn 0.0485408 -0.458398 0.887319
v 1.59913 1.22755 1.72605 0.799425 0.726896 0.499752
vn 0.0485418 -0.458407 0.887337
v 1.4886 1.33552 1.76691 0.815031 0.751343 0.527442
vn 0.0485398 -0.458388 0.8873
v 1.59327 1.3206 1.76548 0.812426 0.747388 0.522795
vn 0.0485421 -0.45841 0.887342
v 1.68804 1.22814 1.7356 0.79742 0.723816 0.496159
vn 0.0485426 -0.458415 0.887351
v 1.72936 1.21215 1.73199 0.793939 0.718342 0.489978
vn 0.0485425 -0.458414 0.88735
v 1.66149 1.29527 1.76068 0.808453 0.74119 0.515739
vn 0.048543 -0.458419 0.887359
v 1.70643 1.30382 1.76708 0.808214 0.740829 0.515312
vn 0.0485432 -0.458421 0.887363
v 0.0551524 1.56037 1.90711 0.824483 0.745708 0.573522
vn 0.0417793 -0.394546 0.76372
v -1.62167 1.45584 1.92366 0.936998 0.903262 0.828682
vn 0.0295204 -0.278778 0.539629
v 0.111949 1.54178 1.89706 0.80283 0.715393 0.524438
vn 0.0441569 -0.416998 0.807182
v 1.59485 1.72642 1.91001 0.798552 0.721555 0.498149
vn 0.0484609 -0.457644 0.885859
v 0.211948 1.58583 1.90827 0.784067 0.689124 0.481908
vn 0.0462168 -0.436451 0.844836
v 0.317595 1.6387 1.92384 0.770055 0.669507 0.450141
vn 0.0477558 -0.450984 0.872969
v -1.58519 1.42851 1.9113 0.937082 0.903391 0.828911
vn 0.0295458 -0.279018 0.540094
v 1.66529 1.74703 1.9137 0.795531 0.716237 0.492785
vn 0.0484495 -0.457536 0.88565
v -1.50912 1.41397 1.90279 0.93707 0.903372 0.828878
vn 0.0295422 -0.278983 0.540027
v 0.398139 1.63181 1.91802 0.765881 0.663663 0.440683
vn 0.0482137 -0.455309 0.881339
v -1.41096 1.39835 1.89287 0.937108 0.90343 0.828981
vn 0.0295537 -0.279092 0.540237
v -1.30662 1.37149 1.87784 0.937154 0.903502 0.829114
vn 0.0295861 -0.279398 0.54083
v 0.498062 1.61638 1.90782 0.765007 0.662473 0.438662
vn 0.0483195 -0.456309 0.883274
v 1.70228 1.77721 1.92007 0.790625 0.707603 0.484075
vn 0.048431 -0.457361 0.885312
v -1.19854 1.40666 1.88981 0.936764 0.902902 0.828061
vn 0.0294897 -0.278488 0.539067
v 0.601731 1.58364 1.89085 0.765554 0.663483 0.43957
vn 0.0483364 -0.456468 0.883583
v -1.09439 1.43414 1.89859 0.936712 0.902823 0.827921
vn 0.029478 -0.278377 0.538854
v -1.01203 1.46007 1.90706 0.93674 0.902865 0.827987
vn 0.0294619 -0.278225 0.538559
v 0.725186 1.61459 1.89855 0.768248 0.668221 0.444348
vn 0.0483465 -0.456563 0.883767
v -0.92177 1.4502 1.90001 0.936706 0.902813 0.827903
vn 0.029474 -0.278339 0.53878
v 0.842531 1.62571 1.89949 0.773938 0.678235 0.454449
vn 0.048368 -0.456766 0.884159
v -0.874534 1.50705 1.9217 0.936766 0.902905 0.82805
vn 0.0294502 -0.278115 0.538346
v 0.947274 1.63103 1.89841 0.781692 0.691882 0.468216
vn 0.0483973 -0.457042 0.884695
v -0.768576 1.52677 1.92534 0.936766 0.902905 0.82805
vn 0.0294502 -0.278115 0.538346
v -0.662749 1.49096 1.90688 0.936757 0.902892 0.828025
vn 0.0294431 -0.278048 0.538215
v 1.05059 1.63828 1.89776 0.789158 0.705022 0.481472
vn 0.0484255 -0.457309 0.88521
v -0.5385 1.48562 1.89962 0.936423 0.902416 0.827235
vn 0.0294371 -0.277991 0.538106
v 1.15535 1.64692 1.89753 0.794146 0.713801 0.490327
vn 0.0484443 -0.457487 0.885555
v -0.404806 1.5088 1.9043 0.933866 0.898836 0.82144
vn 0.0297204 -0.280667 0.543285
v 1.2551 1.6608 1.89926 0.795882 0.716854 0.493408
vn 0.0484509 -0.457549 0.885675
v 1.32941 1.68547 1.90517 0.794751 0.714865 0.491401
vn 0.0484466 -0.457508 0.885597
v -0.287592 1.52473 1.90641 0.924652 0.885938 0.800561
vn 0.0307423 -0.290316 0.561964
v -0.167506 1.54123 1.90825 0.902854 0.855425 0.751165
vn 0.0331564 -0.313115 0.606094
v 1.42983 1.69412 1.90395 0.797661 0.719986 0.496567
vn 0.0484576 -0.457612 0.885798
v -0.0398353 1.56456 1.91226 0.864351 0.801523 0.663894
vn 0.0373987 -0.353177 0.683643
v 1.52965 1.70136 1.90449 0.80122 0.726249 0.502885
vn 0.048471 -0.457739 0.886043
v 0.0443857 0.91239 1.7879 0.847411 0.77257 0.616699
vn 0.016575 -0.156527 0.302989
v 0.0366743 1.42932 1.85433 0.829956 0.753319 0.585803
vn 0.0409342 -0.386565 0.748272
v 0.145721 1.40411 1.83815 0.796969 0.707091 0.511165
vn 0.0444602 -0.419863 0.812727
v 0.25293 1.38301 1.82275 0.775661 0.67719 0.463402
vn 0.0468183 -0.442131 0.855832
v 1.56446 1.59475 1.86915 0.81385 0.748478 0.525308
vn 0.0485188 -0.45819 0.886916
v 0.330374 1.35337 1.80415 0.766127 0.663706 0.442753
vn 0.0478751 -0.452111 0.875149
v 1.62945 1.57867 1.86257 0.814922 0.750372 0.527211
vn 0.0485229 -0.458229 0.886993
v 1.59094 1.65104 1.88788 0.809032 0.739999 0.516755
vn 0.0485005 -0.458018 0.886583
v 1.6567 1.65964 1.88897 0.807577 0.737438 0.514172
vn 0.048495 -0.457966 0.886482
v 1.68434 1.5732 1.85991 0.81407 0.748892 0.5257
vn 0.0485201 -0.458202 0.88694
v 0.0387219 1.50416 1.88533 0.828599 0.751466 0.58284
vn 0.0413103 -0.390116 0.755146
v -1.61203 1.27436 1.84701 0.943299 0.912941 0.845826
vn 0.0314285 -0.296797 0.574509
v 0.134915 1.48728 1.87346 0.798217 0.708926 0.513974
vn 0.0446272 -0.421439 0.815778
v 0.26092 1.48722 1.86667 0.775954 0.677742 0.463605
vn 0.0470642 -0.444453 0.860326
v 0.313142 1.57565 1.90057 0.769518 0.668754 0.448933
vn 0.0478136 -0.451531 0.874026
v -1.57039 1.28543 1.85024 0.94108 0.909532 0.839787
vn 0.0307556 -0.290442 0.562208
v 0.380712 1.44287 1.84084 0.766433 0.664335 0.442482
vn 0.0480677 -0.45393 0.878671
v -1.50603 1.26513 1.8389 0.942499 0.911712 0.843653
vn 0.0311993 -0.294632 0.570318
v 0.508469 1.44649 1.8357 0.764402 0.661535 0.43779
vn 0.0483231 -0.456343 0.88334
v -1.61803 1.37148 1.88841 0.938287 0.905241 0.832187
vn 0.0299101 -0.282458 0.546752
v 0.388165 1.54707 1.88538 0.76641 0.664393 0.441943
vn 0.048148 -0.454688 0.880138
v 0.491075 1.52777 1.87247 0.764955 0.662374 0.438657
vn 0.04831 -0.456218 0.883099
v 0.628201 1.44071 1.82785 0.765602 0.663603 0.439714
vn 0.0483393 -0.456495 0.883636
v 0.737834 1.44488 1.82604 0.768843 0.669256 0.445398
vn 0.0483502 -0.456598 0.883834
v 0.583475 1.509 1.86047 0.765217 0.662908 0.438999
vn 0.0483362 -0.456466 0.883578
v 1.69528 1.68694 1.89603 0.803571 0.730387 0.507059
vn 0.0484799 -0.457823 0.886206
v 0.701278 1.5197 1.86051 0.767956 0.667708 0.443832
vn 0.0483457 -0.456555 0.883752
v -1.58027 1.34893 1.87765 0.938423 0.905451 0.83256
vn 0.0299514 -0.282848 0.547507
v -1.50577 1.33892 1.87073 0.938327 0.905303 0.832297
vn 0.0299222 -0.282572 0.546974
v 0.823346 1.46843 1.83409 0.774585 0.67936 0.455588
vn 0.0483714 -0.456798 0.884223
v 0.92924 1.48199 1.83708 0.784611 0.697012 0.473393
vn 0.0484088 -0.457151 0.884906
v -1.41143 1.24667 1.82684 0.943108 0.91265 0.845363
vn 0.0315148 -0.297612 0.576086
v 0.82466 1.54704 1.86825 0.774509 0.67924 0.455463
vn 0.0483702 -0.456787 0.884201
v -1.31075 1.22722 1.8142 0.94191 0.910821 0.842328
vn 0.0317097 -0.299452 0.579648
v 0.936288 1.55705 1.86915 0.784012 0.695964 0.472334
vn 0.048406 -0.457125 0.884855
v -1.41131 1.32228 1.86003 0.938685 0.905854 0.833278
vn 0.030044 -0.283723 0.5492
v -1.31211 1.29795 1.84576 0.93863 0.905772 0.833178
vn 0.0301502 -0.284725 0.551141
v -1.23104 1.26957 1.83066 0.937975 0.904775 0.831585
vn 0.0304219 -0.287291 0.556109
v 1.0342 1.4893 1.83746 0.796035 0.717122 0.493678
vn 0.0484516 -0.457555 0.885688
v -1.13125 1.27246 1.82982 0.936133 0.901958 0.826856
vn 0.0305728 -0.288716 0.558867
v 1.14054 1.49154 1.83575 0.80563 0.734013 0.510715
vn 0.0484878 -0.457897 0.886349
v -1.20932 1.33116 1.85731 0.936962 0.903211 0.828676
vn 0.0297381 -0.280833 0.543608
v 1.04417 1.56218 1.8681 0.794212 0.713916 0.490443
vn 0.0484445 -0.457489 0.885559
v -1.09711 1.3532 1.86406 0.936368 0.902301 0.827122
vn 0.0297176 -0.28064 0.543233
v 1.15183 1.56831 1.86752 0.801984 0.727595 0.504242
vn 0.0484739 -0.457766 0.886096
v -0.981525 1.28199 1.83098 0.934345 0.899218 0.822179
vn 0.0305156 -0.288176 0.557821
v 1.24886 1.50095 1.83738 0.811428 0.744218 0.521008
vn 0.0485097 -0.458104 0.88675
v -0.828093 1.28353 1.82673 0.934001 0.898667 0.820981
vn 0.0298206 -0.281613 0.545117
v 1.33682 1.52519 1.84569 0.813027 0.747032 0.523848
vn 0.0485157 -0.458161 0.88686
v -0.991075 1.39093 1.87727 0.936407 0.902358 0.82718
vn 0.0296088 -0.279613 0.541245
v 1.25639 1.58091 1.86969 0.805753 0.734227 0.510933
vn 0.0484881 -0.457901 0.886356
v -0.860407 1.37763 1.86731 0.936204 0.902047 0.826655
vn 0.0296185 -0.279705 0.541423
v 1.36544 1.60379 1.87525 0.806264 0.735127 0.511841
vn 0.0484901 -0.457919 0.886392
v -0.831997 1.45701 1.8997 0.936722 0.902837 0.827941
vn 0.0294663 -0.278267 0.53864
v 1.43293 1.51393 1.83966 0.815196 0.750859 0.527698
vn 0.0485241 -0.45824 0.887013
v -0.72792 1.28384 1.82216 0.934367 0.899205 0.821641
vn 0.0291457 -0.27524 0.53278
v -0.677687 1.24715 1.80344 0.932398 0.896123 0.815891
vn 0.0278068 -0.262596 0.508305
v -0.737544 1.35412 1.85244 0.936062 0.901821 0.826193
vn 0.029413 -0.277763 0.537665
v -0.630736 1.32175 1.83324 0.935143 0.900374 0.823409
vn 0.0285613 -0.26972 0.522097
v -0.529741 1.31305 1.82447 0.934619 0.899563 0.821805
vn 0.0279456 -0.263906 0.510841
v -0.426341 1.33031 1.82818 0.932828 0.897042 0.817644
vn 0.027934 -0.263797 0.51063
v -0.748141 1.4367 1.88789 0.936681 0.902775 0.827832
vn 0.0294592 -0.2782 0.53851
v 1.55363 1.5123 1.83848 0.816963 0.753998 0.530835
vn 0.0485313 -0.458309 0.887146
v -0.639759 1.41516 1.87426 0.936557 0.90258 0.827455
vn 0.0293396 -0.27707 0.536324
v 1.48425 1.59165 1.8686 0.811237 0.74388 0.52067
vn 0.0485089 -0.458097 0.886735
v -0.529163 1.38567 1.85681 0.935934 0.901647 0.825781
vn 0.0290527 -0.274361 0.53108
v 1.65161 1.48572 1.82934 0.817753 0.755479 0.532239
vn 0.0485361 -0.458354 0.887234
v -0.415984 1.42127 1.86807 0.933662 0.898482 0.820689
vn 0.0293616 -0.277278 0.536726
v 1.69975 1.45812 1.82054 0.817738 0.755562 0.532212
vn 0.0485383 -0.458374 0.887273
v -0.306243 1.35703 1.83645 0.924385 0.88525 0.79866
vn 0.0290265 -0.274114 0.5306
v -0.188967 1.37189 1.83931 0.903756 0.856424 0.752203
vn 0.0316335 -0.298733 0.578256
v -0.0734012 1.3929 1.84394 0.869657 0.8088 0.675425
vn 0.0360388 -0.340335 0.658785
v -0.297175 1.44018 1.87209 0.924626 0.88584 0.800247
vn 0.0304029 -0.287111 0.55576
v -0.180881 1.45465 1.87393 0.903232 0.85591 0.751849
vn 0.03288 -0.310504 0.601041
v -0.0654158 1.4756 1.87798 0.868112 0.80677 0.672351
vn 0.0368893 -0.348366 0.674331
v 1.52455 1.64595 1.88737 0.808185 0.738507 0.51525
vn 0.0484973 -0.457987 0.886524
v -0.407746 1.84046 2.01437 0.936492 0.902522 0.82743
vn 0.0294803 -0.278399 0.538896
v 0.0409676 1.93351 2.01582 0.849179 0.780282 0.629503
vn 0.0390677 -0.368938 0.714151
v -1.63538 1.77226 2.03608 0.936766 0.902905 0.82805
vn 0.0294502 -0.278115 0.538346
v 0.127316 1.92419 2.01022 0.818026 0.736667 0.558884
vn 0.0424884 -0.401242 0.776682
v -0.295744 1.84817 2.01214 0.934392 0.899581 0.822669
vn 0.0297109 -0.280577 0.543111
v 0.183991 1.93887 2.01088 0.796379 0.706362 0.509815
vn 0.0448652 -0.423687 0.82013
v -0.189572 1.86027 2.01094 0.926673 0.888775 0.805172
vn 0.0305584 -0.288581 0.558604
v -1.59444 1.74907 2.02879 0.936766 0.902905 0.82805
vn 0.0294502 -0.278115 0.538346
v -0.111948 1.88006 2.01231 0.914037 0.871084 0.776527
vn 0.031946 -0.301684 0.583968
v -1.51301 1.72556 2.02029 0.936766 0.902905 0.82805
vn 0.0294502 -0.278115 0.538346
v -0.0327262 1.88738 2.00968 0.88549 0.831118 0.711815
vn 0.0350805 -0.331285 0.641267
v -1.41815 1.68951 2.00676 0.936766 0.902905 0.82805
vn 0.0294502 -0.278115 0.538346
v -1.30044 1.71503 2.01168 0.936766 0.902905 0.82805
vn 0.0294502 -0.278115 0.538346
v -1.1872 1.73122 2.01356 0.936766 0.902905 0.82805
vn 0.0294502 -0.278115 0.538346
v -1.08011 1.7429 2.0135 0.936766 0.902905 0.82805
vn 0.0294502 -0.278115 0.538346
v -0.97147 1.7512 2.01224 0.936766 0.902905 0.82805
vn 0.0294502 -0.278115 0.538346
v -0.867602 1.76164 2.01186 0.936766 0.902905 0.82805
vn 0.0294502 -0.278115 0.538346
v -0.770649 1.77209 2.01131 0.936766 0.902905 0.82805
vn 0.0294502 -0.278115 0.538346
v -0.694894 1.78903 2.01299 0.936766 0.902905 0.82805
vn 0.0294502 -0.278115 0.538346
v -0.600455 1.78662 2.00775 0.936766 0.902905 0.82805
vn 0.0294502 -0.278115 0.538346
v -0.512866 1.82725 2.01516 0.936766 0.902905 0.82805
vn 0.0294502 -0.278115 0.538346
v -0.143512 1.64109 1.94421 0.905684 0.859389 0.757591
vn 0.0328632 -0.310346 0.600735
v 1.59601 1.8089 1.93053 0.785295 0.698224 0.474614
vn 0.0484109 -0.457171 0.884944
v 0.0498319 1.62252 1.9297 0.837051 0.763304 0.602013
vn 0.0403993 -0.381513 0.738493
v -0.0323214 1.64674 1.94172 0.873695 0.814605 0.685079
vn 0.0363756 -0.343515 0.664941
v 1.67252 1.82784 1.93251 0.782516 0.693332 0.469679
vn 0.0484004 -0.457072 0.884752
v -0.159233 1.72999 1.97421 0.918714 0.877633 0.78713
vn 0.0314324 -0.296833 0.574579
v 0.11745 1.59501 1.91687 0.806408 0.720402 0.532548
vn 0.0437641 -0.413289 0.800001
v 1.71007 1.85363 1.93653 0.778499 0.686263 0.462548
vn 0.0483852 -0.456929 0.884474
v -0.0629659 1.72248 1.96718 0.892271 0.840612 0.727187
vn 0.0343359 -0.324254 0.627656
v -1.62325 1.53732 1.95655 0.936783 0.902931 0.828096
vn 0.0294553 -0.278163 0.538439
v 0.0462929 1.71198 1.95878 0.850837 0.782604 0.633263
vn 0.0388855 -0.367218 0.710822
v 1.36521 1.79886 1.93573 0.781245 0.691095 0.467423
vn 0.0483956 -0.457026 0.884664
v -0.223294 1.78785 1.99378 0.929442 0.892651 0.811448
vn 0.0302544 -0.28571 0.553047
v 0.158867 1.68513 1.94487 0.806552 0.720603 0.532874
vn 0.0437483 -0.413139 0.799712
v 1.4903 1.78465 1.92753 0.787317 0.701781 0.478203
vn 0.0484185 -0.457243 0.885083
v -0.107248 1.8123 1.99489 0.909358 0.864533 0.76592
vn 0.0324598 -0.306536 0.59336
v 1.40007 1.86425 1.9499 0.774131 0.678575 0.454793
vn 0.0483687 -0.456773 0.884173
v -1.5881 1.50882 1.94434 0.936793 0.902946 0.828123
vn 0.0294583 -0.278192 0.538494
v 1.51278 1.86677 1.94592 0.775519 0.681018 0.457257
vn 0.0483739 -0.456822 0.884269
v 0.0251956 1.81531 1.98902 0.864344 0.801514 0.663882
vn 0.0374024 -0.353212 0.68371
v 0.285064 1.70118 1.94515 0.77784 0.680407 0.46779
vn 0.0469009 -0.442911 0.857341
v -1.51317 1.49235 1.9355 0.936791 0.902943 0.828117
vn 0.0294577 -0.278186 0.538482
v 1.61287 1.8766 1.94441 0.774662 0.67951 0.455735
vn 0.0483707 -0.456792 0.884209
v -0.443191 1.76618 1.99623 0.936593 0.902663 0.827659
vn 0.0294692 -0.278294 0.538693
v -1.62417 1.61766 1.987 0.936766 0.902905 0.82805
vn 0.0294502 -0.278115 0.538346
v -0.332935 1.77362 1.99414 0.935217 0.900736 0.824539
vn 0.0296203 -0.279721 0.541455
v 0.141415 1.79731 1.97877 0.820394 0.739983 0.564252
vn 0.0422283 -0.398786 0.771928
v 1.44174 1.89938 1.95575 0.770175 0.671612 0.447768
vn 0.0483537 -0.456632 0.8839
v 0.258491 1.79427 1.97324 0.787282 0.693626 0.489193
vn 0.0458641 -0.433121 0.83839
v 0.0599733 1.89372 2.0067 0.848177 0.77888 0.627233
vn 0.0391776 -0.369976 0.716162
v -1.58933 1.58841 1.9755 0.936766 0.902905 0.82805
vn 0.0294502 -0.278115 0.538346
v 1.54986 1.90275 1.95189 0.770482 0.672153 0.448314
vn 0.0483549 -0.456642 0.883921
v -1.51868 1.56932 1.96644 0.936766 0.902905 0.82805
vn 0.0294502 -0.278115 0.538346
v 1.64276 1.91015 1.94965 0.769775 0.670909 0.447059
vn 0.0483522 -0.456617 0.883872
v 0.391606 1.71174 1.94515 0.767502 0.665933 0.444354
vn 0.0480361 -0.453632 0.878093
v -1.41363 1.47637 1.92585 0.936791 0.902943 0.828118
vn 0.0294578 -0.278186 0.538484
v -1.3049 1.44877 1.91091 0.936803 0.902963 0.828152
vn 0.0294616 -0.278223 0.538554
v 1.68662 1.89029 1.9444 0.772824 0.676275 0.452472
vn 0.0483638 -0.456726 0.884083
v 0.498516 1.7078 1.93978 0.765136 0.662639 0.438966
vn 0.0483016 -0.456139 0.882946
v -1.42212 1.55551 1.9582 0.936766 0.902905 0.82805
vn 0.0294502 -0.278115 0.538346
v 1.72144 1.90739 1.94618 0.770569 0.672306 0.448468
vn 0.0483552 -0.456646 0.883927
v -1.30928 1.53003 1.94454 0.936766 0.902905 0.82805
vn 0.0294502 -0.278115 0.538346
v 0.374347 1.7949 1.96992 0.770796 0.670546 0.451823
vn 0.0476743 -0.450215 0.87148
v 1.70578 1.92084 1.94912 0.768602 0.668845 0.444977
vn 0.0483478 -0.456575 0.883791
v 0.48549 1.7951 1.96645 0.765733 0.663458 0.440343
vn 0.0482306 -0.455469 0.881649
v -1.19698 1.48515 1.92289 0.936766 0.902905 0.82805
vn 0.0294502 -0.278115 0.538346
v 0.120032 1.87101 1.9988 0.827129 0.749411 0.579519
vn 0.0414888 -0.391802 0.75841
v -1.09188 1.50984 1.92991 0.936766 0.902905 0.82805
vn 0.0294502 -0.278115 0.538346
v 0.225172 1.89043 1.99885 0.793159 0.701853 0.502515
vn 0.0452188 -0.427027 0.826594
v -1.19923 1.56693 1.95585 0.936766 0.902905 0.82805
vn 0.0294502 -0.278115 0.538346
v 1.72986 1.92861 1.94951 0.767757 0.667358 0.443477
vn 0.0483446 -0.456545 0.883733
v 0.252642 1.93115 2.00707 0.781244 0.685172 0.475505
vn 0.0465272 -0.439382 0.85051
v -1.08954 1.58793 1.96065 0.936766 0.902905 0.82805
vn 0.0294502 -0.278115 0.538346
v -0.979241 1.52775 1.93351 0.936766 0.902905 0.82805
vn 0.0294502 -0.278115 0.538346
v 0.350499 1.87156 1.99059 0.773644 0.674533 0.458278
vn 0.0473616 -0.447262 0.865763
v -1.00139 1.60711 1.9651 0.936766 0.902905 0.82805
vn 0.0294502 -0.278115 0.538346
v -0.888088 1.59102 1.95474 0.936766 0.902905 0.82805
vn 0.0294502 -0.278115 0.538346
v 0.46339 1.86646 1.98608 0.766583 0.664647 0.442272
vn 0.0481369 -0.454584 0.879936
v -1.62722 1.69696 2.01395 0.936766 0.902905 0.82805
vn 0.0294502 -0.278115 0.538346
v 0.321779 1.91455 2.0016 0.774524 0.675765 0.460273
vn 0.047265 -0.44635 0.863997
v 0.426024 1.90399 1.99633 0.767653 0.666145 0.444697
vn 0.0480194 -0.453475 0.877789
v -1.58964 1.66804 2.00386 0.936766 0.902905 0.82805
vn 0.0294502 -0.278115 0.538346
v 0.629306 1.68935 1.92854 0.765561 0.66349 0.439582
vn 0.0483354 -0.456459 0.883565
v -1.5181 1.64491 1.9944 0.936766 0.902905 0.82805
vn 0.0294502 -0.278115 0.538346
v 0.772384 1.69967 1.92789 0.768265 0.66825 0.444377
vn 0.0483465 -0.456563 0.883768
v -1.44252 1.62048 1.98377 0.936766 0.902905 0.82805
vn 0.0294502 -0.278115 0.538346
v 0.602153 1.79085 1.96115 0.764985 0.662458 0.438582
vn 0.0483277 -0.456386 0.883424
v -1.32606 1.62281 1.98077 0.936766 0.902905 0.82805
vn 0.0294502 -0.278115 0.538346
v 0.728885 1.78446 1.95529 0.765845 0.663992 0.440082
vn 0.0483374 -0.456477 0.883601
v -1.1965 1.65114 1.9872 0.936766 0.902905 0.82805
vn 0.0294502 -0.278115 0.538346
v 0.871385 1.6892 1.92188 0.773035 0.676645 0.452846
vn 0.0483645 -0.456734 0.884097
v -1.08706 1.66602 1.98906 0.936766 0.902905 0.82805
vn 0.0294502 -0.278115 0.538346
v 0.956096 1.7043 1.92427 0.77734 0.684223 0.46049
vn 0.0483808 -0.456887 0.884394
v -0.980595 1.67252 1.98757 0.936766 0.902905 0.82805
vn 0.0294502 -0.278115 0.538346
v 0.863605 1.76742 1.94658 0.769236 0.669961 0.446103
vn 0.0483502 -0.456598 0.883835
v -0.872772 1.68408 1.98768 0.936766 0.902905 0.82805
vn 0.0294502 -0.278115 0.538346
v 0.972048 1.76674 1.94339 0.773037 0.67665 0.452851
vn 0.0483646 -0.456734 0.884097
v 0.576594 1.86419 1.98196 0.76496 0.662377 0.438587
vn 0.0483161 -0.456277 0.883212
v -0.766098 1.63174 1.96512 0.936766 0.902905 0.82805
vn 0.0294502 -0.278115 0.538346
v 0.695567 1.85986 1.97704 0.764963 0.66244 0.438516
vn 0.0483341 -0.456446 0.88354
v -0.629496 1.58578 1.94231 0.936766 0.902905 0.82805
vn 0.0294502 -0.278115 0.538346
v 0.536745 1.89984 1.99211 0.765205 0.662718 0.439149
vn 0.0482882 -0.456013 0.882702
v -0.495577 1.57385 1.933 0.93637 0.90235 0.827152
vn 0.0294938 -0.278526 0.539142
v 0.652241 1.89686 1.98779 0.764807 0.662165 0.438239
vn 0.0483335 -0.45644 0.883529
v -0.392054 1.59887 1.93865 0.934041 0.89909 0.821873
vn 0.0297495 -0.280941 0.543816
v 0.824361 1.84901 1.97017 0.765862 0.664022 0.440112
vn 0.0483375 -0.456478 0.883602
v -0.271515 1.61361 1.93962 0.925625 0.887307 0.802795
vn 0.0306736 -0.289668 0.560709
v 0.948938 1.82915 1.96107 0.768299 0.66831 0.444438
vn 0.0483467 -0.456565 0.88377
v 0.77933 1.89039 1.98212 0.765006 0.662516 0.438592
vn 0.0483342 -0.456447 0.883543
v -0.786133 1.70921 1.99302 0.936766 0.902905 0.82805
vn 0.0294502 -0.278115 0.538346
v -0.676877 1.70758 1.98727 0.936766 0.902905 0.82805
vn 0.0294502 -0.278115 0.538346
v 0.938609 1.88032 1.97408 0.76589 0.664072 0.440162
vn 0.0483376 -0.456479 0.883604
v -0.514972 1.68508 1.97314 0.936544 0.902595 0.827548
vn 0.0294746 -0.278345 0.538791
v -0.369295 1.68945 1.96964 0.93467 0.899971 0.823299
vn 0.0296804 -0.280288 0.542553
v 1.05553 1.71398 1.92402 0.781675 0.691852 0.468186
vn 0.0483972 -0.457042 0.884694
v -0.517616 1.76873 2.00008 0.936766 0.902905 0.82805
vn 0.0294502 -0.278115 0.538346
v 1.15533 1.72593 1.92407 0.784019 0.695977 0.472348
vn 0.048406 -0.457125 0.884856
v 1.05577 1.78859 1.94631 0.773995 0.678336 0.454551
vn 0.0483682 -0.456768 0.884163
v -0.25198 1.7034 1.96975 0.92875 0.891682 0.809878
vn 0.0303305 -0.286428 0.554437
v 1.15819 1.80258 1.94585 0.775 0.680104 0.456335
vn 0.048372 -0.456804 0.884233
v 1.24977 1.73763 1.92419 0.785002 0.697707 0.474092
vn 0.0484098 -0.45716 0.884923
v 1.32886 1.74478 1.92321 0.78654 0.700414 0.476823
vn 0.0484156 -0.457215 0.88503
v 1.26014 1.80789 1.94287 0.776697 0.683091 0.459349
vn 0.0483784 -0.456864 0.88435
v 1.05862 1.85571 1.96349 0.768501 0.668667 0.444798
vn 0.0483474 -0.456572 0.883784
v 1.1753 1.86623 1.96086 0.769304 0.670079 0.446222
vn 0.0483505 -0.4566 0.883839
v 1.09262 1.89283 1.97072 0.766366 0.664909 0.441007
vn 0.0483394 -0.456496 0.883637
v 1.21526 1.89856 1.9663 0.767237 0.666442 0.442553
vn 0.0483426 -0.456527 0.883697
v 1.28686 1.8675 1.95587 0.77125 0.673504 0.449677
vn 0.0483578 -0.45667 0.883974
v 1.32926 1.89919 1.96091 0.768776 0.66915 0.445285
vn 0.0483485 -0.456582 0.883803
v -0.364556 1.89852 2.02578 0.935418 0.901018 0.824995
vn 0.0295982 -0.279513 0.541051
v 0.0304448 1.95204 2.01973 0.848635 0.77952 0.62827
vn 0.0391274 -0.369502 0.715243
v -1.64547 1.8239 2.04953 0.936766 0.902905 0.82805
vn 0.0294502 -0.278115 0.538346
v -0.251623 1.90228 2.02258 0.930283 0.893828 0.813354
vn 0.0301621 -0.284838 0.55136
v -0.149309 1.90843 2.01998 0.917952 0.876565 0.785402
vn 0.0315161 -0.297624 0.57611
v 0.101411 1.95128 2.01652 0.821426 0.741428 0.566592
vn 0.042115 -0.397716 0.769856
v -1.60913 1.83077 2.05011 0.936766 0.902905 0.82805
vn 0.0294502 -0.278115 0.538346
v -0.419902 1.92478 2.03289 0.935912 0.90171 0.826115
vn 0.029544 -0.279 0.54006
v -1.5214 1.80878 2.04315 0.936766 0.902905 0.82805
vn 0.0294502 -0.278115 0.538346
v -0.310136 1.92447 2.02905 0.932119 0.896399 0.817516
vn 0.0299605 -0.282934 0.547674
v -1.39905 1.78162 2.03352 0.936766 0.902905 0.82805
vn 0.0294502 -0.278115 0.538346
v -1.277 1.7837 2.0315 0.936766 0.902905 0.82805
vn 0.0294502 -0.278115 0.538346
v -0.194408 1.92643 2.02513 0.919919 0.879319 0.78986
vn 0.0313001 -0.295585 0.572162
v -1.63784 1.86796 2.05921 0.936766 0.902905 0.82805
vn 0.0294502 -0.278115 0.538346
v -0.087736 1.9086 2.01746 0.905854 0.859627 0.757977
vn 0.0328445 -0.310169 0.600393
v -1.60963 1.88939 2.06324 0.936766 0.902905 0.82805
vn 0.0294502 -0.278115 0.538346
v -0.0636805 1.92884 2.01992 0.888879 0.835863 0.719498
vn 0.0347084 -0.327771 0.634464
v -1.53441 1.88281 2.06058 0.936766 0.902905 0.82805
vn 0.0294502 -0.278115 0.538346
v -1.62449 1.90269 2.06627 0.936766 0.902905 0.82805
vn 0.0294502 -0.278115 0.538346
v -1.58132 1.91211 2.06752 0.936766 0.902905 0.82805
vn 0.0294502 -0.278115 0.538346
v -1.51689 1.91403 2.06693 0.936766 0.902905 0.82805
vn 0.0294502 -0.278115 0.538346
v -1.43933 1.85405 2.05261 0.936766 0.902905 0.82805
vn 0.0294502 -0.278115 0.538346
v -1.30956 1.8511 2.04899 0.936766 0.902905 0.82805
vn 0.0294502 -0.278115 0.538346
v -1.41596 1.89395 2.06095 0.936766 0.902905 0.82805
vn 0.0294502 -0.278115 0.538346
v -1.2621 1.89494 2.05762 0.936766 0.902905 0.82805
vn 0.0294502 -0.278115 0.538346
v -1.18479 1.80599 2.03453 0.936766 0.902905 0.82805
vn 0.0294502 -0.278115 0.538346
v -1.07316 1.81764 2.0338 0.936766 0.902905 0.82805
vn 0.0294502 -0.278115 0.538346
v -0.962806 1.82444 2.03177 0.936766 0.902905 0.82805
vn 0.0294502 -0.278115 0.538346
v -0.857324 1.83036 2.02961 0.936766 0.902905 0.82805
vn 0.0294502 -0.278115 0.538346
v -1.1734 1.86962 2.0495 0.936766 0.902905 0.82805
vn 0.0294502 -0.278115 0.538346
v -1.0553 1.87758 2.04739 0.936766 0.902905 0.82805
vn 0.0294502 -0.278115 0.538346
v -1.13304 1.90256 2.05541 0.936766 0.902905 0.82805
vn 0.0294502 -0.278115 0.538346
v -1.01661 1.90684 2.05228 0.936766 0.902905 0.82805
vn 0.0294502 -0.278115 0.538346
v -0.943634 1.88141 2.0443 0.936766 0.902905 0.82805
vn 0.0294502 -0.278115 0.538346
v -0.836322 1.88384 2.04092 0.936766 0.902905 0.82805
vn 0.0294502 -0.278115 0.538346
v -0.905176 1.90866 2.04856 0.936766 0.902905 0.82805
vn 0.0294502 -0.278115 0.538346
v -0.795808 1.90901 2.04445 0.936766 0.902905 0.82805
vn 0.0294502 -0.278115 0.538346
v -0.761304 1.83657 2.02769 0.936766 0.902905 0.82805
vn 0.0294502 -0.278115 0.538346
v -0.680026 1.83833 2.0248 0.936766 0.902905 0.82805
vn 0.0294502 -0.278115 0.538346
v -0.731731 1.88366 2.03685 0.936766 0.902905 0.82805
vn 0.0294502 -0.278115 0.538346
v -0.613332 1.87341 2.02958 0.936766 0.902905 0.82805
vn 0.0294502 -0.278115 0.538346
v -0.684995 1.90812 2.0398 0.936766 0.902905 0.82805
vn 0.0294502 -0.278115 0.538346
v -0.577067 1.91493 2.03674 0.936766 0.902905 0.82805
vn 0.0294502 -0.278115 0.538346
v -0.48843 1.89678 2.02973 0.936639 0.902727 0.827762
vn 0.0294642 -0.278247 0.538602
v -0.500611 1.92748 2.0362 0.936668 0.902767 0.827827
vn 0.029461 -0.278217 0.538544
f 9//9 2//2 1//1
f 13//13 41//41 16//16
f 22//22 41//41 13//13
f 16//16 41//41 27//27
f 27//27 41//41 22//22
f 416//416 457//457 419//419
f 454//454 457//457 416//416
f 419//419 464//464 424//424
f 457//457 464//464 419//419
f 416//416 419//419 568//568
f 568//568 563//563 416//416
f 568//568 424//424 571//571
f 419//419 424//424 568//568
f 563//563 568//568 579//579
f 579//579 577//577 563//563
f 568//568 571//571 584//584
f 584//584 579//579 568//568
f 591//591 595//595 520//520
f 520//520 518//518 591//591
f 595//595 577//577 522//522
f 522//522 520//520 595//595
f 577//577 579//579 523//523
f 523//523 522//522 577//577
f 579//579 584//584 525//525
f 525//525 523//523 579//579
f 518//518 520//520 683//683
f 683//683 680//680 518//518
f 520//520 522//522 687//687
f 687//687 683//683 520//520
f 680//680 683//683 693//693
f 693//693 690//690 680//680
f 683//683 687//687 696//696
f 696//696 693//693 683//683
f 522//522 523//523 698//698
f 698//698 687//687 522//522
f 523//523 525//525 702//702
f 702//702 698//698 523//523
f 687//687 698//698 699//699
f 699//699 696//696 687//687
f 698//698 702//702 703//703
f 703//703 699//699 698//698
f 771//771 817//817 774//774
f 778//778 817//817 771//771
f 775//775 819//819 781//781
f 781//781 820//820 770//770
f 819//819 820//820 781//781
f 817//817 825//825 784//784
f 784//784 774//774 817//817
f 825//825 817//817 778//778
f 778//778 787//787 825//825
f 784//784 825//825 789//789
f 789//789 825//825 787//787
f 933//933 937//937 897//897
f 897//897 890//890 933//933
f 937//937 938//938 899//899
f 899//899 897//897 937//937
f 938//938 941//941 901//901
f 901//901 899//899 938//938
f 901//901 943//943 903//903
f 941//941 943//943 901//901
f 943//943 946//946 905//905
f 905//905 903//903 943//943
f 905//905 948//948 907//907
f 946//946 948//948 905//905
f 907//907 951//951 910//910
f 948//948 951//951 907//907
f 910//910 954//954 912//912
f 951//951 954//954 910//910
f 954//954 958//958 914//914
f 914//914 912//912 954//954
f 914//914 961//961 915//915
f 958//958 961//961 914//914
f 917//917 964//964 966//966
f 917//917 961//961 964//964
f 917//917 915//915 961//961
f 966//966 932//932 967//967
f 964//964 932//932 966//966
f 917//917 966//966 919//919
f 919//919 967//967 921//921
f 966//966 967//967 919//919
f 969//969 771//771 774//774
f 778//778 771//771 969//969
f 967//967 936//936 971//971
f 932//932 936//936 967//967
f 936//936 939//939 973//973
f 973//973 971//971 936//936
f 921//921 971//971 923//923
f 967//967 971//971 921//921
f 971//971 973//973 924//924
f 924//924 923//923 971//971
f 975//975 775//775 781//781
f 975//975 973//973 775//775
f 973//973 939//939 775//775
f 781//781 770//770 934//934
f 934//934 975//975 781//781
f 973//973 975//975 926//926
f 926//926 924//924 973//973
f 926//926 934//934 889//889
f 975//975 934//934 926//926
f 978//978 774//774 784//784
f 969//969 774//774 978//978
f 787//787 969//969 978//978
f 778//778 969//969 787//787
f 978//978 784//784 789//789
f 789//789 787//787 978//978
f 1050//1050 889//889 891//891
f 1056//1056 891//891 893//893
f 1056//1056 1050//1050 891//891
f 1056//1056 1054//1054 1050//1050
f 1056//1056 893//893 894//894
f 1000//1000 1056//1056 1060//1060
f 1000//1000 995//995 1056//1056
f 995//995 1054//1054 1056//1056
f 1063//1063 894//894 896//896
f 1063//1063 1056//1056 894//894
f 1063//1063 1060//1060 1056//1056
f 900//900 898//898 1066//1066
f 1063//1063 902//902 1068//1068
f 896//896 902//902 1063//1063
f 1070//1070 900//900 1066//1066
f 1070//1070 1068//1068 900//900
f 1068//1068 902//902 900//900
f 1007//1007 1073//1073 1004//1004
f 1004//1004 1073//1073 1010//1010
f 1066//1066 904//904 1075//1075
f 898//898 904//904 1066//1066
f 1007//1007 904//904 1073//1073
f 904//904 906//906 1073//1073
f 1007//1007 1075//1075 904//904
f 1007//1007 1013//1013 1075//1075
f 1066//1066 1075//1075 1077//1077
f 1077//1077 1070//1070 1066//1066
f 1013//1013 1077//1077 1075//1075
f 1013//1013 1016//1016 1077//1077
f 1016//1016 1078//1078 1077//1077
f 1018//1018 906//906 1080//1080
f 906//906 908//908 1080//1080
f 1018//1018 1073//1073 906//906
f 1018//1018 1010//1010 1073//1073
f 1080//1080 908//908 909//909
f 1016//1016 1083//1083 1078//1078
f 1016//1016 1018//1018 1083//1083
f 1018//1018 1080//1080 1083//1083
f 1083//1083 909//909 911//911
f 1080//1080 909//909 1083//1083
f 1000//1000 1060//1060 1021//1021
f 1021//1021 1063//1063 1023//1023
f 1060//1060 1063//1063 1021//1021
f 1063//1063 1068//1068 1025//1025
f 1025//1025 1023//1023 1063//1063
f 1068//1068 1070//1070 1027//1027
f 1027//1027 1025//1025 1068//1068
f 1070//1070 1077//1077 1029//1029
f 1029//1029 1027//1027 1070//1070
f 1029//1029 1078//1078 1031//1031
f 1077//1077 1078//1078 1029//1029
f 1078//1078 1083//1083 1033//1033
f 1033//1033 1031//1031 1078//1078
f 1035//1035 913//913 1086//1086
f 1035//1035 911//911 913//913
f 1035//1035 1083//1083 911//911
f 1035//1035 1033//1033 1083//1083
f 1035//1035 1086//1086 1037//1037
f 918//918 916//916 1090//1090
f 916//916 920//920 1091//1091
f 1091//1091 1090//1090 916//916
f 920//920 922//922 1093//1093
f 1093//1093 1091//1091 920//920
f 922//922 925//925 1095//1095
f 1095//1095 1093//1093 922//922
f 925//925 927//927 1052//1052
f 1052//1052 1095//1095 925//925
f 1052//1052 928//928 1055//1055
f 927//927 928//928 1052//1052
f 1055//1055 929//929 1065//1065
f 928//928 929//929 1055//1055
f 1086//1086 930//930 1097//1097
f 913//913 930//930 1086//1086
f 1099//1099 918//918 1090//1090
f 1099//1099 930//930 918//918
f 1099//1099 1097//1097 930//930
f 1086//1086 1097//1097 1040//1040
f 1040//1040 1037//1037 1086//1086
f 1040//1040 1099//1099 1042//1042
f 1097//1097 1099//1099 1040//1040
f 1090//1090 1091//1091 1101//1101
f 1101//1101 1099//1099 1090//1090
f 1101//1101 1093//1093 1103//1103
f 1091//1091 1093//1093 1101//1101
f 1042//1042 1101//1101 1044//1044
f 1099//1099 1101//1101 1042//1042
f 1044//1044 1103//1103 1046//1046
f 1101//1101 1103//1103 1044//1044
f 1103//1103 1095//1095 1105//1105
f 1093//1093 1095//1095 1103//1103
f 1095//1095 1052//1052 1057//1057
f 1057//1057 1105//1105 1095//1095
f 1046//1046 1105//1105 1047//1047
f 1103//1103 1105//1105 1046//1046
f 1105//1105 1057//1057 994//994
f 994//994 1047//1047 1105//1105
f 997//997 992//992 1159//1159
f 1159//1159 992//992 1001//1001
f 1005//1005 1014//1014 1168//1168
f 1168//1168 1165//1165 1005//1005
f 1014//1014 1017//1017 1171//1171
f 1171//1171 1168//1168 1014//1014
f 1173//1173 1168//1168 1175//1175
f 1165//1165 1168//1168 1173//1173
f 1168//1168 1171//1171 1177//1177
f 1177//1177 1175//1175 1168//1168
f 1179//1179 1017//1017 1159//1159
f 1017//1017 997//997 1159//1159
f 1179//1179 1171//1171 1017//1017
f 1181//1181 1179//1179 1019//1019
f 1179//1179 1001//1001 1019//1019
f 1179//1179 1159//1159 1001//1001
f 1171//1171 1179//1179 1183//1183
f 1183//1183 1177//1177 1171//1171
f 1179//1179 1181//1181 1185//1185
f 1185//1185 1183//1183 1179//1179
f 1181//1181 1020//1020 1187//1187
f 1019//1019 1020//1020 1181//1181
f 1020//1020 1022//1022 1188//1188
f 1188//1188 1187//1187 1020//1020
f 1181//1181 1187//1187 1190//1190
f 1190//1190 1185//1185 1181//1181
f 1190//1190 1188//1188 1192//1192
f 1187//1187 1188//1188 1190//1190
f 1022//1022 1024//1024 1194//1194
f 1194//1194 1188//1188 1022//1022
f 1024//1024 1026//1026 1196//1196
f 1196//1196 1194//1194 1024//1024
f 1188//1188 1194//1194 1199//1199
f 1199//1199 1192//1192 1188//1188
f 1194//1194 1196//1196 1201//1201
f 1201//1201 1199//1199 1194//1194
f 1114//1114 1175//1175 1121//1121
f 1173//1173 1175//1175 1114//1114
f 1121//1121 1177//1177 1125//1125
f 1175//1175 1177//1177 1121//1121
f 1125//1125 1183//1183 1127//1127
f 1177//1177 1183//1183 1125//1125
f 1183//1183 1185//1185 1129//1129
f 1129//1129 1127//1127 1183//1183
f 1185//1185 1190//1190 1132//1132
f 1132//1132 1129//1129 1185//1185
f 1132//1132 1192//1192 1134//1134
f 1190//1190 1192//1192 1132//1132
f 1134//1134 1199//1199 1136//1136
f 1192//1192 1199//1199 1134//1134
f 1199//1199 1201//1201 1138//1138
f 1138//1138 1136//1136 1199//1199
f 1030//1030 1028//1028 1204//1204
f 1028//1028 1032//1032 1205//1205
f 1205//1205 1204//1204 1028//1028
f 1205//1205 1032//1032 1034//1034
f 1207//1207 1030//1030 1204//1204
f 1207//1207 1026//1026 1030//1030
f 1207//1207 1196//1196 1026//1026
f 1207//1207 1205//1205 1208//1208
f 1204//1204 1205//1205 1207//1207
f 1196//1196 1207//1207 1209//1209
f 1209//1209 1201//1201 1196//1196
f 1207//1207 1208//1208 1210//1210
f 1210//1210 1209//1209 1207//1207
f 1211//1211 1208//1208 1036//1036
f 1208//1208 1034//1034 1036//1036
f 1208//1208 1205//1205 1034//1034
f 1211//1211 1036//1036 1038//1038
f 1208//1208 1211//1211 1212//1212
f 1212//1212 1210//1210 1208//1208
f 1213//1213 1038//1038 1039//1039
f 1213//1213 1212//1212 1038//1038
f 1212//1212 1211//1211 1038//1038
f 1140//1140 1160//1160 1112//1112
f 1039//1039 1041//1041 1214//1214
f 1214//1214 1213//1213 1039//1039
f 1041//1041 1043//1043 1153//1153
f 1153//1153 1214//1214 1041//1041
f 1119//1119 1160//1160 1140//1140
f 1153//1153 1045//1045 1157//1157
f 1043//1043 1045//1045 1153//1153
f 1157//1157 995//995 1166//1166
f 1045//1045 995//995 1157//1157
f 1138//1138 1209//1209 1142//1142
f 1201//1201 1209//1209 1138//1138
f 1209//1209 1210//1210 1143//1143
f 1143//1143 1142//1142 1209//1209
f 1145//1145 1212//1212 1215//1215
f 1145//1145 1210//1210 1212//1212
f 1145//1145 1143//1143 1210//1210
f 1212//1212 1213//1213 1216//1216
f 1216//1216 1215//1215 1212//1212
f 1145//1145 1215//1215 1147//1147
f 1215//1215 1216//1216 1148//1148
f 1148//1148 1147//1147 1215//1215
f 1213//1213 1214//1214 1217//1217
f 1217//1217 1216//1216 1213//1213
f 1214//1214 1153//1153 1161//1161
f 1161//1161 1217//1217 1214//1214
f 1216//1216 1217//1217 1151//1151
f 1151//1151 1148//1148 1216//1216
f 1217//1217 1161//1161 1110//1110
f 1110//1110 1151//1151 1217//1217
f 1271//1271 1112//1112 1116//1116
f 1271//1271 1116//1116 1119//1119
f 1123//1123 1122//1122 1277//1277
f 1126//1126 1123//1123 1277//1277
f 1277//1277 1122//1122 1128//1128
f 1277//1277 1128//1128 1126//1126
f 1272//1272 1130//1130 1285//1285
f 1117//1117 1130//1130 1272//1272
f 1285//1285 1130//1130 1131//1131
f 1218//1218 1285//1285 1222//1222
f 1272//1272 1285//1285 1218//1218
f 1224//1224 1222//1222 1290//1290
f 1222//1222 1285//1285 1290//1290
f 1285//1285 1131//1131 1290//1290
f 1131//1131 1133//1133 1290//1290
f 1224//1224 1290//1290 1228//1228
f 1290//1290 1135//1135 1292//1292
f 1133//1133 1135//1135 1290//1290
f 1292//1292 1137//1137 1295//1295
f 1135//1135 1137//1137 1292//1292
f 1290//1290 1292//1292 1231//1231
f 1231//1231 1228//1228 1290//1290
f 1234//1234 1295//1295 1296//1296
f 1234//1234 1292//1292 1295//1295
f 1234//1234 1231//1231 1292//1292
f 1295//1295 1139//1139 1297//1297
f 1137//1137 1139//1139 1295//1295
f 1139//1139 1141//1141 1299//1299
f 1299//1299 1297//1297 1139//1139
f 1296//1296 1297//1297 1298//1298
f 1295//1295 1297//1297 1296//1296
f 1298//1298 1299//1299 1300//1300
f 1297//1297 1299//1299 1298//1298
f 1299//1299 1144//1144 1302//1302
f 1141//1141 1144//1144 1299//1299
f 1302//1302 1146//1146 1303//1303
f 1144//1144 1146//1146 1302//1302
f 1299//1299 1302//1302 1301//1301
f 1301//1301 1300//1300 1299//1299
f 1238//1238 1301//1301 1303//1303
f 1301//1301 1302//1302 1303//1303
f 1238//1238 1240//1240 1301//1301
f 1248//1248 1307//1307 1246//1246
f 1246//1246 1307//1307 1250//1250
f 1248//1248 1146//1146 1307//1307
f 1146//1146 1149//1149 1307//1307
f 1248//1248 1303//1303 1146//1146
f 1248//1248 1253//1253 1303//1303
f 1255//1255 1250//1250 1310//1310
f 1250//1250 1150//1150 1310//1310
f 1250//1250 1307//1307 1150//1150
f 1307//1307 1149//1149 1150//1150
f 1253//1253 1238//1238 1303//1303
f 1253//1253 1256//1256 1238//1238
f 1256//1256 1252//1252 1238//1238
f 1256//1256 1304//1304 1252//1252
f 1256//1256 1305//1305 1304//1304
f 1256//1256 1255//1255 1305//1305
f 1255//1255 1310//1310 1305//1305
f 1310//1310 1152//1152 1312//1312
f 1150//1150 1152//1152 1310//1310
f 1312//1312 1111//1111 1270//1270
f 1152//1152 1111//1111 1312//1312
f 1310//1310 1312//1312 1308//1308
f 1308//1308 1305//1305 1310//1310
f 1312//1312 1270//1270 1280//1280
f 1280//1280 1308//1308 1312//1312
f 1477//1477 1325//1325 1328//1328
f 1477//1477 1328//1328 1330//1330
f 1575//1575 1448//1448 1578//1578
f 1444//1444 1448//1448 1575//1575
f 1578//1578 1454//1454 1581//1581
f 1448//1448 1454//1454 1578//1578
f 1590//1590 1588//1588 1592//1592
f 1585//1585 1588//1588 1590//1590
f 1592//1592 1575//1575 1596//1596
f 1588//1588 1575//1575 1592//1592
f 1601//1601 1592//1592 1605//1605
f 1590//1590 1592//1592 1601//1601
f 1605//1605 1596//1596 1607//1607
f 1592//1592 1596//1596 1605//1605
f 1596//1596 1578//1578 1611//1611
f 1575//1575 1578//1578 1596//1596
f 1611//1611 1581//1581 1614//1614
f 1578//1578 1581//1581 1611//1611
f 1607//1607 1611//1611 1617//1617
f 1596//1596 1611//1611 1607//1607
f 1617//1617 1614//1614 1624//1624
f 1611//1611 1614//1614 1617//1617
f 1555//1555 1560//1560 1689//1689
f 1689//1689 1685//1685 1555//1555
f 1560//1560 1562//1562 1691//1691
f 1691//1691 1689//1689 1560//1560
f 1562//1562 1564//1564 1693//1693
f 1693//1693 1691//1691 1562//1562
f 1693//1693 1565//1565 1694//1694
f 1564//1564 1565//1565 1693//1693
f 1696//1696 1689//1689 1698//1698
f 1685//1685 1689//1689 1696//1696
f 1689//1689 1691//1691 1700//1700
f 1700//1700 1698//1698 1689//1689
f 1701//1701 1698//1698 1702//1702
f 1696//1696 1698//1698 1701//1701
f 1702//1702 1700//1700 1703//1703
f 1698//1698 1700//1700 1702//1702
f 1691//1691 1693//1693 1704//1704
f 1704//1704 1700//1700 1691//1691
f 1693//1693 1694//1694 1705//1705
f 1705//1705 1704//1704 1693//1693
f 1700//1700 1704//1704 1706//1706
f 1706//1706 1703//1703 1700//1700
f 1706//1706 1705//1705 1707//1707
f 1704//1704 1705//1705 1706//1706
f 1694//1694 1566//1566 1708//1708
f 1565//1565 1566//1566 1694//1694
f 1708//1708 1567//1567 1709//1709
f 1566//1566 1567//1567 1708//1708
f 1709//1709 1568//1568 1710//1710
f 1567//1567 1568//1568 1709//1709
f 1710//1710 1569//1569 1711//1711
f 1568//1568 1569//1569 1710//1710
f 1705//1705 1708//1708 1712//1712
f 1694//1694 1708//1708 1705//1705
f 1712//1712 1709//1709 1713//1713
f 1708//1708 1709//1709 1712//1712
f 1707//1707 1712//1712 1714//1714
f 1705//1705 1712//1712 1707//1707
f 1714//1714 1713//1713 1715//1715
f 1712//1712 1713//1713 1714//1714
f 1713//1713 1710//1710 1716//1716
f 1709//1709 1710//1710 1713//1713
f 1716//1716 1711//1711 1717//1717
f 1710//1710 1711//1711 1716//1716
f 1715//1715 1716//1716 1718//1718
f 1713//1713 1716//1716 1715//1715
f 1718//1718 1717//1717 1719//1719
f 1716//1716 1717//1717 1718//1718
f 1711//1711 1570//1570 1720//1720
f 1569//1569 1570//1570 1711//1711
f 1720//1720 1571//1571 1721//1721
f 1570//1570 1571//1571 1720//1720
f 1721//1721 1571//1571 1572//1572
f 1717//1717 1720//1720 1722//1722
f 1711//1711 1720//1720 1717//1717
f 1722//1722 1721//1721 1723//1723
f 1720//1720 1721//1721 1722//1722
f 1719//1719 1722//1722 1724//1724
f 1717//1717 1722//1722 1719//1719
f 1724//1724 1723//1723 1725//1725
f 1722//1722 1723//1723 1724//1724
f 1726//1726 1723//1723 1573//1573
f 1723//1723 1572//1572 1573//1573
f 1723//1723 1721//1721 1572//1572
f 1726//1726 1553//1553 1683//1683
f 1573//1573 1553//1553 1726//1726
f 1725//1725 1726//1726 1727//1727
f 1723//1723 1726//1726 1725//1725
f 1726//1726 1683//1683 1690//1690
f 1690//1690 1727//1727 1726//1726
f 142//142 139//139 147//147
f 136//136 139//139 142//142
f 147//147 150//150 154//154
f 139//139 150//150 147//147
f 96//96 147//147 100//100
f 142//142 147//147 96//96
f 100//100 154//154 103//103
f 147//147 154//154 100//100
f 418//418 422//422 564//564
f 564//564 560//560 418//418
f 564//564 425//425 566//566
f 422//422 425//425 564//564
f 425//425 428//428 570//570
f 570//570 566//566 425//425
f 428//428 433//433 572//572
f 572//572 570//570 428//428
f 560//560 564//564 580//580
f 580//580 575//575 560//560
f 564//564 566//566 583//583
f 583//583 580//580 564//564
f 575//575 580//580 519//519
f 519//519 517//517 575//575
f 519//519 583//583 521//521
f 580//580 583//583 519//519
f 583//583 570//570 587//587
f 566//566 570//570 583//583
f 570//570 572//572 590//590
f 590//590 587//587 570//570
f 526//526 587//587 594//594
f 526//526 521//521 587//587
f 521//521 583//583 587//587
f 594//594 590//590 596//596
f 587//587 590//590 594//594
f 528//528 530//530 438//438
f 530//530 572//572 438//438
f 572//572 433//433 438//438
f 528//528 439//439 532//532
f 438//438 439//439 528//528
f 439//439 442//442 534//534
f 534//534 532//532 439//439
f 530//530 590//590 572//572
f 530//530 536//536 590//590
f 536//536 601//601 590//590
f 538//538 601//601 536//536
f 603//603 601//601 538//538
f 596//596 601//601 605//605
f 590//590 601//601 596//596
f 605//605 603//603 607//607
f 601//601 603//603 605//605
f 538//538 442//442 603//603
f 442//442 444//444 603//603
f 444//444 609//609 603//603
f 538//538 534//534 442//442
f 444//444 445//445 611//611
f 611//611 609//609 444//444
f 603//603 609//609 613//613
f 613//613 607//607 603//603
f 609//609 611//611 614//614
f 614//614 613//613 609//609
f 526//526 594//594 540//540
f 540//540 596//596 541//541
f 594//594 596//596 540//540
f 541//541 605//605 543//543
f 596//596 605//605 541//541
f 605//605 607//607 545//545
f 545//545 543//543 605//605
f 607//607 613//613 547//547
f 547//547 545//545 607//607
f 549//549 614//614 618//618
f 549//549 613//613 614//614
f 549//549 547//547 613//613
f 549//549 618//618 551//551
f 611//611 445//445 446//446
f 621//621 614//614 447//447
f 614//614 446//446 447//447
f 614//614 611//611 446//446
f 447//447 448//448 623//623
f 623//623 621//621 447//447
f 448//448 449//449 624//624
f 624//624 623//623 448//448
f 449//449 450//450 626//626
f 626//626 624//624 449//449
f 626//626 450//450 451//451
f 614//614 621//621 627//627
f 627//627 618//618 614//614
f 621//621 623//623 628//628
f 628//628 627//627 621//621
f 551//551 627//627 553//553
f 618//618 627//627 551//551
f 627//627 628//628 555//555
f 555//555 553//553 627//627
f 623//623 624//624 629//629
f 629//629 628//628 623//623
f 624//624 626//626 630//630
f 630//630 629//629 624//624
f 628//628 629//629 557//557
f 557//557 555//555 628//628
f 559//559 630//630 591//591
f 559//559 557//557 630//630
f 557//557 629//629 630//630
f 559//559 591//591 518//518
f 631//631 451//451 452//452
f 631//631 630//630 451//451
f 630//630 626//626 451//451
f 452//452 416//416 563//563
f 563//563 631//631 452//452
f 630//630 631//631 595//595
f 595//595 591//591 630//630
f 631//631 563//563 577//577
f 577//577 595//595 631//631
f 1554//1554 1556//1556 1688//1688
f 1688//1688 1684//1684 1554//1554
f 1688//1688 1556//1556 1558//1558
f 1112//1112 1160//1160 1116//1116
f 1116//1116 1160//1160 1119//1119
f 1166//1166 995//995 1000//1000
f 1007//1007 1004//1004 1169//1169
f 1169//1169 1004//1004 1010//1010
f 1122//1122 1007//1007 1169//1169
f 1122//1122 1123//1123 1007//1007
f 1123//1123 1013//1013 1007//1007
f 1016//1016 1013//1013 1123//1123
f 1123//1123 1126//1126 1016//1016
f 1128//1128 1122//1122 1018//1018
f 1122//1122 1169//1169 1018//1018
f 1169//1169 1010//1010 1018//1018
f 1018//1018 1016//1016 1126//1126
f 1126//1126 1128//1128 1018//1018
f 1174//1174 1000//1000 1021//1021
f 1174//1174 1167//1167 1000//1000
f 1167//1167 1166//1166 1000//1000
f 1021//1021 1023//1023 1176//1176
f 1176//1176 1174//1174 1021//1021
f 1167//1167 1174//1174 1130//1130
f 1130//1130 1117//1117 1167//1167
f 1131//1131 1176//1176 1178//1178
f 1131//1131 1174//1174 1176//1176
f 1131//1131 1130//1130 1174//1174
f 1176//1176 1025//1025 1180//1180
f 1023//1023 1025//1025 1176//1176
f 1025//1025 1027//1027 1182//1182
f 1182//1182 1180//1180 1025//1025
f 1178//1178 1180//1180 1184//1184
f 1176//1176 1180//1180 1178//1178
f 1184//1184 1182//1182 1186//1186
f 1180//1180 1182//1182 1184//1184
f 1131//1131 1178//1178 1133//1133
f 1133//1133 1184//1184 1135//1135
f 1178//1178 1184//1184 1133//1133
f 1135//1135 1186//1186 1137//1137
f 1184//1184 1186//1186 1135//1135
f 1027//1027 1029//1029 1189//1189
f 1189//1189 1182//1182 1027//1027
f 1029//1029 1031//1031 1191//1191
f 1191//1191 1189//1189 1029//1029
f 1182//1182 1189//1189 1193//1193
f 1193//1193 1186//1186 1182//1182
f 1193//1193 1191//1191 1195//1195
f 1189//1189 1191//1191 1193//1193
f 1191//1191 1033//1033 1197//1197
f 1031//1031 1033//1033 1191//1191
f 1197//1197 1033//1033 1035//1035
f 1191//1191 1197//1197 1198//1198
f 1198//1198 1195//1195 1191//1191
f 1200//1200 1035//1035 1037//1037
f 1200//1200 1198//1198 1035//1035
f 1198//1198 1197//1197 1035//1035
f 1137//1137 1193//1193 1139//1139
f 1186//1186 1193//1193 1137//1137
f 1139//1139 1195//1195 1141//1141
f 1193//1193 1195//1195 1139//1139
f 1195//1195 1198//1198 1144//1144
f 1144//1144 1141//1141 1195//1195
f 1144//1144 1200//1200 1146//1146
f 1198//1198 1200//1200 1144//1144
f 1200//1200 1040//1040 1202//1202
f 1037//1037 1040//1040 1200//1200
f 1202//1202 1042//1042 1203//1203
f 1040//1040 1042//1042 1202//1202
f 1203//1203 1044//1044 1206//1206
f 1042//1042 1044//1044 1203//1203
f 1206//1206 1046//1046 1170//1170
f 1044//1044 1046//1046 1206//1206
f 1200//1200 1202//1202 1149//1149
f 1149//1149 1146//1146 1200//1200
f 1202//1202 1203//1203 1150//1150
f 1150//1150 1149//1149 1202//1202
f 1150//1150 1206//1206 1152//1152
f 1203//1203 1206//1206 1150//1150
f 1152//1152 1170//1170 1111//1111
f 1206//1206 1170//1170 1152//1152
f 1170//1170 1047//1047 1172//1172
f 1046//1046 1047//1047 1170//1170
f 1172//1172 994//994 1154//1154
f 1047//1047 994//994 1172//1172
f 1268//1268 1121//1121 1274//1274
f 1114//1114 1121//1121 1268//1268
f 1274//1274 1125//1125 1279//1279
f 1121//1121 1125//1125 1274//1274
f 1282//1282 1274//1274 1288//1288
f 1268//1268 1274//1274 1282//1282
f 1288//1288 1279//1279 1291//1291
f 1274//1274 1279//1279 1288//1288
f 1279//1279 1127//1127 1294//1294
f 1125//1125 1127//1127 1279//1279
f 1127//1127 1129//1129 1306//1306
f 1306//1306 1294//1294 1127//1127
f 1291//1291 1294//1294 1309//1309
f 1279//1279 1294//1294 1291//1291
f 1309//1309 1306//1306 1311//1311
f 1294//1294 1306//1306 1309//1309
f 1282//1282 1288//1288 1227//1227
f 1227//1227 1220//1220 1282//1282
f 1227//1227 1291//1291 1230//1230
f 1288//1288 1291//1291 1227//1227
f 1230//1230 1309//1309 1235//1235
f 1291//1291 1309//1309 1230//1230
f 1235//1235 1311//1311 1237//1237
f 1309//1309 1311//1311 1235//1235
f 1306//1306 1132//1132 1313//1313
f 1129//1129 1132//1132 1306//1306
f 1313//1313 1134//1134 1314//1314
f 1132//1132 1134//1134 1313//1313
f 1311//1311 1313//1313 1315//1315
f 1306//1306 1313//1313 1311//1311
f 1315//1315 1314//1314 1316//1316
f 1313//1313 1314//1314 1315//1315
f 1314//1314 1136//1136 1317//1317
f 1134//1134 1136//1136 1314//1314
f 1317//1317 1138//1138 1318//1318
f 1136//1136 1138//1138 1317//1317
f 1241//1241 1314//1314 1317//1317
f 1241//1241 1243//1243 1314//1314
f 1243//1243 1316//1316 1314//1314
f 1241//1241 1318//1318 1245//1245
f 1317//1317 1318//1318 1241//1241
f 1237//1237 1315//1315 1249//1249
f 1311//1311 1315//1315 1237//1237
f 1249//1249 1316//1316 1251//1251
f 1315//1315 1316//1316 1249//1249
f 1251//1251 1316//1316 1243//1243
f 1140//1140 1112//1112 1271//1271
f 1119//1119 1140//1140 1271//1271
f 1138//1138 1142//1142 1319//1319
f 1319//1319 1318//1318 1138//1138
f 1319//1319 1143//1143 1320//1320
f 1142//1142 1143//1143 1319//1319
f 1257//1257 1319//1319 1321//1321
f 1257//1257 1318//1318 1319//1319
f 1257//1257 1245//1245 1318//1318
f 1321//1321 1320//1320 1322//1322
f 1319//1319 1320//1320 1321//1321
f 1320//1320 1143//1143 1145//1145
f 1323//1323 1145//1145 1147//1147
f 1323//1323 1322//1322 1145//1145
f 1322//1322 1320//1320 1145//1145
f 1147//1147 1148//1148 1275//1275
f 1275//1275 1323//1323 1147//1147
f 1257//1257 1321//1321 1259//1259
f 1259//1259 1322//1322 1261//1261
f 1321//1321 1322//1322 1259//1259
f 1263//1263 1323//1323 1324//1324
f 1263//1263 1322//1322 1323//1323
f 1263//1263 1261//1261 1322//1322
f 1323//1323 1275//1275 1281//1281
f 1281//1281 1324//1324 1323//1323
f 1263//1263 1324//1324 1265//1265
f 1324//1324 1281//1281 1221//1221
f 1221//1221 1265//1265 1324//1324
f 1148//1148 1151//1151 1278//1278
f 1278//1278 1275//1275 1148//1148
f 1151//1151 1110//1110 1267//1267
f 1267//1267 1278//1278 1151//1151
f 1683//1683 1557//1557 1686//1686
f 1553//1553 1557//1557 1683//1683
f 1686//1686 1559//1559 1687//1687
f 1557//1557 1559//1559 1686//1686
f 1683//1683 1686//1686 1692//1692
f 1692//1692 1690//1690 1683//1683
f 1686//1686 1687//1687 1695//1695
f 1695//1695 1692//1692 1686//1686
f 1687//1687 1561//1561 1697//1697
f 1559//1559 1561//1561 1687//1687
f 1697//1697 1561//1561 1563//1563
f 1687//1687 1697//1697 1699//1699
f 1699//1699 1695//1695 1687//1687
f 1684//1684 1699//1699 1554//1554
f 1699//1699 1563//1563 1554//1554
f 1699//1699 1697//1697 1563//1563
f 770//770 828//828 773//773
f 820//820 828//828 770//770
f 773//773 832//832 777//777
f 828//828 832//832 773//773
f 832//832 836//836 780//780
f 780//780 777//777 832//832
f 836//836 841//841 783//783
f 783//783 780//780 836//836
f 786//786 844//844 788//788
f 792//792 844//844 786//786
f 841//841 846//846 794//794
f 794//794 783//783 841//841
f 796//796 848//848 851//851
f 796//796 846//846 848//848
f 796//796 794//794 846//846
f 796//796 851//851 798//798
f 851//851 853//853 854//854
f 848//848 853//853 851//851
f 854//854 855//855 857//857
f 853//853 855//855 854//854
f 798//798 854//854 799//799
f 851//851 854//854 798//798
f 799//799 857//857 801//801
f 854//854 857//857 799//799
f 788//788 844//844 804//804
f 804//804 844//844 792//792
f 857//857 859//859 863//863
f 855//855 859//859 857//857
f 859//859 862//862 866//866
f 866//866 863//863 859//859
f 801//801 863//863 805//805
f 857//857 863//863 801//801
f 863//863 866//866 806//806
f 806//806 805//805 863//863
f 862//862 865//865 869//869
f 869//869 866//866 862//862
f 871//871 869//869 636//636
f 869//869 634//634 636//636
f 869//869 865//865 634//634
f 866//866 869//869 807//807
f 807//807 806//806 866//866
f 808//808 871//871 873//873
f 808//808 869//869 871//871
f 808//808 807//807 869//869
f 808//808 873//873 809//809
f 636//636 645//645 875//875
f 875//875 871//871 636//636
f 645//645 649//649 876//876
f 876//876 875//875 645//645
f 871//871 875//875 878//878
f 878//878 873//873 871//871
f 875//875 876//876 879//879
f 879//879 878//878 875//875
f 649//649 652//652 882//882
f 882//882 876//876 649//649
f 652//652 657//657 883//883
f 883//883 882//882 652//652
f 876//876 882//882 885//885
f 885//885 879//879 876//876
f 882//882 883//883 886//886
f 886//886 885//885 882//882
f 873//873 878//878 810//810
f 810//810 809//809 873//873
f 878//878 879//879 811//811
f 811//811 810//810 878//878
f 879//879 885//885 812//812
f 812//812 811//811 879//879
f 885//885 886//886 813//813
f 813//813 812//812 885//885
f 634//634 690//690 636//636
f 690//690 693//693 645//645
f 645//645 636//636 690//690
f 693//693 696//696 649//649
f 649//649 645//645 693//693
f 696//696 699//699 652//652
f 652//652 649//649 696//696
f 699//699 703//703 657//657
f 657//657 652//652 699//699
f 1057//1057 1055//1055 1062//1062
f 1052//1052 1055//1055 1057//1057
f 1062//1062 1065//1065 1071//1071
f 1055//1055 1065//1065 1062//1062
f 994//994 1062//1062 998//998
f 1057//1057 1062//1062 994//994
f 998//998 1071//1071 1003//1003
f 1062//1062 1071//1071 998//998
f 1325//1325 1365//1365 1328//1328
f 1328//1328 1365//1365 1330//1330
f 1218//1218 1375//1375 1370//1370
f 1222//1222 1375//1375 1218//1218
f 1375//1375 1222//1222 1224//1224
f 1370//1370 1375//1375 1378//1378
f 1378//1378 1374//1374 1370//1370
f 1382//1382 1378//1378 1228//1228
f 1378//1378 1224//1224 1228//1228
f 1378//1378 1375//1375 1224//1224
f 1228//1228 1231//1231 1384//1384
f 1384//1384 1382//1382 1228//1228
f 1384//1384 1231//1231 1234//1234
f 1240//1240 1238//1238 1388//1388
f 1248//1248 1246//1246 1394//1394
f 1394//1394 1246//1246 1250//1250
f 1253//1253 1394//1394 1398//1398
f 1248//1248 1394//1394 1253//1253
f 1398//1398 1250//1250 1255//1255
f 1394//1394 1250//1250 1398//1398
f 1388//1388 1238//1238 1252//1252
f 1398//1398 1256//1256 1253//1253
f 1398//1398 1255//1255 1256//1256
f 356//356 206//206 209//209
f 320//320 361//361 321//321
f 321//321 365//365 323//323
f 361//361 365//365 321//321
f 323//323 367//367 326//326
f 365//365 367//367 323//323
f 326//326 371//371 328//328
f 367//367 371//371 326//326
f 332//332 376//376 378//378
f 332//332 371//371 376//376
f 332//332 328//328 371//371
f 378//378 381//381 385//385
f 376//376 381//381 378//378
f 332//332 378//378 335//335
f 335//335 385//385 337//337
f 378//378 385//385 335//335
f 385//385 386//386 390//390
f 381//381 386//386 385//385
f 390//390 356//356 392//392
f 386//386 356//356 390//390
f 337//337 390//390 340//340
f 385//385 390//390 337//337
f 340//340 392//392 342//342
f 390//390 392//392 340//340
f 395//395 209//209 213//213
f 395//395 392//392 209//209
f 392//392 356//356 209//209
f 395//395 216//216 397//397
f 213//213 216//216 395//395
f 345//345 395//395 400//400
f 345//345 392//392 395//395
f 345//345 342//342 392//392
f 400//400 397//397 401//401
f 395//395 397//397 400//400
f 397//397 218//218 403//403
f 216//216 218//218 397//397
f 403//403 220//220 405//405
f 218//218 220//220 403//403
f 401//401 403//403 407//407
f 397//397 403//403 401//401
f 407//407 405//405 409//409
f 403//403 405//405 407//407
f 345//345 400//400 346//346
f 346//346 401//401 348//348
f 400//400 401//401 346//346
f 348//348 407//407 350//350
f 401//401 407//407 348//348
f 350//350 409//409 352//352
f 407//407 409//409 350//350
f 887//887 931//931 892//892
f 1154//1154 998//998 1158//1158
f 994//994 998//998 1154//1154
f 1158//1158 1003//1003 1162//1162
f 998//998 1003//1003 1158//1158
f 1170//1170 1172//1172 1115//1115
f 1115//1115 1111//1111 1170//1170
f 1115//1115 1154//1154 1118//1118
f 1172//1172 1154//1154 1115//1115
f 1118//1118 1158//1158 1120//1120
f 1154//1154 1158//1158 1118//1118
f 1158//1158 1162//1162 1124//1124
f 1124//1124 1120//1120 1158//1158
f 5//5 7//7 2//2
f 6//6 7//7 5//5
f 8//8 7//7 6//6
f 4//4 8//8 6//6
f 1484//1484 1483//1483 1485//1485
f 1481//1481 1483//1483 1484//1484
f 1485//1485 1486//1486 1502//1502
f 1483//1483 1486//1486 1485//1485
f 1444//1444 1485//1485 1448//1448
f 1484//1484 1485//1485 1444//1444
f 1448//1448 1502//1502 1454//1454
f 1485//1485 1502//1502 1448//1448
f 677//677 679//679 686//686
f 686//686 684//684 677//677
f 679//679 678//678 689//689
f 689//689 686//686 679//679
f 684//684 686//686 637//637
f 637//637 633//633 684//684
f 686//686 689//689 639//639
f 639//639 637//637 686//686
f 1111//1111 1115//1115 1273//1273
f 1273//1273 1270//1270 1111//1111
f 1273//1273 1118//1118 1276//1276
f 1115//1115 1118//1118 1273//1273
f 1280//1280 1273//1273 1283//1283
f 1270//1270 1273//1273 1280//1280
f 1219//1219 1223//1223 1276//1276
f 1223//1223 1273//1273 1276//1276
f 1223//1223 1283//1283 1273//1273
f 1276//1276 1120//1120 1287//1287
f 1118//1118 1120//1120 1276//1276
f 1120//1120 1124//1124 1289//1289
f 1289//1289 1287//1287 1120//1120
f 1219//1219 1287//1287 1226//1226
f 1276//1276 1287//1287 1219//1219
f 1232//1232 1289//1289 1293//1293
f 1232//1232 1226//1226 1289//1289
f 1226//1226 1287//1287 1289//1289
f 1234//1234 1296//1296 1239//1239
f 1239//1239 1298//1298 1242//1242
f 1296//1296 1298//1298 1239//1239
f 1242//1242 1300//1300 1244//1244
f 1298//1298 1300//1300 1242//1242
f 1300//1300 1301//1301 1247//1247
f 1247//1247 1244//1244 1300//1300
f 1247//1247 1301//1301 1240//1240
f 1252//1252 1304//1304 1254//1254
f 1254//1254 1305//1305 1258//1258
f 1304//1304 1305//1305 1254//1254
f 1305//1305 1308//1308 1260//1260
f 1260//1260 1258//1258 1305//1305
f 1308//1308 1280//1280 1262//1262
f 1262//1262 1260//1260 1308//1308
f 1262//1262 1283//1283 1264//1264
f 1280//1280 1283//1283 1262//1262
f 1264//1264 1283//1283 1223//1223
f 1232//1232 1293//1293 1266//1266
f 7//7 8//8 3//3
f 3//3 1//1 7//7
f 3//3 8//8 4//4
f 355//355 210//210 359//359
f 207//207 210//210 355//355
f 210//210 217//217 362//362
f 362//362 359//359 210//210
f 362//362 217//217 219//219
f 366//366 359//359 369//369
f 355//355 359//359 366//366
f 359//359 362//362 373//373
f 373//373 369//369 359//359
f 366//366 369//369 319//319
f 319//319 317//317 366//366
f 369//369 373//373 322//322
f 322//322 319//319 369//369
f 380//380 219//219 221//221
f 380//380 373//373 219//219
f 373//373 362//362 219//219
f 221//221 223//223 384//384
f 384//384 380//380 221//221
f 373//373 380//380 327//327
f 327//327 322//322 373//373
f 380//380 384//384 330//330
f 330//330 327//327 380//380
f 223//223 225//225 388//388
f 388//388 384//384 223//223
f 388//388 227//227 391//391
f 225//225 227//227 388//388
f 320//320 388//388 361//361
f 320//320 384//384 388//388
f 320//320 330//330 384//384
f 361//361 391//391 365//365
f 388//388 391//391 361//361
f 391//391 228//228 396//396
f 227//227 228//228 391//391
f 396//396 228//228 230//230
f 365//365 396//396 367//367
f 391//391 396//396 365//365
f 371//371 230//230 233//233
f 371//371 367//367 230//230
f 367//367 396//396 230//230
f 371//371 235//235 376//376
f 233//233 235//235 371//371
f 376//376 237//237 381//381
f 235//235 237//237 376//376
f 381//381 238//238 386//386
f 237//237 238//238 381//381
f 386//386 206//206 356//356
f 238//238 206//206 386//386
f 318//318 325//325 459//459
f 459//459 453//453 318//318
f 325//325 329//329 463//463
f 463//463 459//459 325//325
f 463//463 331//331 468//468
f 329//329 331//331 463//463
f 468//468 333//333 471//471
f 331//331 333//333 468//468
f 453//453 459//459 477//477
f 477//477 475//475 453//453
f 459//459 463//463 479//479
f 479//479 477//477 459//459
f 475//475 477//477 421//421
f 421//421 415//415 475//475
f 421//421 479//479 423//423
f 477//477 479//479 421//421
f 479//479 468//468 481//481
f 463//463 468//468 479//479
f 481//481 471//471 483//483
f 468//468 471//471 481//481
f 423//423 481//481 426//426
f 479//479 481//481 423//423
f 426//426 483//483 429//429
f 481//481 483//483 426//426
f 471//471 336//336 485//485
f 333//333 336//336 471//471
f 336//336 339//339 486//486
f 486//486 485//485 336//336
f 339//339 341//341 489//489
f 489//489 486//486 339//339
f 341//341 344//344 490//490
f 490//490 489//489 341//341
f 483//483 485//485 492//492
f 471//471 485//485 483//483
f 492//492 486//486 494//494
f 485//485 486//486 492//492
f 429//429 492//492 431//431
f 483//483 492//492 429//429
f 431//431 494//494 432//432
f 492//492 494//494 431//431
f 486//486 489//489 495//495
f 495//495 494//494 486//486
f 489//489 490//490 497//497
f 497//497 495//495 489//489
f 432//432 495//495 435//435
f 494//494 495//495 432//432
f 495//495 497//497 437//437
f 437//437 435//435 495//495
f 344//344 347//347 500//500
f 500//500 490//490 344//344
f 347//347 349//349 501//501
f 501//501 500//500 347//347
f 349//349 351//351 504//504
f 504//504 501//501 349//349
f 504//504 351//351 353//353
f 490//490 500//500 506//506
f 506//506 497//497 490//490
f 500//500 501//501 508//508
f 508//508 506//506 500//500
f 497//497 506//506 440//440
f 440//440 437//437 497//497
f 506//506 508//508 441//441
f 441//441 440//440 506//506
f 501//501 504//504 510//510
f 510//510 508//508 501//501
f 456//456 353//353 316//316
f 456//456 510//510 353//353
f 510//510 504//504 353//353
f 441//441 510//510 443//443
f 508//508 510//510 441//441
f 443//443 456//456 417//417
f 510//510 456//456 443//443
f 932//932 769//769 936//936
f 767//767 769//769 932//932
f 769//769 772//772 939//939
f 939//939 936//936 769//769
f 939//939 772//772 775//775
f 888//888 931//931 887//887
f 890//890 897//897 1058//1058
f 1058//1058 1051//1051 890//890
f 897//897 899//899 1061//1061
f 1061//1061 1058//1058 897//897
f 1051//1051 1058//1058 1067//1067
f 1067//1067 1064//1064 1051//1051
f 1067//1067 1061//1061 1069//1069
f 1058//1058 1061//1061 1067//1067
f 1061//1061 901//901 1072//1072
f 899//899 901//901 1061//1061
f 1072//1072 903//903 1074//1074
f 901//901 903//903 1072//1072
f 992//992 1061//1061 1072//1072
f 992//992 1069//1069 1061//1061
f 992//992 997//997 1069//1069
f 1001//1001 1072//1072 1076//1076
f 1072//1072 1074//1074 1076//1076
f 1001//1001 992//992 1072//1072
f 1064//1064 1067//1067 1014//1014
f 1014//1014 1005//1005 1064//1064
f 1014//1014 1069//1069 1017//1017
f 1067//1067 1069//1069 1014//1014
f 1017//1017 1069//1069 997//997
f 1001//1001 1076//1076 1019//1019
f 1074//1074 905//905 1079//1079
f 903//903 905//905 1074//1074
f 1079//1079 907//907 1081//1081
f 905//905 907//907 1079//1079
f 1076//1076 1079//1079 1082//1082
f 1074//1074 1079//1079 1076//1076
f 1079//1079 1081//1081 1084//1084
f 1084//1084 1082//1082 1079//1079
f 1081//1081 910//910 1085//1085
f 907//907 910//910 1081//1081
f 1085//1085 912//912 1087//1087
f 910//910 912//912 1085//1085
f 1084//1084 1085//1085 1088//1088
f 1081//1081 1085//1085 1084//1084
f 1088//1088 1087//1087 1089//1089
f 1085//1085 1087//1087 1088//1088
f 1019//1019 1082//1082 1020//1020
f 1076//1076 1082//1082 1019//1019
f 1082//1082 1084//1084 1022//1022
f 1022//1022 1020//1020 1082//1082
f 1084//1084 1088//1088 1024//1024
f 1024//1024 1022//1022 1084//1084
f 1024//1024 1089//1089 1026//1026
f 1088//1088 1089//1089 1024//1024
f 1087//1087 914//914 1092//1092
f 912//912 914//914 1087//1087
f 1092//1092 915//915 1094//1094
f 914//914 915//915 1092//1092
f 1028//1028 1087//1087 1092//1092
f 1028//1028 1030//1030 1087//1087
f 1030//1030 1089//1089 1087//1087
f 1092//1092 1094//1094 1032//1032
f 1032//1032 1028//1028 1092//1092
f 1094//1094 915//915 917//917
f 1034//1034 917//917 1096//1096
f 917//917 919//919 1096//1096
f 1034//1034 1032//1032 917//917
f 1032//1032 1094//1094 917//917
f 1096//1096 921//921 1098//1098
f 919//919 921//921 1096//1096
f 1026//1026 1089//1089 1030//1030
f 1034//1034 1096//1096 1036//1036
f 1038//1038 1098//1098 1100//1100
f 1038//1038 1096//1096 1098//1098
f 1038//1038 1036//1036 1096//1096
f 1038//1038 1100//1100 1039//1039
f 921//921 923//923 1102//1102
f 1102//1102 1098//1098 921//921
f 923//923 924//924 1104//1104
f 1104//1104 1102//1102 923//923
f 924//924 926//926 1106//1106
f 1106//1106 1104//1104 924//924
f 926//926 889//889 1050//1050
f 1050//1050 1106//1106 926//926
f 1098//1098 1102//1102 1107//1107
f 1107//1107 1100//1100 1098//1098
f 1102//1102 1104//1104 1108//1108
f 1108//1108 1107//1107 1102//1102
f 1100//1100 1107//1107 1041//1041
f 1041//1041 1039//1039 1100//1100
f 1107//1107 1108//1108 1043//1043
f 1043//1043 1041//1041 1107//1107
f 1108//1108 1106//1106 1109//1109
f 1104//1104 1106//1106 1108//1108
f 1109//1109 1050//1050 1054//1054
f 1106//1106 1050//1050 1109//1109
f 1108//1108 1109//1109 1045//1045
f 1045//1045 1043//1043 1108//1108
f 1109//1109 1054//1054 995//995
f 995//995 1045//1045 1109//1109
f 1161//1161 1157//1157 1164//1164
f 1153//1153 1157//1157 1161//1161
f 1157//1157 1166//1166 1167//1167
f 1167//1167 1164//1164 1157//1157
f 1161//1161 1164//1164 1113//1113
f 1113//1113 1110//1110 1161//1161
f 1164//1164 1167//1167 1117//1117
f 1117//1117 1113//1113 1164//1164
f 1267//1267 1113//1113 1269//1269
f 1110//1110 1113//1113 1267//1267
f 1269//1269 1117//1117 1272//1272
f 1113//1113 1117//1117 1269//1269
f 1275//1275 1278//1278 1284//1284
f 1284//1284 1281//1281 1275//1275
f 1284//1284 1267//1267 1286//1286
f 1278//1278 1267//1267 1284//1284
f 1281//1281 1284//1284 1225//1225
f 1225//1225 1221//1221 1281//1281
f 1225//1225 1286//1286 1229//1229
f 1284//1284 1286//1286 1225//1225
f 1233//1233 1236//1236 1269//1269
f 1236//1236 1267//1267 1269//1269
f 1236//1236 1286//1286 1267//1267
f 1233//1233 1272//1272 1218//1218
f 1269//1269 1272//1272 1233//1233
f 1229//1229 1286//1286 1236//1236
f 1327//1327 1365//1365 1325//1325
f 1221//1221 1225//1225 1369//1369
f 1369//1369 1367//1367 1221//1221
f 1225//1225 1229//1229 1371//1371
f 1371//1371 1369//1369 1225//1225
f 1236//1236 1233//1233 1373//1373
f 1330//1330 1365//1365 1327//1327
f 1370//1370 1233//1233 1218//1218
f 1373//1373 1233//1233 1370//1370
f 1377//1377 1236//1236 1373//1373
f 1377//1377 1371//1371 1236//1236
f 1371//1371 1229//1229 1236//1236
f 1373//1373 1370//1370 1374//1374
f 1374//1374 1377//1377 1373//1373
f 1332//1332 1383//1383 1335//1335
f 1379//1379 1383//1383 1332//1332
f 1383//1383 1385//1385 1336//1336
f 1336//1336 1335//1335 1383//1383
f 1385//1385 1390//1390 1338//1338
f 1338//1338 1336//1336 1385//1385
f 1390//1390 1393//1393 1340//1340
f 1340//1340 1338//1338 1390//1390
f 1340//1340 1396//1396 1341//1341
f 1393//1393 1396//1396 1340//1340
f 1396//1396 1399//1399 1343//1343
f 1343//1343 1341//1341 1396//1396
f 1343//1343 1403//1403 1345//1345
f 1399//1399 1403//1403 1343//1343
f 1403//1403 1406//1406 1347//1347
f 1347//1347 1345//1345 1403//1403
f 1406//1406 1410//1410 1349//1349
f 1349//1349 1347//1347 1406//1406
f 1410//1410 1413//1413 1351//1351
f 1351//1351 1349//1349 1410//1410
f 1353//1353 1416//1416 1418//1418
f 1353//1353 1413//1413 1416//1416
f 1353//1353 1351//1351 1413//1413
f 1416//1416 1367//1367 1420//1420
f 1420//1420 1418//1418 1416//1416
f 1353//1353 1418//1418 1355//1355
f 1418//1418 1420//1420 1356//1356
f 1356//1356 1355//1355 1418//1418
f 1420//1420 1369//1369 1423//1423
f 1367//1367 1369//1369 1420//1420
f 1369//1369 1371//1371 1425//1425
f 1425//1425 1423//1423 1369//1369
f 1356//1356 1423//1423 1358//1358
f 1420//1420 1423//1423 1356//1356
f 1358//1358 1425//1425 1360//1360
f 1423//1423 1425//1425 1358//1358
f 1371//1371 1377//1377 1428//1428
f 1428//1428 1425//1425 1371//1371
f 1428//1428 1374//1374 1380//1380
f 1377//1377 1374//1374 1428//1428
f 1360//1360 1428//1428 1362//1362
f 1425//1425 1428//1428 1360//1360
f 1362//1362 1380//1380 1326//1326
f 1428//1428 1380//1380 1362//1362
f 1326//1326 1329//1329 1479//1479
f 1479//1479 1478//1478 1326//1326
f 1329//1329 1331//1331 1480//1480
f 1480//1480 1479//1479 1329//1329
f 1331//1331 1333//1333 1482//1482
f 1482//1482 1480//1480 1331//1331
f 1482//1482 1333//1333 1334//1334
f 1478//1478 1479//1479 1489//1489
f 1489//1489 1487//1487 1478//1478
f 1479//1479 1480//1480 1490//1490
f 1490//1490 1489//1489 1479//1479
f 1487//1487 1489//1489 1443//1443
f 1443//1443 1441//1441 1487//1487
f 1445//1445 1490//1490 1491//1491
f 1445//1445 1489//1489 1490//1490
f 1445//1445 1443//1443 1489//1489
f 1480//1480 1482//1482 1493//1493
f 1493//1493 1490//1490 1480//1480
f 1495//1495 1334//1334 1337//1337
f 1495//1495 1493//1493 1334//1334
f 1493//1493 1482//1482 1334//1334
f 1490//1490 1493//1493 1497//1497
f 1497//1497 1491//1491 1490//1490
f 1493//1493 1495//1495 1498//1498
f 1498//1498 1497//1497 1493//1493
f 1337//1337 1339//1339 1499//1499
f 1499//1499 1495//1495 1337//1337
f 1499//1499 1342//1342 1500//1500
f 1339//1339 1342//1342 1499//1499
f 1495//1495 1499//1499 1501//1501
f 1501//1501 1498//1498 1495//1495
f 1499//1499 1500//1500 1503//1503
f 1503//1503 1501//1501 1499//1499
f 1500//1500 1344//1344 1506//1506
f 1342//1342 1344//1344 1500//1500
f 1506//1506 1346//1346 1507//1507
f 1344//1344 1346//1346 1506//1506
f 1503//1503 1506//1506 1509//1509
f 1500//1500 1506//1506 1503//1503
f 1509//1509 1507//1507 1511//1511
f 1506//1506 1507//1507 1509//1509
f 1445//1445 1491//1491 1446//1446
f 1491//1491 1497//1497 1450//1450
f 1450//1450 1446//1446 1491//1491
f 1497//1497 1498//1498 1453//1453
f 1453//1453 1450//1450 1497//1497
f 1498//1498 1501//1501 1456//1456
f 1456//1456 1453//1453 1498//1498
f 1456//1456 1503//1503 1459//1459
f 1501//1501 1503//1503 1456//1456
f 1459//1459 1509//1509 1461//1461
f 1503//1503 1509//1509 1459//1459
f 1461//1461 1511//1511 1463//1463
f 1509//1509 1511//1511 1461//1461
f 1507//1507 1348//1348 1515//1515
f 1346//1346 1348//1348 1507//1507
f 1515//1515 1350//1350 1517//1517
f 1348//1348 1350//1350 1515//1515
f 1511//1511 1515//1515 1519//1519
f 1507//1507 1515//1515 1511//1511
f 1519//1519 1517//1517 1521//1521
f 1515//1515 1517//1517 1519//1519
f 1517//1517 1352//1352 1523//1523
f 1350//1350 1352//1352 1517//1517
f 1523//1523 1354//1354 1525//1525
f 1352//1352 1354//1354 1523//1523
f 1521//1521 1523//1523 1527//1527
f 1517//1517 1523//1523 1521//1521
f 1527//1527 1525//1525 1529//1529
f 1523//1523 1525//1525 1527//1527
f 1354//1354 1357//1357 1531//1531
f 1531//1531 1525//1525 1354//1354
f 1357//1357 1359//1359 1539//1539
f 1539//1539 1531//1531 1357//1357
f 1529//1529 1531//1531 1541//1541
f 1525//1525 1531//1531 1529//1529
f 1541//1541 1539//1539 1481//1481
f 1531//1531 1539//1539 1541//1541
f 1359//1359 1361//1361 1543//1543
f 1543//1543 1539//1539 1359//1359
f 1361//1361 1363//1363 1545//1545
f 1545//1545 1543//1543 1361//1361
f 1539//1539 1543//1543 1483//1483
f 1483//1483 1481//1481 1539//1539
f 1543//1543 1545//1545 1486//1486
f 1486//1486 1483//1483 1543//1543
f 1463//1463 1519//1519 1466//1466
f 1511//1511 1519//1519 1463//1463
f 1466//1466 1521//1521 1468//1468
f 1519//1519 1521//1521 1466//1466
f 1468//1468 1527//1527 1470//1470
f 1521//1521 1527//1527 1468//1468
f 1470//1470 1529//1529 1471//1471
f 1527//1527 1529//1529 1470//1470
f 1474//1474 1541//1541 1552//1552
f 1474//1474 1529//1529 1541//1541
f 1474//1474 1471//1471 1529//1529
f 1552//1552 1481//1481 1484//1484
f 1541//1541 1481//1481 1552//1552
f 1474//1474 1552//1552 1476//1476
f 1476//1476 1484//1484 1444//1444
f 1552//1552 1484//1484 1476//1476
f 12//12 40//40 15//15
f 40//40 42//42 18//18
f 18//18 15//15 40//40
f 42//42 44//44 21//21
f 21//21 18//18 42//42
f 25//25 45//45 46//46
f 25//25 44//44 45//45
f 25//25 21//21 44//44
f 25//25 46//46 30//30
f 46//46 47//47 49//49
f 45//45 47//47 46//46
f 49//49 43//43 50//50
f 47//47 43//43 49//49
f 46//46 49//49 31//31
f 31//31 30//30 46//46
f 31//31 50//50 11//11
f 49//49 50//50 31//31
f 138//138 13//13 16//16
f 22//22 13//13 138//138
f 138//138 16//16 27//27
f 27//27 22//22 138//138
f 247//247 101//101 249//249
f 98//98 101//101 247//247
f 249//249 105//105 252//252
f 101//101 105//105 249//249
f 252//252 105//105 106//106
f 254//254 249//249 255//255
f 247//247 249//249 254//254
f 255//255 252//252 256//256
f 249//249 252//252 255//255
f 207//207 255//255 210//210
f 254//254 255//255 207//207
f 210//210 256//256 217//217
f 255//255 256//256 210//210
f 257//257 106//106 109//109
f 257//257 256//256 106//106
f 256//256 252//252 106//106
f 257//257 112//112 258//258
f 109//109 112//112 257//257
f 219//219 257//257 261//261
f 219//219 217//217 257//257
f 217//217 256//256 257//257
f 261//261 258//258 263//263
f 257//257 258//258 261//261
f 219//219 261//261 221//221
f 261//261 263//263 223//223
f 223//223 221//221 261//261
f 258//258 113//113 268//268
f 112//112 113//113 258//258
f 268//268 115//115 270//270
f 113//113 115//115 268//268
f 263//263 268//268 273//273
f 258//258 268//268 263//263
f 273//273 270//270 276//276
f 268//268 270//270 273//273
f 270//270 117//117 279//279
f 115//115 117//117 270//270
f 279//279 117//117 119//119
f 276//276 279//279 282//282
f 270//270 279//279 276//276
f 283//283 119//119 121//121
f 283//283 282//282 119//119
f 282//282 279//279 119//119
f 263//263 273//273 225//225
f 225//225 223//223 263//263
f 225//225 276//276 227//227
f 273//273 276//276 225//225
f 227//227 282//282 228//228
f 276//276 282//282 227//227
f 230//230 283//283 288//288
f 230//230 282//282 283//283
f 230//230 228//228 282//282
f 230//230 288//288 233//233
f 283//283 123//123 290//290
f 121//121 123//123 283//283
f 290//290 125//125 292//292
f 123//123 125//125 290//290
f 292//292 127//127 294//294
f 125//125 127//127 292//292
f 294//294 129//129 260//260
f 127//127 129//129 294//294
f 288//288 290//290 296//296
f 283//283 290//290 288//288
f 296//296 292//292 298//298
f 290//290 292//292 296//296
f 233//233 296//296 235//235
f 288//288 296//296 233//233
f 235//235 298//298 237//237
f 296//296 298//298 235//235
f 298//298 294//294 300//300
f 292//292 294//294 298//298
f 300//300 260//260 264//264
f 294//294 260//260 300//300
f 237//237 300//300 238//238
f 298//298 300//300 237//237
f 238//238 264//264 206//206
f 300//300 264//264 238//238
f 260//260 131//131 262//262
f 129//129 131//131 260//260
f 262//262 96//96 244//244
f 131//131 96//96 262//262
f 317//317 319//319 458//458
f 458//458 455//455 317//317
f 319//319 322//322 462//462
f 462//462 458//458 319//319
f 322//322 327//327 467//467
f 467//467 462//462 322//322
f 327//327 330//330 472//472
f 472//472 467//467 327//327
f 472//472 330//330 320//320
f 561//561 417//417 420//420
f 567//567 565//565 573//573
f 562//562 565//565 567//567
f 573//573 569//569 576//576
f 565//565 569//569 573//573
f 516//516 573//573 524//524
f 567//567 573//573 516//516
f 524//524 576//576 527//527
f 573//573 576//576 524//524
f 569//569 574//574 582//582
f 582//582 576//576 569//569
f 582//582 578//578 585//585
f 574//574 578//578 582//582
f 576//576 582//582 529//529
f 529//529 527//527 576//576
f 582//582 585//585 531//531
f 531//531 529//529 582//582
f 585//585 581//581 589//589
f 578//578 581//581 585//585
f 589//589 586//586 593//593
f 581//581 586//586 589//589
f 531//531 589//589 533//533
f 585//585 589//589 531//531
f 533//533 593//593 535//535
f 589//589 593//593 533//533
f 593//593 588//588 597//597
f 586//586 588//588 593//593
f 597//597 592//592 599//599
f 588//588 592//592 597//597
f 535//535 597//597 537//537
f 593//593 597//597 535//535
f 537//537 599//599 539//539
f 597//597 599//599 537//537
f 592//592 598//598 604//604
f 604//604 599//599 592//592
f 598//598 600//600 606//606
f 606//606 604//604 598//598
f 599//599 604//604 542//542
f 542//542 539//539 599//599
f 542//542 606//606 544//544
f 604//604 606//606 542//542
f 606//606 602//602 608//608
f 600//600 602//602 606//606
f 608//608 561//561 610//610
f 602//602 561//561 608//608
f 544//544 608//608 546//546
f 606//606 608//608 544//544
f 548//548 610//610 612//612
f 548//548 608//608 610//610
f 548//548 546//546 608//608
f 548//548 612//612 550//550
f 615//615 610//610 427//427
f 610//610 420//420 427//427
f 610//610 561//561 420//420
f 615//615 430//430 616//616
f 427//427 430//430 615//615
f 610//610 615//615 617//617
f 617//617 612//612 610//610
f 615//615 616//616 619//619
f 619//619 617//617 615//615
f 616//616 434//434 620//620
f 430//430 434//434 616//616
f 620//620 434//434 436//436
f 616//616 620//620 622//622
f 622//622 619//619 616//616
f 560//560 436//436 418//418
f 560//560 622//622 436//436
f 622//622 620//620 436//436
f 612//612 617//617 552//552
f 552//552 550//550 612//612
f 617//617 619//619 554//554
f 554//554 552//552 617//617
f 556//556 622//622 625//625
f 556//556 619//619 622//622
f 556//556 554//554 619//619
f 622//622 560//560 575//575
f 575//575 625//625 622//622
f 556//556 625//625 558//558
f 625//625 575//575 517//517
f 517//517 558//558 625//625
f 517//517 519//519 682//682
f 682//682 678//678 517//517
f 519//519 521//521 685//685
f 685//685 682//682 519//519
f 685//685 521//521 526//526
f 530//530 528//528 691//691
f 691//691 532//532 694//694
f 528//528 532//532 691//691
f 694//694 532//532 534//534
f 536//536 530//530 691//691
f 536//536 691//691 694//694
f 694//694 538//538 536//536
f 694//694 534//534 538//538
f 635//635 638//638 682//682
f 638//638 678//678 682//682
f 638//638 689//689 678//678
f 641//641 682//682 701//701
f 682//682 685//685 701//701
f 641//641 635//635 682//682
f 638//638 639//639 689//689
f 638//638 642//642 639//639
f 642//642 644//644 639//639
f 642//642 704//704 644//644
f 642//642 706//706 704//704
f 642//642 701//701 706//706
f 642//642 641//641 701//701
f 708//708 526//526 540//540
f 708//708 701//701 526//526
f 701//701 685//685 526//526
f 708//708 541//541 710//710
f 540//540 541//541 708//708
f 701//701 708//708 712//712
f 712//712 706//706 701//701
f 708//708 710//710 714//714
f 714//714 712//712 708//708
f 644//644 704//704 647//647
f 704//704 706//706 650//650
f 650//650 647//647 704//704
f 706//706 712//712 653//653
f 653//653 650//650 706//706
f 712//712 714//714 655//655
f 655//655 653//653 712//712
f 710//710 543//543 718//718
f 541//541 543//543 710//710
f 543//543 545//545 719//719
f 719//719 718//718 543//543
f 710//710 718//718 721//721
f 721//721 714//714 710//710
f 718//718 719//719 723//723
f 723//723 721//721 718//718
f 545//545 547//547 725//725
f 725//725 719//719 545//545
f 725//725 547//547 549//549
f 723//723 725//725 727//727
f 719//719 725//725 723//723
f 730//730 549//549 551//551
f 730//730 727//727 549//549
f 727//727 725//725 549//549
f 714//714 721//721 656//656
f 656//656 655//655 714//714
f 658//658 656//656 732//732
f 656//656 723//723 732//732
f 656//656 721//721 723//723
f 658//658 732//732 659//659
f 661//661 723//723 727//727
f 661//661 732//732 723//723
f 661//661 663//663 732//732
f 665//665 730//730 735//735
f 665//665 661//661 730//730
f 661//661 727//727 730//730
f 659//659 732//732 663//663
f 665//665 735//735 667//667
f 730//730 553//553 738//738
f 551//551 553//553 730//730
f 553//553 555//555 741//741
f 741//741 738//738 553//553
f 555//555 557//557 742//742
f 742//742 741//741 555//555
f 742//742 557//557 559//559
f 730//730 738//738 743//743
f 743//743 735//735 730//730
f 738//738 741//741 745//745
f 745//745 743//743 738//738
f 735//735 743//743 671//671
f 671//671 667//667 735//735
f 743//743 745//745 672//672
f 672//672 671//671 743//743
f 741//741 742//742 747//747
f 747//747 745//745 741//741
f 680//680 559//559 518//518
f 680//680 747//747 559//559
f 747//747 742//742 559//559
f 745//745 747//747 674//674
f 674//674 672//672 745//745
f 634//634 680//680 690//690
f 634//634 747//747 680//680
f 634//634 674//674 747//747
f 895//895 888//888 1048//1048
f 999//999 1059//1059 993//993
f 1006//1006 1049//1049 1002//1002
f 1009//1009 993//993 1059//1059
f 1012//1012 1059//1059 999//999
f 1009//1009 1059//1059 1012//1012
f 1015//1015 1049//1049 1006//1006
f 1053//1053 1049//1049 1015//1015
f 1011//1011 1053//1053 1015//1015
f 892//892 895//895 1048//1048
f 1364//1364 1227//1227 1372//1372
f 1220//1220 1227//1227 1364//1364
f 1372//1372 1230//1230 1376//1376
f 1227//1227 1230//1230 1372//1372
f 1364//1364 1372//1372 1383//1383
f 1383//1383 1379//1379 1364//1364
f 1372//1372 1376//1376 1385//1385
f 1385//1385 1383//1383 1372//1372
f 1376//1376 1235//1235 1387//1387
f 1230//1230 1235//1235 1376//1376
f 1387//1387 1237//1237 1391//1391
f 1235//1235 1237//1237 1387//1387
f 1376//1376 1387//1387 1390//1390
f 1390//1390 1385//1385 1376//1376
f 1390//1390 1391//1391 1393//1393
f 1387//1387 1391//1391 1390//1390
f 1243//1243 1241//1241 1397//1397
f 1397//1397 1245//1245 1401//1401
f 1241//1241 1245//1245 1397//1397
f 1237//1237 1249//1249 1404//1404
f 1404//1404 1391//1391 1237//1237
f 1404//1404 1251//1251 1407//1407
f 1249//1249 1251//1251 1404//1404
f 1391//1391 1404//1404 1396//1396
f 1396//1396 1393//1393 1391//1391
f 1404//1404 1407//1407 1399//1399
f 1399//1399 1396//1396 1404//1404
f 1411//1411 1251//1251 1397//1397
f 1251//1251 1243//1243 1397//1397
f 1411//1411 1407//1407 1251//1251
f 1397//1397 1401//1401 1414//1414
f 1414//1414 1411//1411 1397//1397
f 1407//1407 1411//1411 1403//1403
f 1403//1403 1399//1399 1407//1407
f 1411//1411 1414//1414 1406//1406
f 1406//1406 1403//1403 1411//1411
f 1401//1401 1245//1245 1257//1257
f 1419//1419 1414//1414 1259//1259
f 1414//1414 1257//1257 1259//1259
f 1414//1414 1401//1401 1257//1257
f 1419//1419 1261//1261 1421//1421
f 1259//1259 1261//1261 1419//1419
f 1414//1414 1419//1419 1410//1410
f 1410//1410 1406//1406 1414//1414
f 1419//1419 1421//1421 1413//1413
f 1413//1413 1410//1410 1419//1419
f 1421//1421 1261//1261 1263//1263
f 1416//1416 1263//1263 1265//1265
f 1416//1416 1413//1413 1263//1263
f 1413//1413 1421//1421 1263//1263
f 1265//1265 1221//1221 1367//1367
f 1367//1367 1416//1416 1265//1265
f 1442//1442 1447//1447 1591//1591
f 1591//1591 1583//1583 1442//1442
f 1447//1447 1449//1449 1595//1595
f 1595//1595 1591//1591 1447//1447
f 1583//1583 1591//1591 1604//1604
f 1604//1604 1598//1598 1583//1583
f 1591//1591 1595//1595 1606//1606
f 1606//1606 1604//1604 1591//1591
f 1449//1449 1451//1451 1609//1609
f 1609//1609 1595//1595 1449//1449
f 1451//1451 1452//1452 1610//1610
f 1610//1610 1609//1609 1451//1451
f 1595//1595 1609//1609 1613//1613
f 1613//1613 1606//1606 1595//1595
f 1609//1609 1610//1610 1615//1615
f 1615//1615 1613//1613 1609//1609
f 1610//1610 1455//1455 1619//1619
f 1452//1452 1455//1455 1610//1610
f 1619//1619 1457//1457 1621//1621
f 1455//1455 1457//1457 1619//1619
f 1615//1615 1619//1619 1623//1623
f 1610//1610 1619//1619 1615//1615
f 1623//1623 1621//1621 1626//1626
f 1619//1619 1621//1621 1623//1623
f 1621//1621 1458//1458 1627//1627
f 1457//1457 1458//1458 1621//1621
f 1627//1627 1458//1458 1460//1460
f 1626//1626 1627//1627 1629//1629
f 1621//1621 1627//1627 1626//1626
f 1630//1630 1627//1627 1462//1462
f 1627//1627 1460//1460 1462//1462
f 1630//1630 1629//1629 1627//1627
f 1598//1598 1604//1604 1635//1635
f 1635//1635 1632//1632 1598//1598
f 1604//1604 1606//1606 1637//1637
f 1637//1637 1635//1635 1604//1604
f 1632//1632 1635//1635 1560//1560
f 1560//1560 1555//1555 1632//1632
f 1635//1635 1637//1637 1562//1562
f 1562//1562 1560//1560 1635//1635
f 1606//1606 1613//1613 1639//1639
f 1639//1639 1637//1637 1606//1606
f 1613//1613 1615//1615 1641//1641
f 1641//1641 1639//1639 1613//1613
f 1637//1637 1639//1639 1564//1564
f 1564//1564 1562//1562 1637//1637
f 1564//1564 1641//1641 1565//1565
f 1639//1639 1641//1641 1564//1564
f 1641//1641 1623//1623 1643//1643
f 1615//1615 1623//1623 1641//1641
f 1643//1643 1626//1626 1645//1645
f 1623//1623 1626//1626 1643//1643
f 1565//1565 1643//1643 1566//1566
f 1641//1641 1643//1643 1565//1565
f 1566//1566 1645//1645 1567//1567
f 1643//1643 1645//1645 1566//1566
f 1645//1645 1629//1629 1647//1647
f 1626//1626 1629//1629 1645//1645
f 1647//1647 1630//1630 1649//1649
f 1629//1629 1630//1630 1647//1647
f 1567//1567 1647//1647 1568//1568
f 1645//1645 1647//1647 1567//1567
f 1568//1568 1649//1649 1569//1569
f 1647//1647 1649//1649 1568//1568
f 1630//1630 1464//1464 1652//1652
f 1462//1462 1464//1464 1630//1630
f 1464//1464 1465//1465 1654//1654
f 1654//1654 1652//1652 1464//1464
f 1654//1654 1467//1467 1656//1656
f 1465//1465 1467//1467 1654//1654
f 1656//1656 1469//1469 1658//1658
f 1467//1467 1469//1469 1656//1656
f 1658//1658 1472//1472 1660//1660
f 1469//1469 1472//1472 1658//1658
f 1660//1660 1473//1473 1574//1574
f 1472//1472 1473//1473 1660//1660
f 1574//1574 1475//1475 1577//1577
f 1473//1473 1475//1475 1574//1574
f 1475//1475 1441//1441 1576//1576
f 1576//1576 1577//1577 1475//1475
f 1649//1649 1652//1652 1663//1663
f 1630//1630 1652//1652 1649//1649
f 1652//1652 1654//1654 1664//1664
f 1664//1664 1663//1663 1652//1652
f 1569//1569 1663//1663 1570//1570
f 1649//1649 1663//1663 1569//1569
f 1570//1570 1664//1664 1571//1571
f 1663//1663 1664//1664 1570//1570
f 1654//1654 1656//1656 1666//1666
f 1666//1666 1664//1664 1654//1654
f 1666//1666 1658//1658 1667//1667
f 1656//1656 1658//1658 1666//1666
f 1572//1572 1666//1666 1669//1669
f 1572//1572 1664//1664 1666//1666
f 1572//1572 1571//1571 1664//1664
f 1666//1666 1667//1667 1597//1597
f 1597//1597 1669//1669 1666//1666
f 1572//1572 1669//1669 1573//1573
f 1573//1573 1597//1597 1553//1553
f 1669//1669 1597//1597 1573//1573
f 1667//1667 1660//1660 1672//1672
f 1658//1658 1660//1660 1667//1667
f 1672//1672 1574//1574 1579//1579
f 1660//1660 1574//1574 1672//1672
f 1667//1667 1672//1672 1599//1599
f 1599//1599 1597//1597 1667//1667
f 1672//1672 1579//1579 1586//1586
f 1586//1586 1599//1599 1672//1672
f 9//9 1//1 3//3
f 3//3 10//10 9//9
f 10//10 3//3 4//4
f 50//50 48//48 51//51
f 43//43 48//48 50//50
f 51//51 52//52 53//53
f 48//48 52//52 51//51
f 11//11 51//51 14//14
f 50//50 51//51 11//11
f 14//14 53//53 17//17
f 51//51 53//53 14//14
f 53//53 54//54 55//55
f 52//52 54//54 53//53
f 55//55 56//56 57//57
f 54//54 56//56 55//55
f 17//17 55//55 19//19
f 53//53 55//55 17//17
f 20//20 57//57 58//58
f 20//20 55//55 57//57
f 20//20 19//19 55//55
f 20//20 58//58 23//23
f 57//57 59//59 60//60
f 56//56 59//59 57//57
f 60//60 61//61 62//62
f 59//59 61//61 60//60
f 58//58 60//60 63//63
f 57//57 60//60 58//58
f 63//63 62//62 64//64
f 60//60 62//62 63//63
f 61//61 65//65 66//66
f 66//66 62//62 61//61
f 65//65 67//67 68//68
f 68//68 66//66 65//65
f 64//64 66//66 69//69
f 62//62 66//66 64//64
f 69//69 68//68 70//70
f 66//66 68//68 69//69
f 23//23 63//63 24//24
f 58//58 63//63 23//23
f 24//24 64//64 26//26
f 63//63 64//64 24//24
f 26//26 69//69 28//28
f 64//64 69//69 26//26
f 28//28 70//70 29//29
f 69//69 70//70 28//28
f 67//67 71//71 72//72
f 72//72 68//68 67//67
f 71//71 73//73 74//74
f 74//74 72//72 71//71
f 70//70 72//72 75//75
f 68//68 72//72 70//70
f 72//72 74//74 76//76
f 76//76 75//75 72//72
f 73//73 77//77 78//78
f 78//78 74//74 73//73
f 77//77 79//79 80//80
f 80//80 78//78 77//77
f 74//74 78//78 81//81
f 81//81 76//76 74//74
f 78//78 80//80 82//82
f 82//82 81//81 78//78
f 29//29 75//75 32//32
f 70//70 75//75 29//29
f 32//32 76//76 33//33
f 75//75 76//76 32//32
f 33//33 81//81 34//34
f 76//76 81//81 33//33
f 81//81 82//82 35//35
f 35//35 34//34 81//81
f 79//79 83//83 84//84
f 84//84 80//80 79//79
f 83//83 85//85 86//86
f 86//86 84//84 83//83
f 80//80 84//84 87//87
f 87//87 82//82 80//80
f 84//84 86//86 88//88
f 88//88 87//87 84//84
f 85//85 89//89 90//90
f 90//90 86//86 85//85
f 89//89 91//91 92//92
f 92//92 90//90 89//89
f 86//86 90//90 93//93
f 93//93 88//88 86//86
f 90//90 92//92 94//94
f 94//94 93//93 90//90
f 82//82 87//87 36//36
f 36//36 35//35 82//82
f 87//87 88//88 37//37
f 37//37 36//36 87//87
f 88//88 93//93 38//38
f 38//38 37//37 88//88
f 93//93 94//94 39//39
f 39//39 38//38 93//93
f 132//132 14//14 134//134
f 11//11 14//14 132//132
f 134//134 17//17 135//135
f 14//14 17//17 134//134
f 135//135 19//19 137//137
f 17//17 19//19 135//135
f 137//137 19//19 20//20
f 140//140 134//134 141//141
f 132//132 134//134 140//140
f 141//141 135//135 143//143
f 134//134 135//135 141//141
f 98//98 141//141 101//101
f 140//140 141//141 98//98
f 101//101 143//143 105//105
f 141//141 143//143 101//101
f 143//143 137//137 145//145
f 135//135 137//137 143//143
f 146//146 20//20 23//23
f 146//146 145//145 20//20
f 145//145 137//137 20//20
f 106//106 145//145 148//148
f 106//106 143//143 145//145
f 106//106 105//105 143//143
f 148//148 146//146 151//151
f 145//145 146//146 148//148
f 146//146 24//24 153//153
f 23//23 24//24 146//146
f 153//153 26//26 155//155
f 24//24 26//26 153//153
f 151//151 153//153 156//156
f 146//146 153//153 151//151
f 156//156 155//155 158//158
f 153//153 155//155 156//156
f 155//155 28//28 160//160
f 26//26 28//28 155//155
f 160//160 29//29 161//161
f 28//28 29//29 160//160
f 158//158 160//160 162//162
f 155//155 160//160 158//158
f 162//162 161//161 164//164
f 160//160 161//161 162//162
f 106//106 148//148 109//109
f 109//109 151//151 112//112
f 148//148 151//151 109//109
f 112//112 156//156 113//113
f 151//151 156//156 112//112
f 113//113 158//158 115//115
f 156//156 158//158 113//113
f 115//115 162//162 117//117
f 158//158 162//162 115//115
f 119//119 164//164 166//166
f 119//119 162//162 164//164
f 119//119 117//117 162//162
f 119//119 166//166 121//121
f 161//161 32//32 169//169
f 29//29 32//32 161//161
f 169//169 33//33 170//170
f 32//32 33//33 169//169
f 164//164 169//169 172//172
f 161//161 169//169 164//164
f 172//172 170//170 174//174
f 169//169 170//170 172//172
f 170//170 34//34 175//175
f 33//33 34//34 170//170
f 175//175 35//35 177//177
f 34//34 35//35 175//175
f 174//174 175//175 178//178
f 170//170 175//175 174//174
f 178//178 177//177 180//180
f 175//175 177//177 178//178
f 35//35 36//36 181//181
f 181//181 177//177 35//35
f 36//36 37//37 184//184
f 184//184 181//181 36//36
f 180//180 181//181 185//185
f 177//177 181//181 180//180
f 185//185 184//184 136//136
f 181//181 184//184 185//185
f 37//37 38//38 187//187
f 187//187 184//184 37//37
f 38//38 39//39 189//189
f 189//189 187//187 38//38
f 184//184 187//187 139//139
f 139//139 136//136 184//184
f 187//187 189//189 150//150
f 150//150 139//139 187//187
f 166//166 172//172 193//193
f 164//164 172//172 166//166
f 193//193 174//174 195//195
f 172//172 174//174 193//193
f 121//121 193//193 123//123
f 166//166 193//193 121//121
f 123//123 195//195 125//125
f 193//193 195//195 123//123
f 195//195 178//178 197//197
f 174//174 178//178 195//195
f 197//197 180//180 198//198
f 178//178 180//180 197//197
f 125//125 197//197 127//127
f 195//195 197//197 125//125
f 127//127 198//198 129//129
f 197//197 198//198 127//127
f 198//198 185//185 200//200
f 180//180 185//185 198//198
f 200//200 136//136 142//142
f 185//185 136//136 200//200
f 129//129 200//200 131//131
f 198//198 200//200 129//129
f 131//131 142//142 96//96
f 200//200 142//142 131//131
f 244//244 100//100 248//248
f 96//96 100//100 244//244
f 248//248 103//103 250//250
f 100//100 103//103 248//248
f 264//264 262//262 266//266
f 260//260 262//262 264//264
f 266//266 244//244 269//269
f 262//262 244//244 266//266
f 209//209 266//266 272//272
f 209//209 264//264 266//266
f 209//209 206//206 264//264
f 272//272 269//269 274//274
f 266//266 269//269 272//272
f 269//269 248//248 277//277
f 244//244 248//248 269//269
f 277//277 250//250 280//280
f 248//248 250//250 277//277
f 274//274 277//277 284//284
f 269//269 277//277 274//274
f 284//284 280//280 286//286
f 277//277 280//280 284//284
f 209//209 272//272 213//213
f 213//213 274//274 216//216
f 272//272 274//274 213//213
f 216//216 284//284 218//218
f 274//274 284//284 216//216
f 218//218 286//286 220//220
f 284//284 286//286 218//218
f 455//455 458//458 466//466
f 466//466 461//461 455//455
f 458//458 462//462 470//470
f 470//470 466//466 458//458
f 418//418 466//466 422//422
f 461//461 466//466 418//418
f 466//466 470//470 425//425
f 425//425 422//422 466//466
f 462//462 467//467 474//474
f 474//474 470//470 462//462
f 467//467 472//472 478//478
f 478//478 474//474 467//467
f 470//470 474//474 428//428
f 428//428 425//425 470//470
f 428//428 478//478 433//433
f 474//474 478//478 428//428
f 482//482 320//320 321//321
f 482//482 478//478 320//320
f 478//478 472//472 320//320
f 321//321 323//323 484//484
f 484//484 482//482 321//321
f 478//478 482//482 438//438
f 438//438 433//433 478//478
f 438//438 484//484 439//439
f 482//482 484//484 438//438
f 484//484 326//326 487//487
f 323//323 326//326 484//484
f 487//487 328//328 488//488
f 326//326 328//328 487//487
f 442//442 487//487 491//491
f 442//442 484//484 487//487
f 442//442 439//439 484//484
f 491//491 488//488 493//493
f 487//487 488//488 491//491
f 442//442 491//491 444//444
f 491//491 493//493 445//445
f 445//445 444//444 491//491
f 488//488 328//328 332//332
f 496//496 493//493 335//335
f 493//493 332//332 335//335
f 493//493 488//488 332//332
f 496//496 337//337 498//498
f 335//335 337//337 496//496
f 498//498 340//340 499//499
f 337//337 340//340 498//498
f 499//499 342//342 502//502
f 340//340 342//342 499//499
f 446//446 496//496 503//503
f 446//446 493//493 496//496
f 446//446 445//445 493//493
f 496//496 498//498 505//505
f 505//505 503//503 496//496
f 446//446 503//503 447//447
f 503//503 505//505 448//448
f 448//448 447//447 503//503
f 498//498 499//499 507//507
f 507//507 505//505 498//498
f 507//507 502//502 509//509
f 499//499 502//502 507//507
f 505//505 507//507 449//449
f 449//449 448//448 505//505
f 507//507 509//509 450//450
f 450//450 449//449 507//507
f 502//502 342//342 345//345
f 511//511 345//345 346//346
f 511//511 509//509 345//345
f 509//509 502//502 345//345
f 511//511 348//348 512//512
f 346//346 348//348 511//511
f 451//451 511//511 513//513
f 451//451 509//509 511//511
f 451//451 450//450 509//509
f 513//513 512//512 454//454
f 511//511 512//512 513//513
f 512//512 350//350 514//514
f 348//348 350//350 512//512
f 514//514 352//352 515//515
f 350//350 352//352 514//514
f 454//454 514//514 457//457
f 512//512 514//514 454//454
f 457//457 515//515 464//464
f 514//514 515//515 457//457
f 451//451 513//513 452//452
f 513//513 454//454 416//416
f 416//416 452//452 513//513
f 681//681 524//524 688//688
f 516//516 524//524 681//681
f 688//688 527//527 692//692
f 524//524 527//527 688//688
f 527//527 529//529 695//695
f 695//695 692//692 527//527
f 529//529 531//531 697//697
f 697//697 695//695 529//529
f 700//700 688//688 705//705
f 681//681 688//688 700//700
f 705//705 692//692 707//707
f 688//688 692//692 705//705
f 709//709 705//705 711//711
f 700//700 705//705 709//709
f 711//711 707//707 713//713
f 705//705 707//707 711//711
f 692//692 695//695 715//715
f 715//715 707//707 692//692
f 695//695 697//697 716//716
f 716//716 715//715 695//695
f 713//713 715//715 717//717
f 707//707 715//715 713//713
f 715//715 716//716 720//720
f 720//720 717//717 715//715
f 531//531 533//533 722//722
f 722//722 697//697 531//531
f 533//533 535//535 724//724
f 724//724 722//722 533//533
f 535//535 537//537 726//726
f 726//726 724//724 535//535
f 537//537 539//539 728//728
f 728//728 726//726 537//537
f 697//697 722//722 729//729
f 729//729 716//716 697//697
f 722//722 724//724 731//731
f 731//731 729//729 722//722
f 716//716 729//729 733//733
f 733//733 720//720 716//716
f 729//729 731//731 734//734
f 734//734 733//733 729//729
f 724//724 726//726 736//736
f 736//736 731//731 724//724
f 736//736 728//728 737//737
f 726//726 728//728 736//736
f 734//734 736//736 739//739
f 731//731 736//736 734//734
f 739//739 737//737 740//740
f 736//736 737//737 739//739
f 632//632 711//711 640//640
f 709//709 711//711 632//632
f 640//640 713//713 643//643
f 711//711 713//713 640//640
f 643//643 717//717 646//646
f 713//713 717//717 643//643
f 717//717 720//720 648//648
f 648//648 646//646 717//717
f 720//720 733//733 651//651
f 651//651 648//648 720//720
f 651//651 734//734 654//654
f 733//733 734//734 651//651
f 654//654 739//739 660//660
f 734//734 739//739 654//654
f 660//660 740//740 662//662
f 739//739 740//740 660//660
f 728//728 542//542 744//744
f 539//539 542//542 728//728
f 744//744 544//544 746//746
f 542//542 544//544 744//744
f 746//746 546//546 748//748
f 544//544 546//546 746//746
f 748//748 546//546 548//548
f 737//737 744//744 749//749
f 728//728 744//744 737//737
f 749//749 746//746 750//750
f 744//744 746//746 749//749
f 740//740 749//749 751//751
f 737//737 749//749 740//740
f 749//749 750//750 752//752
f 752//752 751//751 749//749
f 746//746 748//748 753//753
f 753//753 750//750 746//746
f 754//754 548//548 550//550
f 754//754 753//753 548//548
f 753//753 748//748 548//548
f 750//750 753//753 755//755
f 755//755 752//752 750//750
f 753//753 754//754 756//756
f 756//756 755//755 753//753
f 550//550 552//552 757//757
f 757//757 754//754 550//550
f 552//552 554//554 758//758
f 758//758 757//757 552//552
f 754//754 757//757 759//759
f 759//759 756//756 754//754
f 757//757 758//758 677//677
f 677//677 759//759 757//757
f 758//758 554//554 556//556
f 679//679 556//556 558//558
f 679//679 677//677 556//556
f 677//677 758//758 556//556
f 558//558 517//517 678//678
f 678//678 679//679 558//558
f 664//664 740//740 760//760
f 740//740 751//751 760//760
f 664//664 662//662 740//740
f 751//751 752//752 761//761
f 761//761 760//760 751//751
f 760//760 762//762 666//666
f 666//666 664//664 760//760
f 762//762 761//761 763//763
f 760//760 761//761 762//762
f 761//761 755//755 764//764
f 752//752 755//755 761//761
f 755//755 756//756 765//765
f 765//765 764//764 755//755
f 668//668 761//761 764//764
f 668//668 669//669 761//761
f 669//669 763//763 761//761
f 668//668 765//765 670//670
f 764//764 765//765 668//668
f 666//666 762//762 673//673
f 762//762 763//763 675//675
f 675//675 673//673 762//762
f 675//675 763//763 669//669
f 756//756 759//759 766//766
f 766//766 765//765 756//756
f 759//759 677//677 684//684
f 684//684 766//766 759//759
f 765//765 766//766 676//676
f 676//676 670//670 765//765
f 766//766 684//684 633//633
f 633//633 676//676 766//766
f 1223//1223 1219//1219 1366//1366
f 1366//1366 1226//1226 1368//1368
f 1219//1219 1226//1226 1366//1366
f 1368//1368 1226//1226 1232//1232
f 1374//1374 1378//1378 1381//1381
f 1381//1381 1380//1380 1374//1374
f 1378//1378 1382//1382 1386//1386
f 1386//1386 1381//1381 1378//1378
f 1380//1380 1381//1381 1329//1329
f 1329//1329 1326//1326 1380//1380
f 1381//1381 1386//1386 1331//1331
f 1331//1331 1329//1329 1381//1381
f 1382//1382 1384//1384 1389//1389
f 1389//1389 1386//1386 1382//1382
f 1392//1392 1234//1234 1239//1239
f 1392//1392 1389//1389 1234//1234
f 1389//1389 1384//1384 1234//1234
f 1386//1386 1389//1389 1333//1333
f 1333//1333 1331//1331 1386//1386
f 1334//1334 1392//1392 1395//1395
f 1334//1334 1389//1389 1392//1392
f 1334//1334 1333//1333 1389//1389
f 1334//1334 1395//1395 1337//1337
f 1239//1239 1242//1242 1400//1400
f 1400//1400 1392//1392 1239//1239
f 1400//1400 1244//1244 1402//1402
f 1242//1242 1244//1244 1400//1400
f 1392//1392 1400//1400 1405//1405
f 1405//1405 1395//1395 1392//1392
f 1405//1405 1402//1402 1408//1408
f 1400//1400 1402//1402 1405//1405
f 1244//1244 1247//1247 1409//1409
f 1409//1409 1402//1402 1244//1244
f 1412//1412 1240//1240 1388//1388
f 1412//1412 1247//1247 1240//1240
f 1412//1412 1409//1409 1247//1247
f 1408//1408 1409//1409 1415//1415
f 1402//1402 1409//1409 1408//1408
f 1415//1415 1412//1412 1417//1417
f 1409//1409 1412//1412 1415//1415
f 1395//1395 1405//1405 1339//1339
f 1339//1339 1337//1337 1395//1395
f 1339//1339 1408//1408 1342//1342
f 1405//1405 1408//1408 1339//1339
f 1342//1342 1415//1415 1344//1344
f 1408//1408 1415//1415 1342//1342
f 1344//1344 1417//1417 1346//1346
f 1415//1415 1417//1417 1344//1344
f 1422//1422 1412//1412 1254//1254
f 1412//1412 1252//1252 1254//1254
f 1412//1412 1388//1388 1252//1252
f 1254//1254 1258//1258 1424//1424
f 1424//1424 1422//1422 1254//1254
f 1417//1417 1422//1422 1426//1426
f 1412//1412 1422//1422 1417//1417
f 1422//1422 1424//1424 1427//1427
f 1427//1427 1426//1426 1422//1422
f 1258//1258 1260//1260 1429//1429
f 1429//1429 1424//1424 1258//1258
f 1260//1260 1262//1262 1430//1430
f 1430//1430 1429//1429 1260//1260
f 1424//1424 1429//1429 1431//1431
f 1431//1431 1427//1427 1424//1424
f 1429//1429 1430//1430 1432//1432
f 1432//1432 1431//1431 1429//1429
f 1346//1346 1426//1426 1348//1348
f 1417//1417 1426//1426 1346//1346
f 1348//1348 1427//1427 1350//1350
f 1426//1426 1427//1427 1348//1348
f 1427//1427 1431//1431 1352//1352
f 1352//1352 1350//1350 1427//1427
f 1352//1352 1432//1432 1354//1354
f 1431//1431 1432//1432 1352//1352
f 1430//1430 1264//1264 1433//1433
f 1262//1262 1264//1264 1430//1430
f 1434//1434 1223//1223 1366//1366
f 1434//1434 1264//1264 1223//1223
f 1434//1434 1433//1433 1264//1264
f 1430//1430 1433//1433 1435//1435
f 1435//1435 1432//1432 1430//1430
f 1433//1433 1434//1434 1436//1436
f 1436//1436 1435//1435 1433//1433
f 1366//1366 1368//1368 1437//1437
f 1437//1437 1434//1434 1366//1366
f 1438//1438 1368//1368 1266//1266
f 1368//1368 1232//1232 1266//1266
f 1438//1438 1437//1437 1368//1368
f 1434//1434 1437//1437 1439//1439
f 1439//1439 1436//1436 1434//1434
f 1437//1437 1438//1438 1440//1440
f 1440//1440 1439//1439 1437//1437
f 1432//1432 1435//1435 1357//1357
f 1357//1357 1354//1354 1432//1432
f 1435//1435 1436//1436 1359//1359
f 1359//1359 1357//1357 1435//1435
f 1436//1436 1439//1439 1361//1361
f 1361//1361 1359//1359 1436//1436
f 1361//1361 1440//1440 1363//1363
f 1439//1439 1440//1440 1361//1361
f 1441//1441 1443//1443 1580//1580
f 1580//1580 1576//1576 1441//1441
f 1580//1580 1443//1443 1445//1445
f 1576//1576 1580//1580 1587//1587
f 1587//1587 1584//1584 1576//1576
f 1594//1594 1445//1445 1446//1446
f 1594//1594 1587//1587 1445//1445
f 1587//1587 1580//1580 1445//1445
f 1584//1584 1587//1587 1600//1600
f 1600//1600 1593//1593 1584//1584
f 1587//1587 1594//1594 1602//1602
f 1602//1602 1600//1600 1587//1587
f 1446//1446 1450//1450 1608//1608
f 1608//1608 1594//1594 1446//1446
f 1450//1450 1453//1453 1612//1612
f 1612//1612 1608//1608 1450//1450
f 1594//1594 1608//1608 1616//1616
f 1616//1616 1602//1602 1594//1594
f 1608//1608 1612//1612 1618//1618
f 1618//1618 1616//1616 1608//1608
f 1593//1593 1600//1600 1620//1620
f 1620//1620 1603//1603 1593//1593
f 1600//1600 1602//1602 1622//1622
f 1622//1622 1620//1620 1600//1600
f 1603//1603 1620//1620 1556//1556
f 1556//1556 1554//1554 1603//1603
f 1558//1558 1622//1622 1625//1625
f 1558//1558 1556//1556 1622//1622
f 1556//1556 1620//1620 1622//1622
f 1602//1602 1616//1616 1628//1628
f 1628//1628 1622//1622 1602//1602
f 1616//1616 1618//1618 1631//1631
f 1631//1631 1628//1628 1616//1616
f 1622//1622 1628//1628 1633//1633
f 1633//1633 1625//1625 1622//1622
f 1628//1628 1631//1631 1634//1634
f 1634//1634 1633//1633 1628//1628
f 1453//1453 1456//1456 1636//1636
f 1636//1636 1612//1612 1453//1453
f 1636//1636 1459//1459 1638//1638
f 1456//1456 1459//1459 1636//1636
f 1612//1612 1636//1636 1640//1640
f 1640//1640 1618//1618 1612//1612
f 1636//1636 1638//1638 1642//1642
f 1642//1642 1640//1640 1636//1636
f 1638//1638 1461//1461 1644//1644
f 1459//1459 1461//1461 1638//1638
f 1644//1644 1463//1463 1646//1646
f 1461//1461 1463//1463 1644//1644
f 1638//1638 1644//1644 1648//1648
f 1648//1648 1642//1642 1638//1638
f 1648//1648 1646//1646 1650//1650
f 1644//1644 1646//1646 1648//1648
f 1618//1618 1640//1640 1651//1651
f 1651//1651 1631//1631 1618//1618
f 1640//1640 1642//1642 1653//1653
f 1653//1653 1651//1651 1640//1640
f 1631//1631 1651//1651 1655//1655
f 1655//1655 1634//1634 1631//1631
f 1651//1651 1653//1653 1657//1657
f 1657//1657 1655//1655 1651//1651
f 1642//1642 1648//1648 1659//1659
f 1659//1659 1653//1653 1642//1642
f 1648//1648 1650//1650 1661//1661
f 1661//1661 1659//1659 1648//1648
f 1653//1653 1659//1659 1662//1662
f 1662//1662 1657//1657 1653//1653
f 1659//1659 1661//1661 1665//1665
f 1665//1665 1662//1662 1659//1659
f 1646//1646 1466//1466 1668//1668
f 1463//1463 1466//1466 1646//1646
f 1668//1668 1468//1468 1670//1670
f 1466//1466 1468//1468 1668//1668
f 1650//1650 1668//1668 1671//1671
f 1646//1646 1668//1668 1650//1650
f 1671//1671 1670//1670 1673//1673
f 1668//1668 1670//1670 1671//1671
f 1670//1670 1470//1470 1674//1674
f 1468//1468 1470//1470 1670//1670
f 1674//1674 1471//1471 1675//1675
f 1470//1470 1471//1471 1674//1674
f 1673//1673 1674//1674 1676//1676
f 1670//1670 1674//1674 1673//1673
f 1676//1676 1675//1675 1585//1585
f 1674//1674 1675//1675 1676//1676
f 1661//1661 1671//1671 1677//1677
f 1650//1650 1671//1671 1661//1661
f 1677//1677 1673//1673 1678//1678
f 1671//1671 1673//1673 1677//1677
f 1665//1665 1677//1677 1679//1679
f 1661//1661 1677//1677 1665//1665
f 1679//1679 1678//1678 1680//1680
f 1677//1677 1678//1678 1679//1679
f 1678//1678 1676//1676 1681//1681
f 1673//1673 1676//1676 1678//1678
f 1681//1681 1585//1585 1590//1590
f 1676//1676 1585//1585 1681//1681
f 1680//1680 1681//1681 1682//1682
f 1678//1678 1681//1681 1680//1680
f 1682//1682 1590//1590 1601//1601
f 1681//1681 1590//1590 1682//1682
f 1675//1675 1471//1471 1474//1474
f 1588//1588 1474//1474 1476//1476
f 1588//1588 1585//1585 1474//1474
f 1585//1585 1675//1675 1474//1474
f 1588//1588 1444//1444 1575//1575
f 1476//1476 1444//1444 1588//1588
f 5//5 2//2 9//9
f 5//5 9//9 10//10
f 10//10 6//6 5//5
f 4//4 6//6 10//10
f 95//95 133//133 97//97
f 99//99 144//144 149//149
f 99//99 97//97 144//144
f 97//97 133//133 144//144
f 144//144 152//152 157//157
f 157//157 149//149 144//144
f 99//99 149//149 102//102
f 149//149 157//157 104//104
f 104//104 102//102 149//149
f 152//152 159//159 163//163
f 163//163 157//157 152//152
f 159//159 165//165 167//167
f 167//167 163//163 159//159
f 157//157 163//163 107//107
f 107//107 104//104 157//157
f 163//163 167//167 108//108
f 108//108 107//107 163//163
f 165//165 168//168 171//171
f 171//171 167//167 165//165
f 168//168 173//173 176//176
f 176//176 171//171 168//168
f 167//167 171//171 110//110
f 110//110 108//108 167//167
f 171//171 176//176 111//111
f 111//111 110//110 171//171
f 173//173 179//179 182//182
f 182//182 176//176 173//173
f 182//182 183//183 186//186
f 179//179 183//183 182//182
f 114//114 176//176 188//188
f 176//176 182//182 188//188
f 114//114 111//111 176//176
f 188//188 186//186 190//190
f 182//182 186//186 188//188
f 191//191 186//186 15//15
f 186//186 12//12 15//15
f 186//186 183//183 12//12
f 15//15 18//18 192//192
f 192//192 191//191 15//15
f 190//190 191//191 194//194
f 186//186 191//191 190//190
f 194//194 192//192 196//196
f 191//191 192//192 194//194
f 114//114 188//188 116//116
f 116//116 190//190 118//118
f 188//188 190//190 116//116
f 118//118 194//194 120//120
f 190//190 194//194 118//118
f 120//120 196//196 122//122
f 194//194 196//196 120//120
f 18//18 21//21 199//199
f 199//199 192//192 18//18
f 199//199 21//21 25//25
f 196//196 199//199 201//201
f 192//192 199//199 196//196
f 202//202 25//25 30//30
f 202//202 201//201 25//25
f 201//201 199//199 25//25
f 202//202 31//31 203//203
f 30//30 31//31 202//202
f 203//203 11//11 132//132
f 31//31 11//11 203//203
f 122//122 201//201 124//124
f 196//196 201//201 122//122
f 126//126 202//202 204//204
f 126//126 201//201 202//202
f 126//126 124//124 201//201
f 126//126 204//204 128//128
f 204//204 203//203 205//205
f 202//202 203//203 204//204
f 205//205 132//132 140//140
f 203//203 132//132 205//205
f 128//128 205//205 130//130
f 204//204 205//205 128//128
f 130//130 140//140 98//98
f 205//205 140//140 130//130
f 246//246 251//251 265//265
f 265//265 253//253 246//246
f 271//271 265//265 97//97
f 265//265 95//95 97//97
f 265//265 251//251 95//95
f 253//253 265//265 278//278
f 278//278 275//275 253//253
f 265//265 271//271 281//281
f 281//281 278//278 265//265
f 271//271 97//97 99//99
f 285//285 99//99 102//102
f 285//285 281//281 99//99
f 281//281 271//271 99//99
f 102//102 104//104 287//287
f 287//287 285//285 102//102
f 275//275 278//278 291//291
f 291//291 289//289 275//275
f 278//278 281//281 293//293
f 293//293 291//291 278//278
f 289//289 291//291 215//215
f 215//215 211//211 289//289
f 291//291 293//293 222//222
f 222//222 215//215 291//291
f 281//281 285//285 295//295
f 295//295 293//293 281//281
f 285//285 287//287 297//297
f 297//297 295//295 285//285
f 293//293 295//295 224//224
f 224//224 222//222 293//293
f 295//295 297//297 226//226
f 226//226 224//224 295//295
f 104//104 107//107 299//299
f 299//299 287//287 104//104
f 107//107 108//108 301//301
f 301//301 299//299 107//107
f 108//108 110//110 302//302
f 302//302 301//301 108//108
f 110//110 111//111 303//303
f 303//303 302//302 110//110
f 287//287 299//299 304//304
f 304//304 297//297 287//287
f 299//299 301//301 305//305
f 305//305 304//304 299//299
f 297//297 304//304 229//229
f 229//229 226//226 297//297
f 304//304 305//305 231//231
f 231//231 229//229 304//304
f 301//301 302//302 306//306
f 306//306 305//305 301//301
f 302//302 303//303 307//307
f 307//307 306//306 302//302
f 305//305 306//306 232//232
f 232//232 231//231 305//305
f 306//306 307//307 234//234
f 234//234 232//232 306//306
f 303//303 111//111 114//114
f 308//308 307//307 116//116
f 307//307 303//303 116//116
f 303//303 114//114 116//116
f 116//116 118//118 309//309
f 309//309 308//308 116//116
f 307//307 308//308 236//236
f 236//236 234//234 307//307
f 308//308 309//309 239//239
f 239//239 236//236 308//308
f 309//309 120//120 310//310
f 118//118 120//120 309//309
f 310//310 122//122 311//311
f 120//120 122//122 310//310
f 240//240 310//310 312//312
f 240//240 239//239 310//310
f 239//239 309//309 310//310
f 312//312 311//311 313//313
f 310//310 311//311 312//312
f 311//311 124//124 314//314
f 122//122 124//124 311//311
f 314//314 124//124 126//126
f 313//313 314//314 315//315
f 311//311 314//314 313//313
f 245//245 126//126 128//128
f 245//245 315//315 126//126
f 315//315 314//314 126//126
f 245//245 130//130 259//259
f 128//128 130//130 245//245
f 259//259 98//98 247//247
f 130//130 98//98 259//259
f 240//240 312//312 241//241
f 241//241 313//313 242//242
f 312//312 313//313 241//241
f 242//242 315//315 243//243
f 313//313 315//315 242//242
f 243//243 245//245 208//208
f 315//315 245//245 243//243
f 211//211 215//215 358//358
f 358//358 354//354 211//211
f 215//215 222//222 360//360
f 360//360 358//358 215//215
f 222//222 224//224 364//364
f 364//364 360//360 222//222
f 224//224 226//226 370//370
f 370//370 364//364 224//224
f 226//226 229//229 372//372
f 372//372 370//370 226//226
f 229//229 231//231 374//374
f 374//374 372//372 229//229
f 231//231 232//232 377//377
f 377//377 374//374 231//231
f 232//232 234//234 379//379
f 379//379 377//377 232//232
f 354//354 358//358 387//387
f 387//387 382//382 354//354
f 358//358 360//360 389//389
f 389//389 387//387 358//358
f 382//382 387//387 325//325
f 325//325 318//318 382//382
f 387//387 389//389 329//329
f 329//329 325//325 387//387
f 360//360 364//364 393//393
f 393//393 389//389 360//360
f 364//364 370//370 394//394
f 394//394 393//393 364//364
f 389//389 393//393 331//331
f 331//331 329//329 389//389
f 331//331 394//394 333//333
f 393//393 394//394 331//331
f 370//370 372//372 398//398
f 398//398 394//394 370//370
f 372//372 374//374 399//399
f 399//399 398//398 372//372
f 394//394 398//398 336//336
f 336//336 333//333 394//394
f 398//398 399//399 339//339
f 339//339 336//336 398//398
f 374//374 377//377 402//402
f 402//402 399//399 374//374
f 377//377 379//379 404//404
f 404//404 402//402 377//377
f 399//399 402//402 341//341
f 341//341 339//339 399//399
f 402//402 404//404 344//344
f 344//344 341//341 402//402
f 234//234 236//236 406//406
f 406//406 379//379 234//234
f 236//236 239//239 408//408
f 408//408 406//406 236//236
f 408//408 239//239 240//240
f 379//379 406//406 410//410
f 410//410 404//404 379//379
f 406//406 408//408 411//411
f 411//411 410//410 406//406
f 404//404 410//410 347//347
f 347//347 344//344 404//404
f 410//410 411//411 349//349
f 349//349 347//347 410//410
f 412//412 411//411 241//241
f 411//411 408//408 241//241
f 408//408 240//240 241//241
f 412//412 242//242 413//413
f 241//241 242//242 412//412
f 411//411 412//412 351//351
f 351//351 349//349 411//411
f 353//353 413//413 375//375
f 353//353 412//412 413//413
f 353//353 351//351 412//412
f 353//353 375//375 316//316
f 413//413 243//243 414//414
f 242//242 243//243 413//413
f 414//414 208//208 357//357
f 243//243 208//208 414//414
f 375//375 414//414 383//383
f 413//413 414//414 375//375
f 383//383 357//357 363//363
f 414//414 357//357 383//383
f 816//816 640//640 823//823
f 632//632 640//640 816//816
f 823//823 643//643 829//829
f 640//640 643//643 823//823
f 833//833 823//823 839//839
f 816//816 823//823 833//833
f 839//839 829//829 842//842
f 823//823 829//829 839//839
f 829//829 646//646 845//845
f 643//643 646//646 829//829
f 845//845 648//648 847//847
f 646//646 648//648 845//845
f 842//842 845//845 849//849
f 829//829 845//845 842//842
f 849//849 847//847 850//850
f 845//845 847//847 849//849
f 768//768 839//839 776//776
f 833//833 839//839 768//768
f 776//776 842//842 779//779
f 839//839 842//842 776//776
f 779//779 849//849 782//782
f 842//842 849//849 779//779
f 849//849 850//850 785//785
f 785//785 782//782 849//849
f 648//648 651//651 856//856
f 856//856 847//847 648//648
f 856//856 654//654 858//858
f 651//651 654//654 856//856
f 850//850 856//856 860//860
f 847//847 856//856 850//850
f 860//860 858//858 861//861
f 856//856 858//858 860//860
f 858//858 660//660 864//864
f 654//654 660//660 858//858
f 864//864 662//662 867//867
f 660//660 662//662 864//864
f 861//861 864//864 868//868
f 858//858 864//864 861//861
f 864//864 867//867 870//870
f 870//870 868//868 864//864
f 850//850 860//860 790//790
f 790//790 785//785 850//850
f 860//860 861//861 791//791
f 791//791 790//790 860//860
f 793//793 868//868 872//872
f 793//793 861//861 868//868
f 793//793 791//791 861//861
f 868//868 870//870 874//874
f 874//874 872//872 868//868
f 793//793 872//872 795//795
f 872//872 874//874 797//797
f 797//797 795//795 872//872
f 867//867 662//662 664//664
f 870//870 664//664 666//666
f 867//867 664//664 870//870
f 669//669 668//668 877//877
f 668//668 670//670 822//822
f 822//822 877//877 668//668
f 880//880 870//870 673//673
f 870//870 666//666 673//673
f 880//880 874//874 870//870
f 673//673 675//675 881//881
f 881//881 880//880 673//673
f 874//874 880//880 800//800
f 800//800 797//797 874//874
f 800//800 881//881 802//802
f 880//880 881//881 800//800
f 884//884 669//669 877//877
f 884//884 881//881 669//669
f 881//881 675//675 669//669
f 884//884 822//822 830//830
f 877//877 822//822 884//884
f 802//802 884//884 803//803
f 881//881 884//884 802//802
f 803//803 830//830 767//767
f 884//884 830//830 803//803
f 670//670 676//676 826//826
f 826//826 822//822 670//670
f 676//676 633//633 814//814
f 814//814 826//826 676//676
f 895//895 931//931 888//888
f 940//940 776//776 945//945
f 768//768 776//776 940//940
f 945//945 779//779 949//949
f 776//776 779//779 945//945
f 933//933 945//945 937//937
f 940//940 945//945 933//933
f 937//937 949//949 938//938
f 945//945 949//949 937//937
f 949//949 782//782 953//953
f 779//779 782//782 949//949
f 782//782 785//785 956//956
f 956//956 953//953 782//782
f 938//938 953//953 941//941
f 949//949 953//953 938//938
f 953//953 956//956 943//943
f 943//943 941//941 953//953
f 956//956 790//790 960//960
f 785//785 790//790 956//956
f 790//790 791//791 962//962
f 962//962 960//960 790//790
f 943//943 960//960 946//946
f 956//956 960//960 943//943
f 946//946 962//962 948//948
f 960//960 962//962 946//946
f 962//962 791//791 793//793
f 951//951 793//793 795//795
f 951//951 948//948 793//793
f 948//948 962//962 793//793
f 795//795 797//797 954//954
f 954//954 951//951 795//795
f 892//892 931//931 895//895
f 797//797 800//800 958//958
f 958//958 954//954 797//797
f 958//958 802//802 961//961
f 800//800 802//802 958//958
f 961//961 803//803 964//964
f 802//802 803//803 961//961
f 964//964 767//767 932//932
f 803//803 767//767 964//964
f 1002//1002 1049//1049 996//996
f 1049//1049 1053//1053 1008//1008
f 1008//1008 996//996 1049//1049
f 1008//1008 1053//1053 1011//1011
f 2//2 7//7 1//1
f 357//357 208//208 212//212
f 368//368 212//212 214//214
f 368//368 363//363 212//212
f 363//363 357//357 212//212
f 368//368 207//207 355//355
f 214//214 207//207 368//368
f 316//316 383//383 324//324
f 375//375 383//383 316//316
f 324//324 363//363 334//334
f 383//383 363//363 324//324
f 334//334 368//368 338//338
f 363//363 368//368 334//334
f 343//343 355//355 366//366
f 343//343 368//368 355//355
f 343//343 338//338 368//368
f 343//343 366//366 317//317
f 638//638 635//635 815//815
f 815//815 635//635 641//641
f 821//821 639//639 644//644
f 815//815 642//642 638//638
f 815//815 641//641 642//642
f 827//827 644//644 647//647
f 827//827 824//824 644//644
f 824//824 821//821 644//644
f 647//647 650//650 831//831
f 831//831 827//827 647//647
f 820//820 827//827 828//828
f 824//824 827//827 820//820
f 828//828 831//831 832//832
f 827//827 831//831 828//828
f 650//650 653//653 837//837
f 837//837 831//831 650//650
f 653//653 655//655 838//838
f 838//838 837//837 653//653
f 831//831 837//837 836//836
f 836//836 832//832 831//831
f 837//837 838//838 841//841
f 841//841 836//836 837//837
f 655//655 656//656 843//843
f 843//843 838//838 655//655
f 843//843 656//656 658//658
f 838//838 843//843 846//846
f 846//846 841//841 838//838
f 848//848 658//658 659//659
f 848//848 846//846 658//658
f 846//846 843//843 658//658
f 663//663 661//661 852//852
f 852//852 661//661 665//665
f 853//853 663//663 852//852
f 853//853 848//848 663//663
f 848//848 659//659 663//663
f 855//855 853//853 667//667
f 853//853 665//665 667//667
f 853//853 852//852 665//665
f 667//667 671//671 859//859
f 859//859 855//855 667//667
f 671//671 672//672 862//862
f 862//862 859//859 671//671
f 672//672 674//674 865//865
f 865//865 862//862 672//672
f 865//865 674//674 634//634
f 1048//1048 888//888 887//887
f 999//999 993//993 1155//1155
f 1155//1155 993//993 1009//1009
f 1156//1156 1006//1006 1002//1002
f 1012//1012 999//999 1155//1155
f 1155//1155 1009//1009 1012//1012
f 1006//1006 1156//1156 1163//1163
f 1163//1163 1015//1015 1006//1006
f 1163//1163 1011//1011 1015//1015
f 1327//1327 1325//1325 1477//1477
f 1330//1330 1327//1327 1477//1477
f 1488//1488 1335//1335 1492//1492
f 1332//1332 1335//1335 1488//1488
f 1335//1335 1336//1336 1494//1494
f 1494//1494 1492//1492 1335//1335
f 1488//1488 1492//1492 1504//1504
f 1504//1504 1496//1496 1488//1488
f 1492//1492 1494//1494 1505//1505
f 1505//1505 1504//1504 1492//1492
f 1336//1336 1338//1338 1508//1508
f 1508//1508 1494//1494 1336//1336
f 1338//1338 1340//1340 1510//1510
f 1510//1510 1508//1508 1338//1338
f 1494//1494 1508//1508 1512//1512
f 1512//1512 1505//1505 1494//1494
f 1508//1508 1510//1510 1513//1513
f 1513//1513 1512//1512 1508//1508
f 1496//1496 1504//1504 1447//1447
f 1447//1447 1442//1442 1496//1496
f 1504//1504 1505//1505 1449//1449
f 1449//1449 1447//1447 1504//1504
f 1505//1505 1512//1512 1451//1451
f 1451//1451 1449//1449 1505//1505
f 1512//1512 1513//1513 1452//1452
f 1452//1452 1451//1451 1512//1512
f 1510//1510 1341//1341 1514//1514
f 1340//1340 1341//1341 1510//1510
f 1341//1341 1343//1343 1516//1516
f 1516//1516 1514//1514 1341//1341
f 1513//1513 1514//1514 1518//1518
f 1510//1510 1514//1514 1513//1513
f 1518//1518 1516//1516 1520//1520
f 1514//1514 1516//1516 1518//1518
f 1343//1343 1345//1345 1522//1522
f 1522//1522 1516//1516 1343//1343
f 1522//1522 1347//1347 1524//1524
f 1345//1345 1347//1347 1522//1522
f 1520//1520 1522//1522 1526//1526
f 1516//1516 1522//1522 1520//1520
f 1522//1522 1524//1524 1528//1528
f 1528//1528 1526//1526 1522//1522
f 1452//1452 1518//1518 1455//1455
f 1513//1513 1518//1518 1452//1452
f 1455//1455 1520//1520 1457//1457
f 1518//1518 1520//1520 1455//1455
f 1457//1457 1526//1526 1458//1458
f 1520//1520 1526//1526 1457//1457
f 1460//1460 1528//1528 1530//1530
f 1460//1460 1526//1526 1528//1528
f 1460//1460 1458//1458 1526//1526
f 1460//1460 1530//1530 1462//1462
f 1524//1524 1349//1349 1532//1532
f 1347//1347 1349//1349 1524//1524
f 1349//1349 1351//1351 1533//1533
f 1533//1533 1532//1532 1349//1349
f 1524//1524 1532//1532 1534//1534
f 1534//1534 1528//1528 1524//1524
f 1532//1532 1533//1533 1535//1535
f 1535//1535 1534//1534 1532//1532
f 1533//1533 1351//1351 1353//1353
f 1536//1536 1353//1353 1355//1355
f 1536//1536 1535//1535 1353//1353
f 1535//1535 1533//1533 1353//1353
f 1355//1355 1356//1356 1537//1537
f 1537//1537 1536//1536 1355//1355
f 1528//1528 1534//1534 1538//1538
f 1538//1538 1530//1530 1528//1528
f 1534//1534 1535//1535 1540//1540
f 1540//1540 1538//1538 1534//1534
f 1530//1530 1538//1538 1464//1464
f 1464//1464 1462//1462 1530//1530
f 1538//1538 1540//1540 1465//1465
f 1465//1465 1464//1464 1538//1538
f 1535//1535 1536//1536 1542//1542
f 1542//1542 1540//1540 1535//1535
f 1542//1542 1537//1537 1544//1544
f 1536//1536 1537//1537 1542//1542
f 1540//1540 1542//1542 1467//1467
f 1467//1467 1465//1465 1540//1540
f 1467//1467 1544//1544 1469//1469
f 1542//1542 1544//1544 1467//1467
f 1537//1537 1358//1358 1546//1546
f 1356//1356 1358//1358 1537//1537
f 1546//1546 1360//1360 1547//1547
f 1358//1358 1360//1360 1546//1546
f 1547//1547 1362//1362 1548//1548
f 1360//1360 1362//1362 1547//1547
f 1548//1548 1326//1326 1478//1478
f 1362//1362 1326//1326 1548//1548
f 1544//1544 1546//1546 1549//1549
f 1537//1537 1546//1546 1544//1544
f 1549//1549 1547//1547 1550//1550
f 1546//1546 1547//1547 1549//1549
f 1469//1469 1549//1549 1472//1472
f 1544//1544 1549//1549 1469//1469
f 1472//1472 1550//1550 1473//1473
f 1549//1549 1550//1550 1472//1472
f 1550//1550 1548//1548 1551//1551
f 1547//1547 1548//1548 1550//1550
f 1551//1551 1478//1478 1487//1487
f 1548//1548 1478//1478 1551//1551
f 1473//1473 1551//1551 1475//1475
f 1550//1550 1551//1551 1473//1473
f 1475//1475 1487//1487 1441//1441
f 1551//1551 1487//1487 1475//1475
f 212//212 259//259 267//267
f 212//212 245//245 259//259
f 212//212 208//208 245//245
f 267//267 247//247 254//254
f 259//259 247//247 267//267
f 212//212 267//267 214//214
f 214//214 254//254 207//207
f 267//267 254//254 214//214
f 456//456 324//324 460//460
f 316//316 324//324 456//456
f 324//324 334//334 465//465
f 465//465 460//460 324//324
f 420//420 456//456 469//469
f 456//456 460//460 469//469
f 420//420 417//417 456//456
f 460//460 465//465 473//473
f 473//473 469//469 460//460
f 334//334 338//338 476//476
f 476//476 465//465 334//334
f 476//476 338//338 343//343
f 465//465 476//476 480//480
f 480//480 473//473 465//465
f 455//455 343//343 317//317
f 455//455 480//480 343//343
f 480//480 476//476 343//343
f 420//420 469//469 427//427
f 469//469 473//473 430//430
f 430//430 427//427 469//469
f 473//473 480//480 434//434
f 434//434 430//430 473//473
f 436//436 455//455 461//461
f 436//436 480//480 455//455
f 436//436 434//434 480//480
f 436//436 461//461 418//418
f 562//562 421//421 565//565
f 415//415 421//421 562//562
f 565//565 423//423 569//569
f 421//421 423//423 565//565
f 569//569 426//426 574//574
f 423//423 426//426 569//569
f 574//574 429//429 578//578
f 426//426 429//429 574//574
f 578//578 431//431 581//581
f 429//429 431//431 578//578
f 581//581 432//432 586//586
f 431//431 432//432 581//581
f 586//586 435//435 588//588
f 432//432 435//435 586//586
f 435//435 437//437 592//592
f 592//592 588//588 435//435
f 437//437 440//440 598//598
f 598//598 592//592 437//437
f 440//440 441//441 600//600
f 600//600 598//598 440//440
f 600//600 443//443 602//602
f 441//441 443//443 600//600
f 602//602 417//417 561//561
f 443//443 417//417 602//602
f 814//814 637//637 818//818
f 633//633 637//637 814//814
f 637//637 639//639 821//821
f 821//821 818//818 637//637
f 830//830 826//826 834//834
f 822//822 826//826 830//830
f 834//834 814//814 835//835
f 826//826 814//814 834//834
f 767//767 834//834 769//769
f 830//830 834//834 767//767
f 769//769 835//835 772//772
f 834//834 835//835 769//769
f 835//835 818//818 840//840
f 814//814 818//818 835//835
f 840//840 821//821 824//824
f 818//818 821//821 840//840
f 775//775 840//840 819//819
f 775//775 835//835 840//840
f 775//775 772//772 835//835
f 819//819 824//824 820//820
f 840//840 824//824 819//819
f 934//934 773//773 935//935
f 770//770 773//773 934//934
f 935//935 777//777 942//942
f 773//773 777//777 935//935
f 891//891 935//935 944//944
f 891//891 934//934 935//935
f 891//891 889//889 934//934
f 944//944 942//942 947//947
f 935//935 942//942 944//944
f 942//942 780//780 950//950
f 777//777 780//780 942//942
f 780//780 783//783 952//952
f 952//952 950//950 780//780
f 947//947 950//950 955//955
f 942//942 950//950 947//947
f 950//950 952//952 957//957
f 957//957 955//955 950//950
f 891//891 944//944 893//893
f 894//894 947//947 959//959
f 894//894 893//893 947//947
f 893//893 944//944 947//947
f 896//896 786//786 963//963
f 947//947 955//955 965//965
f 965//965 959//959 947//947
f 898//898 955//955 957//957
f 898//898 900//900 955//955
f 900//900 965//965 955//955
f 902//902 896//896 965//965
f 896//896 963//963 786//786
f 902//902 965//965 900//900
f 783//783 794//794 968//968
f 968//968 952//952 783//783
f 968//968 794//794 796//796
f 957//957 968//968 970//970
f 952//952 968//968 957//957
f 972//972 796//796 798//798
f 972//972 970//970 796//796
f 970//970 968//968 796//796
f 798//798 799//799 974//974
f 974//974 972//972 798//798
f 974//974 801//801 976//976
f 799//799 801//801 974//974
f 898//898 970//970 904//904
f 957//957 970//970 898//898
f 970//970 972//972 906//906
f 906//906 904//904 970//970
f 906//906 974//974 908//908
f 972//972 974//974 906//906
f 909//909 908//908 977//977
f 908//908 974//974 977//977
f 974//974 976//976 977//977
f 909//909 979//979 911//911
f 977//977 979//979 909//909
f 963//963 788//788 804//804
f 804//804 792//792 963//963
f 911//911 979//979 913//913
f 976//976 805//805 980//980
f 801//801 805//805 976//976
f 805//805 806//806 981//981
f 981//981 980//980 805//805
f 806//806 807//807 982//982
f 982//982 981//981 806//806
f 982//982 807//807 808//808
f 976//976 980//980 983//983
f 983//983 977//977 976//976
f 983//983 981//981 984//984
f 980//980 981//981 983//983
f 977//977 983//983 985//985
f 985//985 979//979 977//977
f 916//916 918//918 984//984
f 918//918 985//985 984//984
f 985//985 983//983 984//984
f 984//984 982//982 986//986
f 981//981 982//982 984//984
f 987//987 808//808 809//809
f 987//987 986//986 808//808
f 986//986 982//982 808//808
f 916//916 986//986 920//920
f 984//984 986//986 916//916
f 920//920 987//987 922//922
f 986//986 987//987 920//920
f 809//809 810//810 988//988
f 988//988 987//987 809//809
f 810//810 811//811 989//989
f 989//989 988//988 810//810
f 987//987 988//988 925//925
f 925//925 922//922 987//987
f 988//988 989//989 927//927
f 927//927 925//925 988//988
f 811//811 812//812 990//990
f 990//990 989//989 811//811
f 812//812 813//813 991//991
f 991//991 990//990 812//812
f 989//989 990//990 928//928
f 928//928 927//927 989//989
f 928//928 991//991 929//929
f 990//990 991//991 928//928
f 913//913 985//985 930//930
f 979//979 985//985 913//913
f 930//930 985//985 918//918
f 1048//1048 887//887 892//892
f 1002//1002 996//996 1156//1156
f 1156//1156 1008//1008 1163//1163
f 996//996 1008//1008 1156//1156
f 1163//1163 1008//1008 1011//1011
f 1574//1574 1577//1577 1582//1582
f 1582//1582 1579//1579 1574//1574
f 1577//1577 1576//1576 1584//1584
f 1584//1584 1582//1582 1577//1577
f 1579//1579 1582//1582 1589//1589
f 1589//1589 1586//1586 1579//1579
f 1582//1582 1584//1584 1593//1593
f 1593//1593 1589//1589 1582//1582
f 1553//1553 1599//1599 1557//1557
f 1597//1597 1599//1599 1553//1553
f 1557//1557 1586//1586 1559//1559
f 1599//1599 1586//1586 1557//1557
f 1559//1559 1589//1589 1561//1561
f 1586//1586 1589//1589 1559//1559
f 1563//1563 1593//1593 1603//1603
f 1563//1563 1589//1589 1593//1593
f 1563//1563 1561//1561 1589//1589
f 1563//1563 1603//1603 1554//1554
