# Created by Open3D 
# object name: 1747085489428_mesh
# number of vertices: 1727
# number of triangles: 3258
v 0.0202838 -0.162845 0.242722 0.95213 0.930379 0.882818
vn -0.00557982 0.0526934 -0.101998
v 0.0200732 -0.161728 0.242539 0.952517 0.930942 0.883765
vn -0.00592711 0.055973 -0.108347
v 0.0213061 -0.158698 0.242469 0.952222 0.930512 0.883042
vn -0.00566199 0.0534694 -0.1035
v 0.0221788 -0.152697 0.241659 0.952981 0.931617 0.884902
vn -0.00634404 0.0599103 -0.115968
v 0.022211 -0.150392 0.241479 0.953388 0.932209 0.885899
vn -0.00670938 0.0633604 -0.122646
v 0.0211566 -0.155549 0.241984 0.95307 0.931747 0.88512
vn -0.00642376 0.0606632 -0.117425
v 0.0210223 -0.157689 0.241971 0.952769 0.931309 0.884383
vn -0.00615361 0.058112 -0.112487
v 0.0219382 -0.151511 0.241284 0.953471 0.932329 0.8861
vn -0.00678321 0.0640577 -0.123996
v 0.0205749 -0.16054 0.242745 0.952285 0.930604 0.883196
vn -0.00571852 0.0540032 -0.104534
v 0.0217859 -0.154539 0.242196 0.952685 0.931186 0.884177
vn -0.00607812 0.0573991 -0.111107
v -0.416854 -0.215894 0.462114 0.999767 0.999955 0.999949
vn 0.0323792 -0.305775 0.591886
v 0.0343351 -1.38186 0.465938 0.93863 0.910798 0.849862
vn 0.0246257 -0.232554 0.450154
v -0.573128 -1.46356 0.48174 0.992456 0.989199 0.981836
vn 0.00297931 -0.0281353 0.0544613
v -0.416866 -0.215879 0.462114 0.999767 0.999955 0.999949
vn 0.0323792 -0.305775 0.591886
v 0.142985 -1.36966 0.463472 0.919895 0.883508 0.803925
vn 0.0321603 -0.303708 0.587885
v -0.518343 -1.44587 0.484264 0.992456 0.989199 0.981836
vn 0.00297931 -0.0281353 0.0544613
v -0.416824 -0.215879 0.462114 0.999767 0.999955 0.999949
vn 0.0323636 -0.305628 0.591603
v 0.247578 -1.35476 0.462831 0.908491 0.866897 0.775964
vn 0.0367465 -0.347018 0.67172
v -0.421939 -1.44972 0.47412 0.992284 0.988948 0.981413
vn 0.00304871 -0.0287907 0.0557299
v -0.416854 -0.215856 0.462114 0.999767 0.999955 0.999949
vn 0.0323636 -0.305628 0.591603
v 0.326205 -1.33107 0.46739 0.903915 0.860233 0.764746
vn 0.0385865 -0.364394 0.705355
v -0.339164 -1.44843 0.467675 0.99111 0.987239 0.978536
vn 0.00352061 -0.0332471 0.0643562
v 0.431089 -1.32163 0.466407 0.902423 0.858059 0.761087
vn 0.0391866 -0.370061 0.716325
v -0.247112 -1.41313 0.475611 0.985652 0.979288 0.965153
vn 0.00571566 -0.0539762 0.104481
v 0.533327 -1.31809 0.461886 0.902145 0.857654 0.760405
vn 0.0392985 -0.371118 0.718371
v -0.160487 -1.40166 0.472511 0.977168 0.966931 0.944352
vn 0.00912744 -0.0861956 0.166848
v -0.0769329 -1.39933 0.467011 0.961589 0.944238 0.906152
vn 0.0153929 -0.145364 0.28138
v 0.606075 -1.29479 0.467484 0.902145 0.857654 0.760405
vn 0.0392985 -0.371118 0.718371
v 0.705896 -1.28203 0.46817 0.902145 0.857654 0.760405
vn 0.0392985 -0.371118 0.718371
v 0.814014 -1.27345 0.466976 0.902145 0.857654 0.760405
vn 0.0392985 -0.371118 0.718371
v 0.920775 -1.26476 0.465664 0.902145 0.857654 0.760405
vn 0.0392985 -0.371118 0.718371
v 1.0251 -1.26036 0.463563 0.902145 0.857654 0.760405
vn 0.0392985 -0.371118 0.718371
v 1.13213 -1.25582 0.462172 0.902145 0.857654 0.760405
vn 0.0392985 -0.371118 0.718371
v 1.22305 -1.23763 0.465194 0.902145 0.857654 0.760405
vn 0.0392985 -0.371118 0.718371
v 1.33266 -1.23961 0.463702 0.902145 0.857654 0.760405
vn 0.0392985 -0.371118 0.718371
v 1.4637 -1.25528 0.459337 0.902145 0.857654 0.760405
vn 0.0392985 -0.371118 0.718371
v 1.57709 -1.26331 0.457748 0.902145 0.857654 0.760405
vn 0.0392985 -0.371118 0.718371
v 1.6616 -1.27931 0.454711 0.902145 0.857654 0.760405
vn 0.0392985 -0.371118 0.718371
v 1.70156 -1.30836 0.449423 0.902145 0.857654 0.760405
vn 0.0392985 -0.371118 0.718371
v -0.00648951 -1.45892 0.437902 0.947102 0.923138 0.870634
vn 0.0212187 -0.20038 0.387874
v -0.416854 -0.215879 0.462087 0.999767 0.999955 0.999949
vn 0.0323636 -0.305628 0.591602
v -0.471823 -1.46967 0.469941 0.992427 0.989157 0.981765
vn 0.00299093 -0.028245 0.0546738
v 0.0924283 -1.45209 0.43456 0.927513 0.894604 0.822603
vn 0.0290967 -0.274776 0.531883
v -0.37896 -1.46905 0.462232 0.991903 0.988393 0.980479
vn 0.0032018 -0.0302364 0.0585284
v 0.0221789 -1.43514 0.445225 0.940941 0.914164 0.855528
vn 0.0236964 -0.223778 0.433166
v 0.127346 -1.42475 0.442818 0.921821 0.886314 0.808648
vn 0.0313856 -0.296392 0.573724
v -0.288583 -1.45713 0.459812 0.989042 0.984226 0.973464
vn 0.00435236 -0.0411018 0.0795605
v 0.201514 -1.44399 0.431856 0.912526 0.872775 0.785858
vn 0.0351236 -0.331692 0.642055
v -0.192605 -1.4518 0.454282 0.98081 0.972236 0.953281
vn 0.00766287 -0.0723648 0.140076
v 0.238726 -1.41352 0.441074 0.909209 0.867944 0.777725
vn 0.0364575 -0.344289 0.666438
v -0.138575 -1.43622 0.456169 0.973538 0.961644 0.935452
vn 0.0105872 -0.099981 0.193533
v 0.316345 -1.43417 0.430429 0.904877 0.861634 0.767105
vn 0.0381995 -0.36074 0.698282
v -0.0975983 -1.45893 0.444089 0.966116 0.950832 0.917252
vn 0.0135724 -0.128171 0.248101
v 0.359589 -1.39344 0.443004 0.903556 0.859709 0.763864
vn 0.0387311 -0.365759 0.707999
v 0.435585 -1.42927 0.428094 0.902492 0.85816 0.761257
vn 0.0391587 -0.369797 0.715815
v -0.0578423 -1.44636 0.4461 0.958241 0.939362 0.897945
vn 0.0167391 -0.158077 0.305988
v 0.48754 -1.40148 0.435536 0.90222 0.857764 0.760589
vn 0.0392682 -0.370832 0.717817
v 0.531102 -1.36714 0.444832 0.902145 0.857654 0.760405
vn 0.0392985 -0.371118 0.718371
v 0.555269 -1.42976 0.424597 0.902145 0.857654 0.760405
vn 0.0392985 -0.371118 0.718371
v 0.592606 -1.40636 0.430422 0.902145 0.857654 0.760405
vn 0.0392985 -0.371118 0.718371
v 0.686925 -1.42525 0.423232 0.902145 0.857654 0.760405
vn 0.0392985 -0.371118 0.718371
v 0.672275 -1.3974 0.431099 0.902145 0.857654 0.760405
vn 0.0392985 -0.371118 0.718371
v 0.605962 -1.36001 0.4444 0.902145 0.857654 0.760405
vn 0.0392985 -0.371118 0.718371
v 0.69472 -1.35139 0.44491 0.902145 0.857654 0.760405
vn 0.0392985 -0.371118 0.718371
v 0.827653 -1.42757 0.421254 0.902145 0.857654 0.760405
vn 0.0392985 -0.371118 0.718371
v 0.764951 -1.4012 0.428737 0.902145 0.857654 0.760405
vn 0.0392985 -0.371118 0.718371
v 0.956116 -1.42515 0.421367 0.902145 0.857654 0.760405
vn 0.0392985 -0.371118 0.718371
v 0.883152 -1.39879 0.428109 0.902145 0.857654 0.760405
vn 0.0392985 -0.371118 0.718371
v 0.799132 -1.34658 0.444035 0.902145 0.857654 0.760405
vn 0.0392985 -0.371118 0.718371
v 0.909401 -1.33838 0.443872 0.902145 0.857654 0.760405
vn 0.0392985 -0.371118 0.718371
v 1.08451 -1.42418 0.42188 0.902145 0.857654 0.760405
vn 0.0392985 -0.371118 0.718371
v 1.01512 -1.38663 0.430059 0.902145 0.857654 0.760405
vn 0.0392985 -0.371118 0.718371
v 1.20959 -1.42703 0.422264 0.902145 0.857654 0.760405
vn 0.0392985 -0.371118 0.718371
v 1.15407 -1.39258 0.428649 0.902145 0.857654 0.760405
vn 0.0392985 -0.371118 0.718371
v 0.998125 -1.32194 0.446182 0.902145 0.857654 0.760405
vn 0.0392985 -0.371118 0.718371
v 1.09666 -1.32981 0.442934 0.902145 0.857654 0.760405
vn 0.0392985 -0.371118 0.718371
v 1.32865 -1.42946 0.423279 0.902145 0.857654 0.760405
vn 0.0392985 -0.371118 0.718371
v 1.28107 -1.39555 0.428844 0.902145 0.857654 0.760405
vn 0.0392985 -0.371118 0.718371
v 1.44297 -1.43128 0.424768 0.902145 0.857654 0.760405
vn 0.0392985 -0.371118 0.718371
v 1.40156 -1.39977 0.429286 0.902145 0.857654 0.760405
vn 0.0392985 -0.371118 0.718371
v 1.23059 -1.319 0.444825 0.902145 0.857654 0.760405
vn 0.0392985 -0.371118 0.718371
v 1.36916 -1.33211 0.441967 0.902145 0.857654 0.760405
vn 0.0392985 -0.371118 0.718371
v 1.55066 -1.43362 0.426382 0.902145 0.857654 0.760405
vn 0.0392985 -0.371118 0.718371
v 1.51387 -1.40278 0.430358 0.902145 0.857654 0.760405
vn 0.0392985 -0.371118 0.718371
v 1.64302 -1.43939 0.42743 0.902145 0.857654 0.760405
vn 0.0392985 -0.371118 0.718371
v 1.61323 -1.40815 0.431205 0.902145 0.857654 0.760405
vn 0.0392985 -0.371118 0.718371
v 1.48964 -1.33915 0.441229 0.902145 0.857654 0.760405
vn 0.0392985 -0.371118 0.718371
v 1.59417 -1.34583 0.44104 0.902145 0.857654 0.760405
vn 0.0392985 -0.371118 0.718371
v 1.70582 -1.44932 0.427487 0.902145 0.857654 0.760405
vn 0.0392985 -0.371118 0.718371
v 1.68673 -1.41983 0.430948 0.902145 0.857654 0.760405
vn 0.0392985 -0.371118 0.718371
v 1.72986 -1.45682 0.427093 0.902145 0.857654 0.760405
vn 0.0392985 -0.371118 0.718371
v 1.72146 -1.43619 0.429518 0.902145 0.857654 0.760405
vn 0.0392985 -0.371118 0.718371
v 1.67222 -1.35958 0.439732 0.902145 0.857654 0.760405
vn 0.0392985 -0.371118 0.718371
v 1.71007 -1.38383 0.436631 0.902145 0.857654 0.760405
vn 0.0392985 -0.371118 0.718371
v -1.55261 -1.4597 0.579596 0.992456 0.989199 0.981836
vn 0.00297931 -0.0281353 0.0544613
v 0.0454125 -1.16008 0.569166 0.938896 0.911185 0.850514
vn 0.0245187 -0.231544 0.448198
v -1.50148 -1.44477 0.579303 0.992456 0.989199 0.981836
vn 0.00297931 -0.0281353 0.0544613
v -1.43366 -1.40022 0.588638 0.992456 0.989199 0.981836
vn 0.00297931 -0.0281353 0.0544613
v 1.58646 -0.924813 0.563268 0.902145 0.857654 0.760405
vn 0.0392985 -0.371118 0.718371
v -1.35205 -1.36932 0.593327 0.992456 0.989199 0.981836
vn 0.00297931 -0.0281353 0.0544613
v 0.143101 -1.14382 0.567137 0.922084 0.886697 0.809294
vn 0.0312797 -0.295391 0.571788
v 1.66372 -0.913619 0.565415 0.902145 0.857654 0.760405
vn 0.0392985 -0.371118 0.718371
v -1.27676 -1.3713 0.586515 0.992456 0.989199 0.981836
vn 0.00297931 -0.0281353 0.0544613
v 1.7007 -0.885961 0.575088 0.902145 0.857654 0.760405
vn 0.0392985 -0.371118 0.718371
v 0.216484 -1.1162 0.573465 0.912342 0.872507 0.785408
vn 0.0351975 -0.33239 0.643405
v -1.18024 -1.37214 0.578585 0.992456 0.989199 0.981836
vn 0.00297931 -0.0281353 0.0544613
v 0.321323 -1.10392 0.570406 0.905522 0.862574 0.768686
vn 0.0379402 -0.35829 0.693541
v -1.07565 -1.37203 0.569758 0.992456 0.989199 0.981836
vn 0.00297931 -0.0281353 0.0544613
v 0.427629 -1.0957 0.564548 0.902664 0.858411 0.761678
vn 0.0390896 -0.369145 0.714552
v -0.979901 -1.37487 0.559702 0.992456 0.989199 0.981836
vn 0.00297931 -0.0281353 0.0544613
v 0.506612 -1.06917 0.570831 0.90227 0.857836 0.760711
vn 0.0392483 -0.370643 0.717453
v -0.901882 -1.37872 0.550792 0.992456 0.989199 0.981836
vn 0.00297931 -0.0281353 0.0544613
v 0.608312 -1.05366 0.569734 0.902153 0.857666 0.760425
vn 0.0392952 -0.371086 0.71831
v -0.821088 -1.34423 0.561082 0.992456 0.989199 0.981836
vn 0.00297931 -0.0281353 0.0544613
v -0.707692 -1.3012 0.573107 0.992456 0.989199 0.981836
vn 0.00297931 -0.0281353 0.0544613
v -0.601841 -1.30651 0.55962 0.992456 0.989199 0.981836
vn 0.00297931 -0.0281353 0.0544613
v -0.522501 -1.282 0.565243 0.992425 0.989154 0.98176
vn 0.00299172 -0.0282524 0.0546881
v -0.426226 -1.2601 0.567722 0.992046 0.988602 0.98083
vn 0.00314427 -0.0296931 0.0574767
v -0.348328 -1.23371 0.573722 0.990957 0.987015 0.978159
vn 0.00358239 -0.0338305 0.0654856
v -0.244407 -1.22072 0.569808 0.984776 0.978012 0.963004
vn 0.00606803 -0.0573038 0.110923
v -0.136456 -1.2033 0.566324 0.972722 0.960455 0.93345
vn 0.0109155 -0.103081 0.199534
v -0.0574325 -1.17478 0.572727 0.958469 0.939695 0.898504
vn 0.0166473 -0.15721 0.304311
v 0.708048 -1.03704 0.569165 0.902145 0.857654 0.760405
vn 0.0392985 -0.371118 0.718371
v 0.781607 -1.00864 0.576003 0.902145 0.857654 0.760405
vn 0.0392985 -0.371118 0.718371
v 0.885604 -0.994365 0.574567 0.902145 0.857654 0.760405
vn 0.0392985 -0.371118 0.718371
v 0.988966 -0.985303 0.569144 0.902145 0.857654 0.760405
vn 0.0392985 -0.371118 0.718371
v 1.06347 -0.960996 0.574441 0.902145 0.857654 0.760405
vn 0.0392985 -0.371118 0.718371
v 1.16302 -0.948704 0.57291 0.902145 0.857654 0.760405
vn 0.0392985 -0.371118 0.718371
v 1.26941 -0.940924 0.569858 0.902145 0.857654 0.760405
vn 0.0392985 -0.371118 0.718371
v 1.37861 -0.934402 0.567047 0.902145 0.857654 0.760405
vn 0.0392985 -0.371118 0.718371
v 1.48661 -0.929107 0.564795 0.902145 0.857654 0.760405
vn 0.0392985 -0.371118 0.718371
v 0.0423204 -1.31219 0.49555 0.937396 0.909 0.846835
vn 0.0251221 -0.237242 0.459229
v -1.49258 -1.46563 0.571735 0.992456 0.989199 0.981836
vn 0.00297931 -0.0281353 0.0544613
v -0.416854 -0.215879 0.462127 0.999767 0.999955 0.999949
vn 0.0323636 -0.305628 0.591603
v 1.54659 -1.07328 0.510777 0.902145 0.857654 0.760405
vn 0.0392985 -0.371118 0.718371
v 0.146951 -1.29924 0.492995 0.919647 0.883148 0.803318
vn 0.0322598 -0.304647 0.589704
v 1.62219 -1.08906 0.505181 0.902145 0.857654 0.760405
vn 0.0392985 -0.371118 0.718371
v 0.245136 -1.28309 0.492617 0.908647 0.867125 0.776348
vn 0.0366835 -0.346422 0.670568
v -1.39221 -1.44288 0.568977 0.992456 0.989199 0.981836
vn 0.00297931 -0.0281353 0.0544613
v 1.572 -1.00596 0.53358 0.902145 0.857654 0.760405
vn 0.0392985 -0.371118 0.718371
v 0.329071 -1.27311 0.49128 0.903999 0.860356 0.764952
vn 0.0385526 -0.364074 0.704736
v 1.65186 -1.00264 0.533558 0.902145 0.857654 0.760405
vn 0.0392985 -0.371118 0.718371
v -1.35328 -1.40999 0.577013 0.992456 0.989199 0.981836
vn 0.00297931 -0.0281353 0.0544613
v 1.68067 -1.09486 0.503767 0.902145 0.857654 0.760405
vn 0.0392985 -0.371118 0.718371
v 1.69386 -0.976965 0.542021 0.902145 0.857654 0.760405
vn 0.0392985 -0.371118 0.718371
v 0.0445793 -1.2371 0.530727 0.937639 0.909354 0.847432
vn 0.0250243 -0.236318 0.45744
v -1.24942 -1.44505 0.554016 0.992456 0.989199 0.981836
vn 0.00297931 -0.0281353 0.0544613
v 0.147838 -1.22177 0.52863 0.920402 0.884247 0.805169
vn 0.0319563 -0.301781 0.584156
v 0.25559 -1.19611 0.531634 0.908908 0.867505 0.776987
vn 0.0365786 -0.345433 0.668652
v -1.27636 -1.42018 0.566348 0.992456 0.989199 0.981836
vn 0.00297931 -0.0281353 0.0544613
v 0.375798 -1.21654 0.513395 0.903331 0.859382 0.763314
vn 0.0388213 -0.366612 0.709648
v -1.13121 -1.44452 0.542846 0.992456 0.989199 0.981836
vn 0.00297931 -0.0281353 0.0544613
v 0.495367 -1.23894 0.495608 0.902225 0.857771 0.760602
vn 0.0392661 -0.370811 0.717778
v 0.422759 -1.15965 0.535032 0.902636 0.85837 0.76161
vn 0.0391008 -0.369251 0.714757
v -1.16761 -1.42148 0.55597 0.992456 0.989199 0.981836
vn 0.00297931 -0.0281353 0.0544613
v 0.506693 -1.15009 0.533037 0.902196 0.857729 0.760531
vn 0.0392777 -0.370922 0.717991
v 0.603423 -1.21587 0.498499 0.902145 0.857654 0.760405
vn 0.0392985 -0.371118 0.718371
v 0.710606 -1.20265 0.497858 0.902145 0.857654 0.760405
vn 0.0392985 -0.371118 0.718371
v 0.605394 -1.13377 0.533352 0.902149 0.85766 0.760415
vn 0.0392968 -0.371102 0.71834
v 0.712922 -1.11865 0.532489 0.902145 0.857654 0.760405
vn 0.0392985 -0.371118 0.718371
v -1.02071 -1.44259 0.533019 0.992456 0.989199 0.981836
vn 0.00297931 -0.0281353 0.0544613
v 0.821735 -1.19085 0.496507 0.902145 0.857654 0.760405
vn 0.0392985 -0.371118 0.718371
v 0.934809 -1.18435 0.49306 0.902145 0.857654 0.760405
vn 0.0392985 -0.371118 0.718371
v -1.05964 -1.42034 0.546388 0.992456 0.989199 0.981836
vn 0.00297931 -0.0281353 0.0544613
v 0.828976 -1.09194 0.536076 0.902145 0.857654 0.760405
vn 0.0392985 -0.371118 0.718371
v -0.912435 -1.44218 0.522944 0.992456 0.989199 0.981836
vn 0.00297931 -0.0281353 0.0544613
v 0.956913 -1.10219 0.523099 0.902145 0.857654 0.760405
vn 0.0392985 -0.371118 0.718371
v -0.956189 -1.41891 0.537273 0.992456 0.989199 0.981836
vn 0.00297931 -0.0281353 0.0544613
v -0.812889 -1.45198 0.509346 0.992456 0.989199 0.981836
vn 0.00297931 -0.0281353 0.0544613
v 0.989618 -1.04486 0.543502 0.902145 0.857654 0.760405
vn 0.0392985 -0.371118 0.718371
v -0.841694 -1.41473 0.528891 0.992456 0.989199 0.981836
vn 0.00297931 -0.0281353 0.0544613
v 1.04462 -1.18396 0.487831 0.902145 0.857654 0.760405
vn 0.0392985 -0.371118 0.718371
v -0.744308 -1.46514 0.497135 0.992456 0.989199 0.981836
vn 0.00297931 -0.0281353 0.0544613
v 1.14688 -1.17966 0.48508 0.902145 0.857654 0.760405
vn 0.0392985 -0.371118 0.718371
v -0.740418 -1.44343 0.506439 0.992456 0.989199 0.981836
vn 0.00297931 -0.0281353 0.0544613
v 1.06008 -1.10919 0.513816 0.902145 0.857654 0.760405
vn 0.0392985 -0.371118 0.718371
v -0.673076 -1.46192 0.491818 0.992456 0.989199 0.981836
vn 0.00297931 -0.0281353 0.0544613
v 1.15749 -1.10475 0.510862 0.902145 0.857654 0.760405
vn 0.0392985 -0.371118 0.718371
v 1.24586 -1.17264 0.484399 0.902145 0.857654 0.760405
vn 0.0392985 -0.371118 0.718371
v -0.630644 -1.43082 0.501704 0.992456 0.989199 0.981836
vn 0.00297931 -0.0281353 0.0544613
v 1.32977 -1.15838 0.486856 0.902145 0.857654 0.760405
vn 0.0392985 -0.371118 0.718371
v -0.729361 -1.38562 0.532441 0.992456 0.989199 0.981836
vn 0.00297931 -0.0281353 0.0544613
v 1.25628 -1.09787 0.509501 0.902145 0.857654 0.760405
vn 0.0392985 -0.371118 0.718371
v -0.625986 -1.36415 0.532698 0.992456 0.989199 0.981836
vn 0.00297931 -0.0281353 0.0544613
v 1.35716 -1.09417 0.50778 0.902145 0.857654 0.760405
vn 0.0392985 -0.371118 0.718371
v -0.553516 -1.40381 0.50641 0.992456 0.989199 0.981836
vn 0.00297931 -0.0281353 0.0544613
v 1.42345 -1.17016 0.482162 0.902145 0.857654 0.760405
vn 0.0392985 -0.371118 0.718371
v -0.468693 -1.40395 0.498717 0.99237 0.989074 0.981625
vn 0.00301386 -0.0284616 0.0550929
v -0.53272 -1.3509 0.530111 0.992441 0.989177 0.981798
vn 0.00298551 -0.0281939 0.0545747
v 1.5458 -1.16313 0.483544 0.902145 0.857654 0.760405
vn 0.0392985 -0.371118 0.718371
v -0.436019 -1.33818 0.52785 0.99207 0.988637 0.980889
vn 0.00313454 -0.0296012 0.0572989
v 1.46168 -1.08969 0.507023 0.902145 0.857654 0.760405
vn 0.0392985 -0.371118 0.718371
v 1.64626 -1.18482 0.477459 0.902145 0.857654 0.760405
vn 0.0392985 -0.371118 0.718371
v -0.368708 -1.40155 0.491367 0.991316 0.987538 0.97904
vn 0.00343779 -0.032465 0.0628423
v 1.69253 -1.21571 0.469988 0.902145 0.857654 0.760405
vn 0.0392985 -0.371118 0.718371
v -0.318522 -1.31734 0.527777 0.989196 0.98445 0.973841
vn 0.0042906 -0.0405185 0.0784315
v -0.178016 -1.337 0.50441 0.97778 0.967822 0.945852
vn 0.00888131 -0.0838712 0.162349
v -0.0622289 -1.32563 0.498394 0.958438 0.939649 0.898427
vn 0.01666 -0.15733 0.304542
v 1.06797 -1.03745 0.541394 0.902145 0.857654 0.760405
vn 0.0392985 -0.371118 0.718371
v -0.136239 -1.26706 0.533621 0.972566 0.960228 0.933069
vn 0.0109781 -0.103672 0.200678
v 1.16168 -1.02749 0.540364 0.902145 0.857654 0.760405
vn 0.0392985 -0.371118 0.718371
v -0.052862 -1.25246 0.532386 0.957217 0.937871 0.895435
vn 0.0171508 -0.161965 0.313515
v 1.26508 -1.0207 0.538096 0.902145 0.857654 0.760405
vn 0.0392985 -0.371118 0.718371
v 1.37205 -1.01543 0.535826 0.902145 0.857654 0.760405
vn 0.0392985 -0.371118 0.718371
v 1.4761 -1.00898 0.534774 0.902145 0.857654 0.760405
vn 0.0392985 -0.371118 0.718371
v -0.229565 -1.01208 0.682033 0.985992 0.979783 0.965986
vn 0.00557904 -0.052686 0.101984
v 0.0578227 -0.940779 0.683128 0.939418 0.911946 0.851795
vn 0.0243087 -0.229561 0.444359
v -1.62487 -1.12905 0.707664 0.992456 0.989199 0.981836
vn 0.00297931 -0.0281353 0.0544613
v -0.124155 -0.993685 0.678193 0.973354 0.961376 0.935
vn 0.0106613 -0.10068 0.194887
v 1.33772 -0.669033 0.685575 0.902145 0.857654 0.760405
vn 0.0392985 -0.371118 0.718371
v 0.169171 -0.913912 0.683991 0.918219 0.881068 0.799817
vn 0.032834 -0.31007 0.600201
v -0.0210749 -0.973821 0.675267 0.95623 0.936433 0.893013
vn 0.0175479 -0.165715 0.320774
v 1.44242 -0.656405 0.684472 0.902145 0.857654 0.760405
vn 0.0392985 -0.371118 0.718371
v -1.58911 -1.15559 0.695478 0.992456 0.989199 0.981836
vn 0.00297931 -0.0281353 0.0544613
v 1.54272 -0.649016 0.681583 0.902145 0.857654 0.760405
vn 0.0392985 -0.371118 0.718371
v 1.60599 -0.622922 0.690692 0.902145 0.857654 0.760405
vn 0.0392985 -0.371118 0.718371
v 0.249369 -0.914421 0.674463 0.908083 0.866303 0.774964
vn 0.0369104 -0.348566 0.674717
v 1.67112 -0.601736 0.697707 0.902145 0.857654 0.760405
vn 0.0392985 -0.371118 0.718371
v -1.51344 -1.16781 0.688944 0.992456 0.989199 0.981836
vn 0.00297931 -0.0281353 0.0544613
v 1.7035 -0.572773 0.709882 0.902145 0.857654 0.760405
vn 0.0392985 -0.371118 0.718371
v -1.41251 -1.16985 0.685752 0.992456 0.989199 0.981836
vn 0.00297931 -0.0281353 0.0544613
v 0.335749 -0.887422 0.680646 0.904173 0.860608 0.765378
vn 0.0384828 -0.363414 0.703459
v -1.3013 -1.16737 0.683465 0.992456 0.989199 0.981836
vn 0.00297931 -0.0281353 0.0544613
v 0.433774 -0.838303 0.697656 0.90237 0.857982 0.760956
vn 0.039208 -0.370263 0.716717
v -1.1892 -1.16419 0.680767 0.992456 0.989199 0.981836
vn 0.00297931 -0.0281353 0.0544613
v 0.52099 -0.843964 0.6859 0.902157 0.857672 0.760434
vn 0.0392936 -0.371072 0.718282
v -1.07783 -1.16137 0.677163 0.992456 0.989199 0.981836
vn 0.00297931 -0.0281353 0.0544613
v 0.618631 -0.862759 0.665538 0.902145 0.857654 0.760405
vn 0.0392985 -0.371118 0.718371
v -0.96571 -1.16019 0.671523 0.992456 0.989199 0.981836
vn 0.00297931 -0.0281353 0.0544613
v -0.85192 -1.16376 0.661781 0.992456 0.989199 0.981836
vn 0.00297931 -0.0281353 0.0544613
v 0.703856 -0.825389 0.677074 0.902145 0.857654 0.760405
vn 0.0392985 -0.371118 0.718371
v -0.742903 -1.16658 0.651438 0.992456 0.989199 0.981836
vn 0.00297931 -0.0281353 0.0544613
v 0.777319 -0.792913 0.686354 0.902145 0.857654 0.760405
vn 0.0392985 -0.371118 0.718371
v -0.641247 -1.17383 0.637838 0.992456 0.989199 0.981836
vn 0.00297931 -0.0281353 0.0544613
v 0.879841 -0.777822 0.682447 0.902145 0.857654 0.760405
vn 0.0392985 -0.371118 0.718371
v -0.572511 -1.12118 0.661261 0.992456 0.989199 0.981836
vn 0.00297931 -0.0281353 0.0544613
v 0.983863 -0.758532 0.678913 0.902145 0.857654 0.760405
vn 0.0392985 -0.371118 0.718371
v -0.497233 -1.08151 0.675814 0.992406 0.989126 0.981713
vn 0.00299948 -0.0283257 0.05483
v 1.06093 -0.729626 0.684585 0.902145 0.857654 0.760405
vn 0.0392985 -0.371118 0.718371
v -0.405422 -1.05861 0.678181 0.991856 0.988324 0.980363
vn 0.00322083 -0.0304161 0.0588764
v 1.16367 -0.71403 0.680727 0.902145 0.857654 0.760405
vn 0.0392985 -0.371118 0.718371
v 1.26373 -0.697146 0.678933 0.902145 0.857654 0.760405
vn 0.0392985 -0.371118 0.718371
v -0.307618 -1.03926 0.677002 0.989478 0.984861 0.974534
vn 0.0041769 -0.0394448 0.0763532
v -1.61263 -1.42853 0.594504 0.992456 0.989199 0.981836
vn 0.00297931 -0.0281353 0.0544613
v -0.1837 -1.10692 0.623993 0.978728 0.969203 0.948177
vn 0.00850007 -0.0802709 0.15538
v 1.59609 -0.843262 0.595123 0.902145 0.857654 0.760405
vn 0.0392985 -0.371118 0.718371
v 0.0508081 -1.08731 0.605997 0.939792 0.91249 0.852711
vn 0.0241583 -0.228141 0.441611
v 1.66941 -0.831896 0.597226 0.902145 0.857654 0.760405
vn 0.0392985 -0.371118 0.718371
v 0.139004 -1.0717 0.604048 0.923513 0.888778 0.812796
vn 0.0307052 -0.289966 0.561287
v -0.0502721 -1.09257 0.615336 0.958942 0.940383 0.899663
vn 0.0164572 -0.155415 0.300836
v 1.70334 -0.804714 0.607414 0.902145 0.857654 0.760405
vn 0.0392985 -0.371118 0.718371
v 0.217814 -1.0564 0.60362 0.91269 0.873015 0.786261
vn 0.0350575 -0.331067 0.640845
v -1.59567 -1.45112 0.586235 0.992456 0.989199 0.981836
vn 0.00297931 -0.0281353 0.0544613
v -0.0204201 -1.03325 0.643156 0.955519 0.935397 0.891271
vn 0.0178338 -0.168414 0.325999
v 1.3828 -0.850738 0.601643 0.902145 0.857654 0.760405
vn 0.0392985 -0.371118 0.718371
v 1.49521 -0.845253 0.598476 0.902145 0.857654 0.760405
vn 0.0392985 -0.371118 0.718371
v 0.0569167 -1.01839 0.641519 0.939941 0.912707 0.853076
vn 0.0240985 -0.227576 0.440517
v 1.38727 -0.752708 0.644361 0.902145 0.857654 0.760405
vn 0.0392985 -0.371118 0.718371
v 0.149171 -0.99887 0.641053 0.922674 0.887557 0.81074
vn 0.0310424 -0.293151 0.567451
v 0.261753 -0.983576 0.637137 0.909136 0.867837 0.777545
vn 0.036487 -0.344568 0.666978
v -1.6137 -1.37485 0.612006 0.992456 0.989199 0.981836
vn 0.00297931 -0.0281353 0.0544613
v 0.400012 -1.0047 0.612712 0.903343 0.8594 0.763343
vn 0.0388165 -0.366566 0.70956
v 1.51359 -0.763421 0.632344 0.902145 0.857654 0.760405
vn 0.0392985 -0.371118 0.718371
v 0.518888 -0.988015 0.609732 0.902251 0.857809 0.760666
vn 0.0392556 -0.370713 0.717588
v -1.57017 -1.41539 0.595561 0.992456 0.989199 0.981836
vn 0.00297931 -0.0281353 0.0544613
v 1.60657 -0.768278 0.625873 0.902145 0.857654 0.760405
vn 0.0392985 -0.371118 0.718371
v 0.455604 -0.911829 0.65549 0.902409 0.858039 0.761052
vn 0.0391922 -0.370114 0.716428
v 1.54425 -0.707445 0.655053 0.902145 0.857654 0.760405
vn 0.0392985 -0.371118 0.718371
v 0.556527 -0.917029 0.642617 0.902157 0.857671 0.760434
vn 0.0392937 -0.371072 0.718283
v -1.50982 -1.41093 0.591658 0.992456 0.989199 0.981836
vn 0.00297931 -0.0281353 0.0544613
v 1.61186 -0.697866 0.656313 0.902145 0.857654 0.760405
vn 0.0392985 -0.371118 0.718371
v -1.61867 -1.29175 0.64138 0.992456 0.989199 0.981836
vn 0.00297931 -0.0281353 0.0544613
v 0.618783 -0.980346 0.604132 0.902149 0.85766 0.760415
vn 0.0392968 -0.371102 0.71834
v 1.67239 -0.754675 0.629364 0.902145 0.857654 0.760405
vn 0.0392985 -0.371118 0.718371
v 1.704 -0.726616 0.640531 0.902145 0.857654 0.760405
vn 0.0392985 -0.371118 0.718371
v 0.704928 -0.966692 0.602778 0.902145 0.857654 0.760405
vn 0.0392985 -0.371118 0.718371
v -1.57854 -1.32444 0.627801 0.992456 0.989199 0.981836
vn 0.00297931 -0.0281353 0.0544613
v 0.638323 -0.924382 0.630521 0.902145 0.857654 0.760405
vn 0.0392985 -0.371118 0.718371
v -1.49208 -1.34431 0.615403 0.992456 0.989199 0.981836
vn 0.00297931 -0.0281353 0.0544613
v 0.708948 -0.900226 0.636276 0.902145 0.857654 0.760405
vn 0.0392985 -0.371118 0.718371
v 1.6723 -0.678423 0.662797 0.902145 0.857654 0.760405
vn 0.0392985 -0.371118 0.718371
v -1.38179 -1.32318 0.615839 0.992456 0.989199 0.981836
vn 0.00297931 -0.0281353 0.0544613
v 0.779268 -0.949407 0.604621 0.902145 0.857654 0.760405
vn 0.0392985 -0.371118 0.718371
v 1.70372 -0.649411 0.674758 0.902145 0.857654 0.760405
vn 0.0392985 -0.371118 0.718371
v -1.28314 -1.31164 0.613707 0.992456 0.989199 0.981836
vn 0.00297931 -0.0281353 0.0544613
v 0.812727 -0.876199 0.63875 0.902145 0.857654 0.760405
vn 0.0392985 -0.371118 0.718371
v 0.952462 -0.898145 0.613519 0.902145 0.857654 0.760405
vn 0.0392985 -0.371118 0.718371
v -1.62223 -1.20781 0.674007 0.992456 0.989199 0.981836
vn 0.00297931 -0.0281353 0.0544613
v -1.58493 -1.23626 0.661642 0.992456 0.989199 0.981836
vn 0.00297931 -0.0281353 0.0544613
v 0.98676 -0.822525 0.646265 0.902145 0.857654 0.760405
vn 0.0392985 -0.371118 0.718371
v -1.50569 -1.25066 0.653467 0.992456 0.989199 0.981836
vn 0.00297931 -0.0281353 0.0544613
v -1.4023 -1.25059 0.649063 0.992456 0.989199 0.981836
vn 0.00297931 -0.0281353 0.0544613
v 1.06334 -0.882317 0.610028 0.902145 0.857654 0.760405
vn 0.0392985 -0.371118 0.718371
v -1.29345 -1.24306 0.646701 0.992456 0.989199 0.981836
vn 0.00297931 -0.0281353 0.0544613
v 1.1644 -0.870453 0.607167 0.902145 0.857654 0.760405
vn 0.0392985 -0.371118 0.718371
v 1.27131 -0.860822 0.603894 0.902145 0.857654 0.760405
vn 0.0392985 -0.371118 0.718371
v -1.18309 -1.30822 0.608463 0.992456 0.989199 0.981836
vn 0.00297931 -0.0281353 0.0544613
v -1.07717 -1.30727 0.601193 0.992456 0.989199 0.981836
vn 0.00297931 -0.0281353 0.0544613
v 1.0676 -0.807302 0.645162 0.902145 0.857654 0.760405
vn 0.0392985 -0.371118 0.718371
v -0.973163 -1.31269 0.590016 0.992456 0.989199 0.981836
vn 0.00297931 -0.0281353 0.0544613
v 1.16445 -0.792532 0.643195 0.902145 0.857654 0.760405
vn 0.0392985 -0.371118 0.718371
v -0.902828 -1.33206 0.57393 0.992456 0.989199 0.981836
vn 0.00297931 -0.0281353 0.0544613
v -1.18596 -1.23779 0.643296 0.992456 0.989199 0.981836
vn 0.00297931 -0.0281353 0.0544613
v 1.27159 -0.778464 0.640795 0.902145 0.857654 0.760405
vn 0.0392985 -0.371118 0.718371
v -1.07682 -1.23515 0.6381 0.992456 0.989199 0.981836
vn 0.00297931 -0.0281353 0.0544613
v -0.963932 -1.23753 0.62906 0.992456 0.989199 0.981836
vn 0.00297931 -0.0281353 0.0544613
v -0.835237 -1.25706 0.608386 0.992456 0.989199 0.981836
vn 0.00297931 -0.0281353 0.0544613
v -0.711182 -1.22396 0.615819 0.992456 0.989199 0.981836
vn 0.00297931 -0.0281353 0.0544613
v -0.619673 -1.24427 0.595554 0.992456 0.989199 0.981836
vn 0.00297931 -0.0281353 0.0544613
v -0.52712 -1.19933 0.611737 0.992443 0.989179 0.981803
vn 0.00298474 -0.0281865 0.0545605
v -0.422292 -1.18938 0.60606 0.992233 0.988874 0.981289
vn 0.00306899 -0.0289822 0.0561007
v -0.486283 -1.14149 0.640342 0.992437 0.989171 0.981788
vn 0.00298715 -0.0282093 0.0546047
v -0.411337 -1.12733 0.639886 0.992033 0.988583 0.980798
vn 0.0031495 -0.0297425 0.0575725
v -0.346053 -1.17843 0.603677 0.990964 0.987026 0.978177
vn 0.00357935 -0.0338018 0.06543
v -0.315411 -1.12145 0.631993 0.989333 0.98465 0.974178
vn 0.00423531 -0.0399964 0.0774209
v -0.358494 -0.853635 0.787057 0.992012 0.988552 0.980746
vn 0.00316212 -0.0298617 0.0578032
v 0.0901068 -0.703554 0.808177 0.928656 0.89627 0.825406
vn 0.028641 -0.270473 0.523554
v 0.178556 -0.705796 0.797054 0.913723 0.874519 0.788793
vn 0.0346422 -0.327146 0.633254
v -1.6414 -0.926473 0.802107 0.992456 0.989199 0.981836
vn 0.00297931 -0.0281353 0.0544613
v 0.272148 -0.71152 0.784713 0.905652 0.862763 0.769004
vn 0.0378917 -0.357833 0.692655
v 0.541217 -0.677269 0.782324 0.902428 0.858066 0.761098
vn 0.0393252 -0.37137 0.71886
v -0.266818 -0.814329 0.796235 0.989044 0.984228 0.973468
vn 0.00435889 -0.0411635 0.07968
v 0.364087 -0.718545 0.772517 0.902896 0.858748 0.762246
vn 0.0390046 -0.368343 0.712999
v 0.444327 -0.720227 0.764479 0.902243 0.857798 0.760646
vn 0.0392726 -0.370873 0.717897
v 0.658005 -0.637034 0.795699 0.902786 0.858586 0.761974
vn 0.039359 -0.371689 0.719477
v -0.149494 -0.819513 0.77727 0.979538 0.970383 0.950162
vn 0.00817445 -0.077196 0.149428
v -1.60795 -0.929957 0.800428 0.992456 0.989199 0.981836
vn 0.00297931 -0.0281353 0.0544613
v 0.743565 -0.630192 0.787916 0.902719 0.858489 0.761811
vn 0.0393527 -0.37163 0.719362
v -0.0833161 -0.808845 0.773838 0.969565 0.955856 0.925709
vn 0.0121853 -0.115072 0.222745
v -1.5503 -0.964789 0.783684 0.992456 0.989199 0.981836
vn 0.00297931 -0.0281353 0.0544613
v -0.00805428 -0.765272 0.787217 0.951509 0.929556 0.881438
vn 0.0194493 -0.18367 0.35553
v 0.818859 -0.601585 0.792404 0.902754 0.858541 0.761897
vn 0.0393561 -0.371662 0.719424
v -1.45577 -0.96083 0.785411 0.992456 0.989199 0.981836
vn 0.00297931 -0.0281353 0.0544613
v 0.893953 -0.570537 0.794456 0.902418 0.858052 0.761074
vn 0.0393243 -0.371362 0.718843
v -1.35386 -0.923462 0.803547 0.992456 0.989199 0.981836
vn 0.00297931 -0.0281353 0.0544613
v -1.23484 -0.916603 0.806903 0.992457 0.989201 0.981838
vn 0.00297887 -0.0281311 0.0544532
v 0.989688 -0.561629 0.780745 0.902184 0.857712 0.760501
vn 0.0393026 -0.371157 0.718446
v -1.09541 -0.930577 0.798907 0.992462 0.989207 0.981849
vn 0.00297719 -0.0281153 0.0544227
v 1.0799 -0.508832 0.79287 0.902158 0.857673 0.760436
vn 0.0393007 -0.371138 0.71841
v -0.971881 -0.936959 0.793082 0.992465 0.989211 0.981856
vn 0.00297596 -0.0281037 0.0544002
v 1.18076 -0.486626 0.789925 0.902147 0.857657 0.76041
vn 0.0392992 -0.371124 0.718383
v -0.85812 -0.93882 0.787547 0.992463 0.989209 0.981852
vn 0.00297666 -0.0281103 0.054413
v 1.27644 -0.475749 0.784128 0.902145 0.857654 0.760405
vn 0.0392985 -0.371118 0.718371
v 1.34533 -0.452619 0.788601 0.902145 0.857654 0.760405
vn 0.0392985 -0.371118 0.718371
v -0.749234 -0.940955 0.7796 0.992461 0.989206 0.981848
vn 0.00297737 -0.028117 0.0544259
v -0.641116 -0.948616 0.766255 0.992462 0.989208 0.981851
vn 0.00297686 -0.0281122 0.0544166
v 1.44374 -0.440056 0.787307 0.902157 0.857671 0.760433
vn 0.0393 -0.371132 0.718398
v -0.529519 -0.954103 0.751704 0.992458 0.989202 0.98184
vn 0.00297861 -0.0281287 0.0544486
v 1.54179 -0.425203 0.787875 0.902153 0.857666 0.760424
vn 0.0392995 -0.371127 0.71839
v -0.457371 -0.877674 0.785987 0.99254 0.989321 0.982041
vn 0.00294877 -0.0278469 0.0539031
v 1.60738 -0.396421 0.798425 0.902152 0.857664 0.760421
vn 0.0392994 -0.371126 0.718387
v 1.67391 -0.374933 0.805701 0.902145 0.857654 0.760405
vn 0.0392985 -0.371118 0.718371
v 1.70698 -0.347096 0.817852 0.902145 0.857654 0.760405
vn 0.0392985 -0.371118 0.718371
v -0.227185 -0.953636 0.714153 0.986758 0.980899 0.967863
vn 0.00527105 -0.0497775 0.0963541
v 1.33498 -0.608061 0.714576 0.902145 0.857654 0.760405
vn 0.0392985 -0.371118 0.718371
v 0.0704115 -0.851943 0.729732 0.9348 0.905219 0.840472
vn 0.0261659 -0.247099 0.478308
v -1.62896 -1.05406 0.741838 0.992456 0.989199 0.981836
vn 0.00297931 -0.0281353 0.0544613
v -0.18733 -0.894255 0.741471 0.982635 0.974894 0.957756
vn 0.00692894 -0.0654338 0.12666
v 0.174429 -0.829015 0.729439 0.91521 0.876685 0.79244
vn 0.0340441 -0.321497 0.622321
v 0.645656 -0.703695 0.754244 0.902218 0.85776 0.760584
vn 0.0393054 -0.371183 0.718497
v -0.0587037 -0.881531 0.730718 0.962779 0.945972 0.909072
vn 0.014914 -0.140842 0.272626
v -1.59394 -1.08042 0.729364 0.992456 0.989199 0.981836
vn 0.00297931 -0.0281353 0.0544613
v 0.23902 -0.868807 0.700299 0.908411 0.866782 0.775769
vn 0.0367784 -0.347319 0.672303
v 0.72429 -0.688962 0.753257 0.902235 0.857785 0.760626
vn 0.039307 -0.371198 0.718526
v -0.364181 -0.913452 0.754786 0.992106 0.988689 0.980977
vn 0.00312016 -0.0294654 0.0570361
v -1.52298 -1.09409 0.722409 0.992456 0.989199 0.981836
vn 0.00297931 -0.0281353 0.0544613
v 0.11264 -0.771834 0.768169 0.92428 0.889895 0.814677
vn 0.0303967 -0.287053 0.555648
v -1.42651 -1.09368 0.721531 0.992456 0.989199 0.981836
vn 0.00297931 -0.0281353 0.0544613
v -0.286111 -0.899624 0.752104 0.990244 0.985977 0.976412
vn 0.0038689 -0.0365362 0.070723
v 0.199361 -0.76375 0.762621 0.910828 0.870302 0.781696
vn 0.0358063 -0.338139 0.654534
v 0.81364 -0.682394 0.744596 0.902233 0.857783 0.760622
vn 0.0393069 -0.371197 0.718524
v -1.31222 -1.08898 0.721971 0.992456 0.989199 0.981836
vn 0.00297931 -0.0281353 0.0544613
v 0.279788 -0.794766 0.737211 0.905664 0.86278 0.769034
vn 0.0378831 -0.357752 0.692498
v 0.936603 -0.66522 0.735204 0.90219 0.857719 0.760514
vn 0.0393027 -0.371158 0.718448
v -1.19382 -1.08848 0.719596 0.992456 0.989199 0.981836
vn 0.00297931 -0.0281353 0.0544613
v 0.38936 -0.786283 0.731352 0.902682 0.858436 0.761721
vn 0.0390825 -0.369078 0.714423
v -1.07921 -1.08747 0.716551 0.992456 0.989199 0.981836
vn 0.00297931 -0.0281353 0.0544613
v 1.0653 -0.648266 0.724885 0.902145 0.857654 0.760405
vn 0.0392985 -0.371118 0.718371
v 1.09075 -0.584354 0.753157 0.902145 0.857654 0.760405
vn 0.0392985 -0.371118 0.718371
v 0.48672 -0.770807 0.731026 0.902187 0.857716 0.760508
vn 0.0392888 -0.371026 0.718194
v -0.96668 -1.08583 0.712504 0.992456 0.989199 0.981836
vn 0.00297931 -0.0281353 0.0544613
v 1.16656 -0.639026 0.716584 0.902145 0.857654 0.760405
vn 0.0392985 -0.371118 0.718371
v -0.854693 -1.08643 0.705526 0.992456 0.989199 0.981836
vn 0.00297931 -0.0281353 0.0544613
v 0.601657 -0.774534 0.717185 0.902158 0.857673 0.760436
vn 0.0392997 -0.371129 0.718393
v 1.17034 -0.565718 0.752082 0.902145 0.857654 0.760405
vn 0.0392985 -0.371118 0.718371
v -1.63483 -0.982557 0.775447 0.992456 0.989199 0.981836
vn 0.00297931 -0.0281353 0.0544613
v 0.70559 -0.752394 0.71782 0.902145 0.857654 0.760405
vn 0.0392985 -0.371118 0.718371
v 1.25615 -0.6228 0.714708 0.902145 0.857654 0.760405
vn 0.0392985 -0.371118 0.718371
v 1.26397 -0.550011 0.749278 0.902145 0.857654 0.760405
vn 0.0392985 -0.371118 0.718371
v -1.60144 -1.00808 0.76325 0.992456 0.989199 0.981836
vn 0.00297931 -0.0281353 0.0544613
v 0.780556 -0.73767 0.716845 0.902145 0.857654 0.760405
vn 0.0392985 -0.371118 0.718371
v 1.37241 -0.535214 0.746788 0.902145 0.857654 0.760405
vn 0.0392985 -0.371118 0.718371
v -1.5332 -1.02464 0.755107 0.992456 0.989199 0.981836
vn 0.00297931 -0.0281353 0.0544613
v -1.45509 -1.03563 0.749394 0.992456 0.989199 0.981836
vn 0.00297931 -0.0281353 0.0544613
v 1.50721 -0.561742 0.724714 0.902145 0.857654 0.760405
vn 0.0392985 -0.371118 0.718371
v -1.34483 -1.00457 0.763779 0.992456 0.989199 0.981836
vn 0.00297931 -0.0281353 0.0544613
v 1.60509 -0.545455 0.726877 0.902145 0.857654 0.760405
vn 0.0392985 -0.371118 0.718371
v 1.54076 -0.4875 0.7578 0.902145 0.857654 0.760405
vn 0.0392985 -0.371118 0.718371
v -1.20666 -1.00833 0.760601 0.992456 0.989199 0.981836
vn 0.00297931 -0.0281353 0.0544613
v 1.60987 -0.471728 0.761691 0.902145 0.857654 0.760405
vn 0.0392985 -0.371118 0.718371
v -1.08339 -1.01187 0.756561 0.992456 0.989199 0.981836
vn 0.00297931 -0.0281353 0.0544613
v 1.67147 -0.525603 0.733253 0.902145 0.857654 0.760405
vn 0.0392985 -0.371118 0.718371
v -0.96791 -1.01222 0.752669 0.992456 0.989199 0.981836
vn 0.00297931 -0.0281353 0.0544613
v 1.70357 -0.496732 0.745651 0.902145 0.857654 0.760405
vn 0.0392985 -0.371118 0.718371
v -0.855651 -1.01196 0.747168 0.992456 0.989199 0.981836
vn 0.00297931 -0.0281353 0.0544613
v 1.67186 -0.450145 0.769274 0.902145 0.857654 0.760405
vn 0.0392985 -0.371118 0.718371
v 1.70419 -0.421258 0.781852 0.902145 0.857654 0.760405
vn 0.0392985 -0.371118 0.718371
v -0.745284 -1.09394 0.693053 0.992456 0.989199 0.981836
vn 0.00297931 -0.0281353 0.0544613
v -0.664179 -1.11421 0.674427 0.992456 0.989199 0.981836
vn 0.00297931 -0.0281353 0.0544613
v -0.742429 -1.01691 0.736413 0.992456 0.989199 0.981836
vn 0.00297931 -0.0281353 0.0544613
v -0.611163 -1.0396 0.711657 0.992457 0.9892 0.981837
vn 0.00297914 -0.0281337 0.0544583
v -0.491351 -1.01823 0.711191 0.992401 0.989119 0.981701
vn 0.0030014 -0.0283439 0.0548651
v -0.408997 -0.973574 0.726611 0.992094 0.988671 0.980947
vn 0.00312505 -0.0295116 0.0571255
v -0.304329 -0.965374 0.717946 0.990722 0.986673 0.977584
vn 0.00367674 -0.0347215 0.0672103
v 0.100867 -0.500799 0.911578 0.926553 0.893191 0.820204
vn 0.030027 -0.283562 0.54889
v -1.64554 -0.727397 0.896476 0.992477 0.989228 0.981884
vn 0.00323628 -0.030562 0.0591587
v -0.461568 -0.673204 0.896325 0.994428 0.992069 0.986667
vn 0.00320706 -0.0302861 0.0586246
v 1.64128 -0.18271 0.902332 0.902659 0.858402 0.761642
vn 0.039392 -0.372001 0.720081
v 0.164042 -0.4942 0.909058 0.914932 0.876268 0.791723
vn 0.0344639 -0.325462 0.629995
v -0.364247 -0.648146 0.896856 0.994629 0.992359 0.987156
vn 0.00338601 -0.031976 0.0618958
v -1.60809 -0.737202 0.891864 0.992485 0.989239 0.981903
vn 0.00333937 -0.0315355 0.0610432
v 1.70435 -0.175764 0.902803 0.902476 0.858134 0.761201
vn 0.039354 -0.371642 0.719386
v 0.244078 -0.483804 0.909249 0.909229 0.867957 0.777722
vn 0.0370315 -0.349709 0.676931
v -1.51361 -0.722252 0.89914 0.992513 0.989279 0.98197
vn 0.00369685 -0.0349114 0.0675778
v 1.72548 -0.146886 0.916315 0.902704 0.858466 0.76175
vn 0.0393966 -0.372044 0.720164
v -1.40298 -0.717613 0.902181 0.99251 0.989276 0.981965
vn 0.00366827 -0.0346415 0.0670555
v 0.373112 -0.51084 0.892503 0.904967 0.861756 0.767295
vn 0.0389322 -0.367658 0.711674
v -0.295567 -0.590068 0.917372 0.99466 0.992404 0.987232
vn 0.00376404 -0.035546 0.0688062
v -1.29685 -0.717478 0.90351 0.992496 0.989254 0.981929
vn 0.00347282 -0.0327958 0.0634827
v -0.210633 -0.592113 0.90554 0.988868 0.983969 0.973031
vn 0.00519929 -0.0490998 0.0950423
v 0.472815 -0.509223 0.895788 0.904931 0.861705 0.767219
vn 0.0395062 -0.37308 0.722168
v -1.19641 -0.710722 0.908056 0.99251 0.989275 0.981964
vn 0.00350649 -0.0331138 0.0640982
v -0.0995604 -0.594299 0.889429 0.971819 0.959135 0.931227
vn 0.0117264 -0.110739 0.214356
v -1.09216 -0.700733 0.913932 0.992599 0.989405 0.982183
vn 0.0035927 -0.0339279 0.065674
v 0.571127 -0.503515 0.903639 0.907774 0.865842 0.774183
vn 0.039832 -0.376156 0.728123
v 0.00277348 -0.524813 0.910446 0.949914 0.927216 0.877479
vn 0.0211614 -0.199839 0.386827
v -0.984986 -0.674803 0.926822 0.992933 0.98989 0.982999
vn 0.00396015 -0.037398 0.0723911
v 0.666484 -0.471095 0.928632 0.911676 0.871517 0.783737
vn 0.0402015 -0.379646 0.734878
v -0.872015 -0.705278 0.910021 0.993172 0.99024 0.983587
vn 0.00342005 -0.0322975 0.0625181
v 0.749744 -0.432965 0.913588 0.907888 0.865981 0.774402
vn 0.0398809 -0.376617 0.729017
v -0.755094 -0.727804 0.894023 0.993237 0.990335 0.983748
vn 0.00312135 -0.0294767 0.0570579
v 0.835371 -0.360169 0.916531 0.904479 0.860987 0.76598
vn 0.0396087 -0.374048 0.724042
v -0.651688 -0.755509 0.872649 0.993068 0.99009 0.983335
vn 0.00295375 -0.0278939 0.0539942
v 0.91301 -0.381003 0.887589 0.902793 0.858575 0.761943
vn 0.0393921 -0.372002 0.720083
v -0.543478 -0.716338 0.882822 0.993643 0.990925 0.984742
vn 0.00308903 -0.0291715 0.0564671
v 0.998424 -0.333366 0.892594 0.902893 0.858679 0.7621
vn 0.0394583 -0.372627 0.721293
v 1.07222 -0.247615 0.921544 0.90366 0.859765 0.763903
vn 0.0395756 -0.373734 0.723436
v 1.16924 -0.256962 0.90417 0.902839 0.858641 0.762046
vn 0.0394 -0.372076 0.720227
v 1.26087 -0.266641 0.888893 0.902633 0.858355 0.761572
vn 0.0393648 -0.371744 0.719582
v 1.34318 -0.272341 0.877946 0.902571 0.858266 0.761424
vn 0.0393566 -0.371666 0.719432
v 1.44586 -0.218264 0.896628 0.903451 0.859546 0.763552
vn 0.0395207 -0.373216 0.722432
v 1.5545 -0.167333 0.914689 0.903221 0.859217 0.762994
vn 0.0394904 -0.37293 0.721878
v -0.411579 -0.763797 0.842229 0.992878 0.989812 0.982868
vn 0.00297473 -0.028092 0.0543776
v 1.64186 -0.256544 0.865493 0.902205 0.85774 0.760548
vn 0.0393061 -0.37119 0.71851
v -1.63253 -0.861265 0.833194 0.992456 0.989199 0.981836
vn 0.00297931 -0.0281353 0.0544613
v -0.282032 -0.716558 0.851123 0.991037 0.987131 0.978354
vn 0.00367323 -0.0346884 0.0671462
v 1.69145 -0.234288 0.874213 0.902211 0.857749 0.760562
vn 0.0393068 -0.371197 0.718524
v 0.0302474 -0.629993 0.854556 0.942565 0.916528 0.859507
vn 0.0231373 -0.218498 0.422947
v -0.182815 -0.748162 0.820761 0.983708 0.976457 0.960386
vn 0.00650199 -0.0614019 0.118855
v 1.72076 -0.208803 0.885612 0.902242 0.857793 0.760636
vn 0.0393108 -0.371234 0.718595
v 0.157583 -0.634909 0.838039 0.918057 0.880831 0.799419
vn 0.0329054 -0.310744 0.601505
v -0.270061 -0.646024 0.886646 0.992435 0.989167 0.981781
vn 0.00333845 -0.0315269 0.0610264
v 0.0672225 -0.554016 0.889131 0.933153 0.902816 0.836423
vn 0.0270098 -0.255069 0.493735
v -1.59335 -0.86159 0.833084 0.992456 0.989199 0.981836
vn 0.00297931 -0.0281353 0.0544613
v 0.260632 -0.642083 0.824782 0.907068 0.864825 0.772476
vn 0.0373322 -0.352549 0.682427
v -0.190977 -0.667719 0.864638 0.98513 0.978528 0.963873
vn 0.00601232 -0.0567777 0.109904
v -0.105585 -0.768147 0.79917 0.973472 0.961547 0.935289
vn 0.010614 -0.100234 0.194022
v 0.144188 -0.553258 0.881924 0.919592 0.883064 0.803175
vn 0.0323646 -0.305637 0.591619
v 0.358608 -0.648735 0.813891 0.903264 0.859284 0.763149
vn 0.0389198 -0.367542 0.711449
v -1.53273 -0.899935 0.814753 0.992456 0.989199 0.981836
vn 0.00297931 -0.0281353 0.0544613
v -0.0943247 -0.696853 0.835831 0.969958 0.956428 0.926672
vn 0.0120546 -0.113838 0.220355
v 0.25449 -0.568148 0.865819 0.908381 0.866736 0.77569
vn 0.0369001 -0.348468 0.674528
v -1.4356 -0.874369 0.827214 0.992456 0.989199 0.981836
vn 0.00297931 -0.0281353 0.0544613
v 0.344238 -0.588141 0.84967 0.904004 0.860362 0.764961
vn 0.0387057 -0.365519 0.707534
v -1.32756 -0.856764 0.836183 0.992456 0.989199 0.981836
vn 0.00297931 -0.0281353 0.0544613
v 0.43661 -0.66573 0.797884 0.902419 0.858053 0.761076
vn 0.0392718 -0.370866 0.717883
v -1.64036 -0.781295 0.871151 0.99246 0.989204 0.981844
vn 0.00302409 -0.0285581 0.0552799
v 0.463422 -0.583343 0.848323 0.903508 0.859638 0.763743
vn 0.039336 -0.371472 0.719056
v -1.61366 -0.80897 0.858097 0.992458 0.989202 0.98184
vn 0.00300156 -0.0283454 0.054868
v -1.53624 -0.812611 0.856478 0.992461 0.989205 0.981846
vn 0.00303678 -0.028678 0.0555119
v 0.589034 -0.587314 0.838222 0.903873 0.860167 0.764635
vn 0.0394618 -0.372659 0.721355
v -1.42149 -0.794554 0.865613 0.992463 0.989209 0.981852
vn 0.00306841 -0.0289767 0.0560901
v 0.70368 -0.547259 0.851631 0.905106 0.861961 0.767653
vn 0.0395802 -0.373778 0.723521
v -1.31337 -0.78526 0.870971 0.992462 0.989207 0.981848
vn 0.00304641 -0.028769 0.0556879
v 0.823302 -0.5175 0.841316 0.903643 0.859832 0.76407
vn 0.0394425 -0.372478 0.721004
v -1.2358 -0.838028 0.84592 0.992458 0.989201 0.981839
vn 0.00297872 -0.0281297 0.0544505
v 0.907667 -0.508362 0.825207 0.902531 0.858215 0.761349
vn 0.0393355 -0.371467 0.719047
v -1.12057 -0.838636 0.845784 0.992479 0.989232 0.981891
vn 0.00297026 -0.0280498 0.0542959
v 0.866005 -0.442353 0.870742 0.903501 0.85962 0.76371
vn 0.039437 -0.372425 0.720902
v 0.975305 -0.449096 0.841254 0.902368 0.857973 0.760939
vn 0.0393284 -0.3714 0.718918
v -0.98195 -0.856274 0.83545 0.992514 0.989282 0.981976
vn 0.00295631 -0.0279181 0.0540409
v -0.861546 -0.865359 0.827221 0.99252 0.989292 0.981993
vn 0.00295354 -0.0278919 0.0539902
v -1.21039 -0.778299 0.875327 0.992464 0.989211 0.981855
vn 0.0030323 -0.0286357 0.05543
v 1.10007 -0.405961 0.841047 0.902208 0.85774 0.760546
vn 0.0393131 -0.371256 0.718638
v -1.12021 -0.762399 0.883827 0.992497 0.989259 0.981936
vn 0.00304258 -0.0287328 0.0556179
v 1.21702 -0.41089 0.822739 0.902147 0.857657 0.76041
vn 0.0392992 -0.371124 0.718383
v -1.00126 -0.764281 0.882516 0.992641 0.989468 0.982289
vn 0.00304038 -0.028712 0.0555777
v 1.29328 -0.416288 0.811253 0.902145 0.857654 0.760405
vn 0.0392985 -0.371118 0.718371
v -0.86684 -0.787794 0.867949 0.99273 0.989597 0.982505
vn 0.00293648 -0.0277308 0.0536784
v 1.35099 -0.396756 0.815497 0.902154 0.857668 0.760427
vn 0.0392997 -0.371129 0.718392
v 1.09998 -0.316412 0.884446 0.902388 0.857989 0.760959
vn 0.0393475 -0.37158 0.719266
v -0.755227 -0.871111 0.818546 0.992503 0.989267 0.98195
vn 0.00296051 -0.0279578 0.0541177
v 1.18545 -0.333846 0.864611 0.902217 0.857757 0.760575
vn 0.0393096 -0.371223 0.718574
v -0.654798 -0.875936 0.808121 0.99251 0.989277 0.981967
vn 0.00295769 -0.0279312 0.0540662
v 1.28971 -0.346245 0.846543 0.902197 0.857728 0.760528
vn 0.039305 -0.37118 0.718491
v -0.567252 -0.889215 0.792272 0.992516 0.989286 0.981982
vn 0.00295538 -0.0279093 0.0540238
v 1.39528 -0.33346 0.843314 0.902319 0.857904 0.760822
vn 0.039322 -0.37134 0.7188
v -0.756006 -0.802365 0.855452 0.9927 0.989555 0.982434
vn 0.00291504 -0.0275284 0.0532865
v -0.671774 -0.819249 0.840634 0.992626 0.989445 0.98225
vn 0.00292221 -0.0275961 0.0534176
v 1.51442 -0.338049 0.832583 0.902284 0.857854 0.760737
vn 0.0393173 -0.371296 0.718715
v 1.61624 -0.318904 0.836034 0.90216 0.857676 0.760441
vn 0.0393004 -0.371136 0.718406
v -0.562517 -0.810767 0.834513 0.992776 0.989664 0.982618
vn 0.00289338 -0.0273238 0.0528906
v 1.5669 -0.245388 0.875169 0.902435 0.85807 0.761097
vn 0.0393366 -0.371478 0.719068
v 1.68192 -0.302844 0.840703 0.902145 0.857654 0.760405
vn 0.0392985 -0.371118 0.718371
v 1.71274 -0.27557 0.852817 0.902145 0.857654 0.760405
vn 0.0392985 -0.371118 0.718371
v -1.62158 -0.518979 0.990404 0.993443 0.990593 0.984184
vn 0.0155329 -0.146686 0.283939
v 0.0558944 -0.26665 1.02272 0.962176 0.94478 0.906293
vn 0.033392 -0.315339 0.610401
v 1.42895 0.0773943 1.04266 0.89716 0.852402 0.751242
vn 0.0437895 -0.413529 0.800466
v -1.58446 -0.481498 1.00657 0.99383 0.99114 0.985105
vn 0.0204584 -0.1932 0.373976
v 1.50945 0.0662654 1.03293 0.895441 0.849848 0.746474
vn 0.0431981 -0.407944 0.789656
v -1.50948 -0.439224 1.02426 0.994308 0.991815 0.986242
vn 0.0265404 -0.250636 0.485155
v 0.160812 -0.28417 1.00531 0.940332 0.912994 0.852804
vn 0.0370131 -0.349536 0.676595
v 1.59602 0.055503 1.02356 0.894075 0.847802 0.742788
vn 0.042721 -0.403438 0.780933
v 0.264967 -0.269556 1.00271 0.928431 0.895667 0.823625
vn 0.040266 -0.380254 0.736056
v -1.39757 -0.473637 1.01043 0.993954 0.991315 0.9854
vn 0.0220356 -0.208094 0.402807
v 1.66954 0.0429254 1.01397 0.895262 0.84927 0.74531
vn 0.042249 -0.398981 0.772306
v 0.340921 -0.206595 1.02311 0.934063 0.903724 0.836834
vn 0.0424414 -0.400798 0.775823
v -1.26156 -0.503109 0.999887 0.993676 0.990922 0.984738
vn 0.0183544 -0.17333 0.335515
v 1.70695 0.0191142 1.00037 0.898488 0.853479 0.752628
vn 0.0415866 -0.392725 0.760197
v 0.618547 -0.457168 0.952497 0.914335 0.875387 0.79025
vn 0.0404512 -0.382004 0.739443
v -1.13087 -0.493761 1.00635 0.993852 0.991175 0.985165
vn 0.0193035 -0.182294 0.352865
v 0.563406 -0.429599 0.957148 0.9126 0.872854 0.78596
vn 0.040302 -0.380594 0.736715
v -1.02348 -0.492787 1.0087 0.994161 0.991626 0.985924
vn 0.018889 -0.17838 0.345289
v 0.652287 -0.444025 0.965015 0.916655 0.878762 0.795933
vn 0.0406697 -0.384066 0.743435
v -0.926679 -0.490411 1.01016 0.994801 0.992561 0.987499
vn 0.0183461 -0.173253 0.335365
v 0.682513 -0.431918 0.955743 0.914391 0.875462 0.790373
vn 0.040464 -0.382124 0.739676
v -0.85866 -0.48987 1.00961 0.995418 0.993461 0.989014
vn 0.0177919 -0.168019 0.325234
v 0.601502 -0.387675 0.976998 0.914667 0.875842 0.790968
vn 0.0405248 -0.382699 0.740788
v 0.673178 -0.382227 0.965551 0.912908 0.873262 0.78663
vn 0.0403869 -0.381396 0.738267
v -0.775081 -0.498559 1.00134 0.996065 0.994407 0.990608
vn 0.0168512 -0.159135 0.308037
v -0.645272 -0.472006 1.00362 0.997463 0.996437 0.99403
vn 0.0193409 -0.182647 0.353549
v 0.440819 -0.196153 1.01982 0.92798 0.894796 0.821929
vn 0.042409 -0.400492 0.77523
v 0.523393 -0.162693 1.02536 0.928508 0.895176 0.822474
vn 0.0430427 -0.406476 0.786814
v -0.553682 -0.440834 1.00975 0.998497 0.997938 0.996559
vn 0.021445 -0.202517 0.392012
v -0.44984 -0.417148 1.00872 0.998827 0.99842 0.997372
vn 0.0206788 -0.195281 0.378005
v 0.613817 -0.125736 1.03072 0.926951 0.8923 0.817613
vn 0.0437527 -0.413181 0.799793
v 0.698211 -0.144534 1.01689 0.918225 0.879713 0.796783
vn 0.0427408 -0.403625 0.781296
v -0.356341 -0.369861 1.01896 0.999224 0.998992 0.998331
vn 0.0217976 -0.205847 0.398456
v 0.777308 -0.149777 1.00668 0.913715 0.873307 0.786223
vn 0.0420927 -0.397505 0.769448
v -0.28958 -0.377738 1.00949 0.998206 0.997517 0.995835
vn 0.0177404 -0.167532 0.324292
v 0.875532 -0.10333 1.01398 0.91514 0.875204 0.789612
vn 0.0426608 -0.40287 0.779833
v -0.221313 -0.383323 0.999928 0.994511 0.992128 0.986732
vn 0.0157203 -0.148456 0.287365
v 0.974963 -0.0636258 1.01904 0.918078 0.879624 0.79706
vn 0.0427743 -0.403942 0.781909
v -0.122774 -0.327075 1.01201 0.98533 0.978676 0.963928
vn 0.0234049 -0.221026 0.427838
v -0.0251789 -0.265873 1.02937 0.976552 0.96576 0.941828
vn 0.0305616 -0.288611 0.558662
v 1.05573 -0.0153408 1.03139 0.925343 0.89027 0.814857
vn 0.0436276 -0.412 0.797506
v 1.14669 -0.0419036 1.00899 0.921357 0.885054 0.806054
vn 0.0423673 -0.400098 0.774469
v 1.24459 -0.0573573 0.991935 0.914724 0.87582 0.790695
vn 0.0415136 -0.392036 0.758862
v 1.33198 0.0253792 1.02402 0.909815 0.869616 0.780371
vn 0.0430769 -0.406799 0.787439
v -1.63357 -0.675077 0.920614 0.992559 0.989345 0.982081
vn 0.00429012 -0.040514 0.0784229
v -0.452896 -0.603197 0.929625 0.995794 0.99405 0.990004
vn 0.00510704 -0.0482287 0.093356
v 1.61641 -0.0999477 0.944933 0.903772 0.860112 0.764401
vn 0.0398332 -0.376167 0.728145
v 0.0668165 -0.43616 0.945187 0.937972 0.909775 0.848038
vn 0.0276733 -0.261334 0.505863
v 1.69633 -0.109782 0.936177 0.903293 0.859377 0.763214
vn 0.0396438 -0.374379 0.724683
v -1.58743 -0.652104 0.931196 0.992638 0.989455 0.982267
vn 0.00528542 -0.0499132 0.0966167
v 0.171585 -0.436726 0.935518 0.917577 0.880084 0.798078
vn 0.0346797 -0.3275 0.63394
v 1.7282 -0.0989115 0.940209 0.903335 0.85942 0.763299
vn 0.0396053 -0.374015 0.723979
v -1.624 -0.599411 0.954907 0.992845 0.989748 0.982761
vn 0.00792518 -0.074842 0.144871
v -1.48358 -0.630066 0.941732 0.992753 0.989618 0.982541
vn 0.00675291 -0.0637715 0.123442
v 0.251475 -0.419547 0.938746 0.909851 0.86883 0.779127
vn 0.0378723 -0.35765 0.692301
v -1.37209 -0.657621 0.930405 0.992619 0.989429 0.982223
vn 0.00505211 -0.0477099 0.0923519
v 1.59995 -0.0222105 0.984601 0.902896 0.859317 0.762739
vn 0.0409121 -0.386355 0.747867
v -1.58088 -0.566247 0.969787 0.993068 0.990062 0.98329
vn 0.0107564 -0.101579 0.196626
v -1.2824 -0.648954 0.935654 0.992638 0.989456 0.982268
vn 0.00527102 -0.0497772 0.0963534
v -1.49765 -0.527744 0.986926 0.993413 0.99055 0.984111
vn 0.0151446 -0.143019 0.276841
v 1.67735 -0.0325248 0.975725 0.902845 0.859117 0.762486
vn 0.0405769 -0.38319 0.74174
v 0.346023 -0.408698 0.943066 0.908874 0.867401 0.776689
vn 0.0391933 -0.370124 0.716447
v -1.18102 -0.642512 0.940287 0.992673 0.989506 0.982352
vn 0.0053834 -0.0508385 0.0984078
v -1.37076 -0.575321 0.967334 0.993055 0.990044 0.983259
vn 0.0105912 -0.100018 0.193605
v 1.71655 -0.0507054 0.964868 0.903271 0.859562 0.763355
vn 0.0402002 -0.379633 0.734854
v 0.470602 -0.450073 0.930071 0.907484 0.865408 0.773419
vn 0.0397303 -0.375196 0.726265
v -1.08043 -0.628837 0.948177 0.992841 0.989749 0.982761
vn 0.00584039 -0.055154 0.106761
v -1.25716 -0.587711 0.963761 0.992928 0.989866 0.982959
vn 0.00892526 -0.0842862 0.163152
v 0.0554524 -0.352269 0.984283 0.949078 0.925842 0.874842
vn 0.0288784 -0.272714 0.527892
v 1.42725 0.0109392 1.01041 0.906743 0.865076 0.772533
vn 0.0421326 -0.397881 0.770177
v -0.993872 -0.609971 0.957895 0.993204 0.990276 0.983649
vn 0.00641962 -0.0606241 0.11735
v 0.137863 -0.371544 0.967906 0.929276 0.897039 0.826434
vn 0.0334678 -0.316055 0.611787
v 1.50246 -0.0140096 0.993932 0.904535 0.861737 0.766818
vn 0.0413296 -0.390298 0.755498
v -1.1657 -0.569617 0.97342 0.9931 0.990111 0.983371
vn 0.0105142 -0.0992911 0.192197
v 0.240614 -0.354748 0.96829 0.918335 0.881102 0.799562
vn 0.0379752 -0.358621 0.694181
v -0.886357 -0.617661 0.953185 0.993794 0.991136 0.985098
vn 0.00606804 -0.0573039 0.110923
v -1.06111 -0.5594 0.979918 0.99335 0.990473 0.983981
vn 0.0110445 -0.1043 0.201893
v 0.349616 -0.305797 0.985403 0.917699 0.880138 0.79778
vn 0.040383 -0.381359 0.738196
v -0.764554 -0.646989 0.934751 0.994135 0.991636 0.985939
vn 0.00475734 -0.0449263 0.0869636
v -0.959196 -0.55342 0.98354 0.993881 0.991246 0.985283
vn 0.011075 -0.104588 0.20245
v 0.484161 -0.349249 0.974078 0.912538 0.872693 0.78551
vn 0.0403385 -0.380939 0.737383
v -0.649577 -0.674199 0.913924 0.994079 0.991558 0.985807
vn 0.00399143 -0.0376933 0.0729627
v -0.863432 -0.539437 0.988807 0.994793 0.992571 0.987514
vn 0.0120083 -0.113401 0.219509
v 0.423203 -0.259295 1.00066 0.91993 0.883321 0.802989
vn 0.0412356 -0.389411 0.753781
v -0.54633 -0.629006 0.926971 0.995095 0.993033 0.988292
vn 0.00507801 -0.0479545 0.0928252
v 0.514461 -0.248499 1.00076 0.917991 0.880385 0.798102
vn 0.0412859 -0.389886 0.754701
v -0.78709 -0.5772 0.969028 0.994938 0.992794 0.987889
vn 0.00849198 -0.0801945 0.155232
v 0.605886 -0.314044 0.982409 0.91284 0.873039 0.786092
vn 0.040564 -0.383069 0.741505
v -0.666523 -0.576106 0.961404 0.995647 0.993824 0.989624
vn 0.00900233 -0.0850141 0.164561
v 0.736425 -0.300989 0.962721 0.908895 0.867216 0.776333
vn 0.0403026 -0.3806 0.736725
v -0.525521 -0.526507 0.971342 0.997101 0.995933 0.993178
vn 0.0116182 -0.109717 0.212378
v 0.629904 -0.214901 1.00126 0.916471 0.87783 0.793783
vn 0.0416138 -0.392983 0.760695
v -0.373028 -0.526041 0.955443 0.99691 0.995666 0.992725
vn 0.00800053 -0.0755535 0.146249
v 0.731946 -0.204776 0.992619 0.911537 0.870574 0.78173
vn 0.0412417 -0.389469 0.753893
v -0.352921 -0.430235 0.994972 0.998636 0.998159 0.996926
vn 0.0143079 -0.135117 0.261546
v 0.848502 -0.280843 0.946227 0.90528 0.861997 0.767609
vn 0.0399026 -0.376822 0.729414
v -0.250412 -0.521092 0.943921 0.99329 0.990399 0.983853
vn 0.00616545 -0.0582238 0.112704
v 0.906572 -0.314804 0.919206 0.903578 0.859637 0.763694
vn 0.0395789 -0.373766 0.723497
v -0.147535 -0.517582 0.932619 0.982446 0.974601 0.957247
vn 0.00934063 -0.0882088 0.170745
v 0.819789 -0.20954 0.979166 0.908902 0.866859 0.775619
vn 0.0408356 -0.385633 0.746468
v -0.280736 -0.447754 0.979824 0.996456 0.994993 0.991586
vn 0.010425 -0.098449 0.190567
v 0.953157 -0.211586 0.956413 0.907068 0.864415 0.771601
vn 0.0403426 -0.380978 0.737457
v -0.181763 -0.438746 0.971951 0.988542 0.983451 0.972123
vn 0.0120176 -0.113489 0.219681
v -0.0767174 -0.518429 0.92337 0.970097 0.956612 0.926964
vn 0.0135577 -0.128033 0.247833
v -0.055157 -0.430859 0.960512 0.96718 0.952307 0.919635
vn 0.0189138 -0.178613 0.345741
v 0.959963 -0.122481 0.99447 0.912623 0.872063 0.7843
vn 0.0415166 -0.392064 0.758917
v -0.0207214 -0.328228 1.00204 0.967982 0.953355 0.921159
vn 0.0259377 -0.244944 0.474137
v 1.07415 -0.174652 0.955712 0.906982 0.864459 0.771705
vn 0.040093 -0.37862 0.732894
v 1.15865 -0.185897 0.939753 0.905175 0.861969 0.767584
vn 0.039734 -0.375231 0.726332
v 1.25376 -0.189611 0.927521 0.904457 0.860982 0.765949
vn 0.039649 -0.374427 0.724777
v 1.33313 -0.207016 0.911169 0.903809 0.860058 0.764411
vn 0.0395669 -0.373652 0.723277
v 1.04398 -0.107235 0.990817 0.914226 0.874606 0.788586
vn 0.0413958 -0.390924 0.75671
v 1.15113 -0.115942 0.973848 0.911172 0.870515 0.781812
vn 0.0406527 -0.383906 0.743125
v 1.23582 -0.12854 0.958867 0.908132 0.866254 0.774734
vn 0.0401983 -0.379615 0.734819
v 1.36534 -0.0968811 0.962694 0.907604 0.865683 0.773749
vn 0.0405734 -0.383157 0.741676
v 1.51323 -0.101257 0.950162 0.904853 0.86169 0.76703
vn 0.0400505 -0.37822 0.732118
v -0.231231 -0.0600403 1.12001 0.996847 0.995275 0.991643
vn 0.0462381 -0.436653 0.845227
v 0.133902 -0.127964 1.08364 0.978499 0.968282 0.944347
vn 0.045571 -0.430353 0.833032
v -1.62574 -0.206361 1.11877 0.995918 0.994087 0.99007
vn 0.0471595 -0.445353 0.862068
v -0.120991 -0.0332928 1.12494 0.990207 0.985299 0.974338
vn 0.0449563 -0.424548 0.821796
v 0.0891706 -0.12137 1.08547 0.981114 0.972122 0.951271
vn 0.0443972 -0.419268 0.811574
v 0.0179793 -0.0554455 1.1107 0.983227 0.975054 0.956835
vn 0.0449613 -0.424595 0.821886
v 0.166258 -0.113827 1.08453 0.975611 0.964043 0.937208
vn 0.0459319 -0.43376 0.839628
v 1.33579 0.258499 1.13695 0.833943 0.76586 0.608822
vn 0.0477012 -0.450469 0.871971
v -1.59185 -0.175948 1.13004 0.995949 0.994129 0.99014
vn 0.047724 -0.450685 0.872389
v 0.155608 -0.0539779 1.10438 0.975751 0.964111 0.937918
vn 0.0466467 -0.440511 0.852695
v 1.43156 0.302726 1.1546 0.796616 0.714556 0.52157
vn 0.048131 -0.454528 0.879828
v 0.0987435 0.0437431 1.14171 0.958344 0.938126 0.8962
vn 0.0454348 -0.429066 0.830541
v -1.52241 -0.152422 1.13764 0.995942 0.994118 0.99012
vn 0.0478761 -0.452121 0.875168
v -1.44694 -0.129336 1.14496 0.995923 0.994087 0.990068
vn 0.0480005 -0.453296 0.877442
v 1.50857 0.291203 1.14605 0.796888 0.715078 0.520367
vn 0.0480437 -0.453704 0.878232
v 0.188175 0.0888341 1.15087 0.93609 0.905465 0.844149
vn 0.0468117 -0.442069 0.855711
v -1.33615 -0.140111 1.13921 0.995893 0.994042 0.989992
vn 0.04779 -0.451308 0.873595
v 1.59413 0.279695 1.13759 0.80106 0.720963 0.528195
vn 0.0479066 -0.452409 0.875726
v 0.274358 0.0825788 1.14126 0.935556 0.904773 0.8432
vn 0.0479002 -0.452349 0.875609
v -1.21314 -0.195261 1.11731 0.995937 0.994114 0.990115
vn 0.0469659 -0.443525 0.858529
v 1.66674 0.265971 1.1283 0.805225 0.726766 0.536774
vn 0.0477577 -0.451003 0.873005
v 0.375697 0.0716763 1.12807 0.935507 0.904543 0.842231
vn 0.0481035 -0.454268 0.879325
v -1.08869 -0.165991 1.1248 0.996083 0.994322 0.990465
vn 0.047161 -0.445368 0.862096
v 1.70202 0.240902 1.11412 0.815682 0.741124 0.560771
vn 0.0473828 -0.447462 0.86615
v 0.481147 0.0644456 1.1161 0.931576 0.898337 0.831183
vn 0.0479429 -0.452751 0.876389
v -0.9685 -0.13447 1.12847 0.996462 0.994872 0.99139
vn 0.0474752 -0.448335 0.86784
v 0.596266 0.0596842 1.10608 0.922182 0.883972 0.8069
vn 0.0476932 -0.450394 0.871825
v -0.894183 -0.101558 1.13131 0.996883 0.99549 0.992431
vn 0.0478825 -0.452181 0.875286
v 0.642162 0.147754 1.14217 0.884094 0.827761 0.718055
vn 0.0483555 -0.456648 0.883932
v 0.704265 0.155416 1.14233 0.87818 0.818795 0.703274
vn 0.0483771 -0.456853 0.884327
v -0.830779 -0.0795985 1.1291 0.997292 0.99608 0.993395
vn 0.047917 -0.452507 0.875917
v 0.805404 0.0778487 1.10037 0.906149 0.860167 0.767828
vn 0.0471576 -0.445336 0.862034
v -0.773158 -0.0359741 1.13386 0.997473 0.996316 0.993722
vn 0.0480334 -0.453606 0.878043
v 0.761902 0.151894 1.13735 0.878235 0.818954 0.703248
vn 0.0481937 -0.45512 0.880973
v -0.505854 -0.040993 1.13129 0.998218 0.997363 0.995373
vn 0.0476454 -0.449942 0.870951
v -0.596505 0.0068026 1.1463 0.995856 0.993728 0.988817
vn 0.0468151 -0.442102 0.855774
v 0.886891 0.134224 1.11841 0.89293 0.841255 0.738293
vn 0.0475684 -0.449215 0.869544
v -0.409022 -0.0266938 1.13826 0.99806 0.997103 0.994871
vn 0.0475548 -0.449087 0.869296
v 0.946056 0.204225 1.14381 0.869558 0.808614 0.686314
vn 0.0480942 -0.45418 0.879155
v -0.737923 0.0189955 1.15336 0.995531 0.993292 0.988203
vn 0.0471104 -0.44489 0.861171
v -0.670146 0.0135313 1.14386 0.996458 0.994685 0.99061
vn 0.0472751 -0.446445 0.864182
v 1.04872 0.197128 1.12975 0.888017 0.837278 0.730966
vn 0.0478824 -0.45218 0.875284
v 1.14682 0.183576 1.11392 0.899462 0.855324 0.758848
vn 0.0475377 -0.448925 0.868983
v -0.322188 -0.0432537 1.13026 0.997733 0.996602 0.993975
vn 0.0470797 -0.4446 0.86061
v 1.2487 0.171289 1.09993 0.892444 0.84647 0.743004
vn 0.0469229 -0.443119 0.857744
v -0.182348 -0.235059 1.05311 0.994894 0.992578 0.987317
vn 0.0335935 -0.317242 0.614084
v -1.623 -0.439029 1.02455 0.994289 0.991787 0.986195
vn 0.0262891 -0.248263 0.480562
v 1.37754 0.150957 1.08192 0.876481 0.824412 0.704963
vn 0.0458884 -0.43335 0.838833
v -0.0638611 -0.214824 1.053 0.987073 0.981072 0.967565
vn 0.0350076 -0.330597 0.639934
v 0.0327061 -0.196752 1.05543 0.977585 0.967139 0.943601
vn 0.0380467 -0.359296 0.695488
v 1.50177 0.140427 1.07016 0.872452 0.81878 0.694115
vn 0.0453015 -0.427808 0.828105
v 0.141704 -0.177404 1.05661 0.965904 0.950031 0.914262
vn 0.0418806 -0.395502 0.765572
v 1.42849 0.241973 1.12393 0.826227 0.755401 0.58953
vn 0.0475201 -0.448759 0.868661
v -1.58935 -0.400704 1.04035 0.994727 0.992406 0.987237
vn 0.0318609 -0.30088 0.582412
v 1.59506 0.130924 1.06141 0.87178 0.817763 0.691596
vn 0.0448859 -0.423883 0.820508
v 0.23379 -0.207732 1.03205 0.945123 0.919832 0.863771
vn 0.0417815 -0.394566 0.763759
v -0.200915 -0.132708 1.09172 0.996985 0.99556 0.99225
vn 0.0428396 -0.404558 0.783102
v -1.52183 -0.357251 1.05751 0.995155 0.993011 0.988258
vn 0.0373173 -0.352408 0.682155
v 1.501 0.217173 1.1087 0.834961 0.767479 0.608072
vn 0.0470618 -0.444431 0.860283
v -0.0885974 -0.133105 1.08585 0.992275 0.988582 0.980116
vn 0.0415422 -0.392306 0.759385
v 0.620828 -0.429129 0.973448 0.916799 0.878969 0.796276
vn 0.0406867 -0.384227 0.743746
v -1.41642 -0.38361 1.04673 0.994876 0.992616 0.987592
vn 0.0337569 -0.318786 0.617072
v -0.000689753 -0.142209 1.07916 0.986665 0.980331 0.965798
vn 0.0416213 -0.393053 0.760831
v 1.59351 0.205567 1.09937 0.837445 0.770927 0.612361
vn 0.0467592 -0.441573 0.854751
v -1.29809 -0.406531 1.03835 0.994665 0.99232 0.987093
vn 0.0310158 -0.292899 0.566964
v 0.650096 -0.417242 0.975088 0.916842 0.879029 0.796375
vn 0.0406955 -0.38431 0.743908
v 1.66752 0.117788 1.0519 0.874489 0.82136 0.697459
vn 0.0444225 -0.419507 0.812037
v 1.66696 0.192069 1.08989 0.841268 0.776155 0.620495
vn 0.0464388 -0.438548 0.848895
v -1.62533 -0.360375 1.05707 0.995117 0.992957 0.988166
vn 0.0368238 -0.347748 0.673134
v 1.7031 0.0929122 1.03786 0.882137 0.831644 0.715038
vn 0.0436318 -0.41204 0.797584
v 1.70219 0.16702 1.07578 0.852086 0.790887 0.645416
vn 0.0457805 -0.432331 0.836862
v 0.263854 -0.109836 1.07031 0.960358 0.941746 0.900225
vn 0.0451864 -0.426721 0.826002
v -1.59527 -0.323923 1.07152 0.995446 0.993421 0.988949
vn 0.0410104 -0.387284 0.749664
v 0.197444 0.0297205 1.12875 0.961987 0.943725 0.905391
vn 0.0474489 -0.448087 0.867359
v -1.54217 -0.291577 1.08372 0.99566 0.993724 0.989458
vn 0.0437361 -0.413024 0.799489
v 0.27411 4.45615e-05 1.1106 0.961847 0.943576 0.904559
vn 0.047505 -0.448617 0.868386
v -1.62665 -0.282995 1.08829 0.995676 0.993746 0.989496
vn 0.0439371 -0.414923 0.803165
v 0.424697 -0.111219 1.05194 0.943579 0.917019 0.858908
vn 0.0447144 -0.422263 0.817373
v -1.59579 -0.250486 1.10072 0.995833 0.993969 0.989871
vn 0.0459413 -0.433849 0.8398
v 0.542931 -0.0821832 1.05217 0.938191 0.908511 0.844632
vn 0.0451993 -0.426842 0.826236
v -1.52553 -0.227817 1.10841 0.99588 0.994035 0.989983
vn 0.0465409 -0.439512 0.850761
v 0.384858 -0.0153954 1.09301 0.953169 0.930655 0.882648
vn 0.0470047 -0.443891 0.859239
v -1.4405 -0.290415 1.08314 0.995593 0.993629 0.989299
vn 0.0428854 -0.404991 0.783939
v 0.501278 -0.0153507 1.08196 0.943412 0.915872 0.857769
vn 0.0467732 -0.441706 0.855008
v -1.31755 -0.321582 1.07094 0.995409 0.99337 0.988862
vn 0.0404866 -0.382338 0.74009
v -1.43195 -0.198514 1.11822 0.995916 0.994086 0.990069
vn 0.0469984 -0.443832 0.859124
v -1.32485 -0.236959 1.10273 0.995826 0.993959 0.989855
vn 0.0457816 -0.432341 0.836881
v 0.623361 -0.0628627 1.0534 0.932803 0.900132 0.83075
vn 0.045482 -0.429512 0.831404
v 0.678412 -0.0843984 1.04096 0.925419 0.889496 0.813076
vn 0.0445442 -0.420656 0.814261
v -1.1818 -0.4188 1.03515 0.994609 0.992242 0.986962
vn 0.0296598 -0.280094 0.542176
v 0.590842 -0.0193884 1.07316 0.936735 0.905663 0.840473
vn 0.0465765 -0.439848 0.851412
v -1.07221 -0.423447 1.03488 0.994764 0.992471 0.987348
vn 0.0287683 -0.271675 0.52588
v 0.697275 -0.00305834 1.07295 0.923737 0.886333 0.80897
vn 0.0462933 -0.437174 0.846235
v -0.979698 -0.436262 1.03077 0.995045 0.992889 0.988051
vn 0.0263491 -0.24883 0.481659
v 0.758458 -0.0836774 1.03448 0.920041 0.881757 0.800368
vn 0.0439519 -0.415062 0.803434
v -0.876445 -0.426133 1.03202 0.995976 0.994246 0.990339
vn 0.0265442 -0.250672 0.485224
v 0.817491 -0.0156379 1.05781 0.919638 0.880655 0.7993
vn 0.0452463 -0.427286 0.827096
v -1.20746 -0.339267 1.06481 0.995337 0.99327 0.988693
vn 0.0390283 -0.368566 0.713432
v 0.946506 0.0351178 1.06696 0.91953 0.880908 0.800398
vn 0.0455081 -0.429759 0.831882
v -1.11361 -0.35817 1.05854 0.995319 0.993251 0.988662
vn 0.0370168 -0.34957 0.676661
v 0.702459 0.099484 1.11721 0.901835 0.853604 0.758007
vn 0.0478901 -0.452253 0.875424
v -1.23138 -0.271353 1.08973 0.995753 0.993857 0.989683
vn 0.0444552 -0.419816 0.812635
v -1.11536 -0.272011 1.08863 0.995874 0.994038 0.989988
vn 0.0435505 -0.411272 0.796098
v 0.976399 0.136159 1.10954 0.906031 0.861437 0.770249
vn 0.0473592 -0.44724 0.86572
v -0.997705 -0.351221 1.05981 0.995802 0.993959 0.989857
vn 0.0362944 -0.342748 0.663456
v -0.858287 -0.313363 1.06649 0.997006 0.995712 0.992815
vn 0.0382942 -0.361633 0.700012
v 1.07315 0.0554454 1.06191 0.931394 0.899012 0.829748
vn 0.045508 -0.429758 0.83188
v -0.976524 -0.236511 1.09583 0.996505 0.994959 0.991544
vn 0.0443098 -0.418442 0.809976
v -0.839301 -0.179708 1.10229 0.99753 0.996456 0.994077
vn 0.0458935 -0.433398 0.838927
v 1.15205 0.0334871 1.04345 0.929264 0.896542 0.825351
vn 0.0444457 -0.419726 0.812462
v 1.22682 0.00940626 1.02496 0.922457 0.887076 0.809526
vn 0.0432733 -0.408654 0.79103
v 1.05753 0.118422 1.09258 0.920992 0.88416 0.806219
vn 0.0468824 -0.442737 0.857003
v 1.15514 0.107874 1.07778 0.924184 0.889819 0.814766
vn 0.0462809 -0.437057 0.846008
v -0.746856 -0.396782 1.03571 0.997427 0.996354 0.993895
vn 0.0291983 -0.275736 0.53374
v -0.615276 -0.372347 1.03681 0.998685 0.998185 0.996981
vn 0.0307734 -0.290611 0.562533
v 1.24963 0.083482 1.05812 0.915828 0.87846 0.795428
vn 0.045097 -0.425876 0.824366
v -0.53235 -0.391747 1.0261 0.999091 0.998787 0.997993
vn 0.0269108 -0.254134 0.491926
v -0.717604 -0.27874 1.06843 0.998336 0.99765 0.996089
vn 0.0404697 -0.382178 0.73978
v -0.603656 -0.277986 1.06368 0.999116 0.99879 0.998012
vn 0.0401572 -0.379227 0.734068
v -0.71522 -0.175329 1.09338 0.998565 0.997973 0.99664
vn 0.0463036 -0.437271 0.846424
v -0.640056 -0.207926 1.08265 0.999012 0.998629 0.997745
vn 0.0449342 -0.424339 0.821391
v -0.505556 -0.314445 1.04818 0.999324 0.999108 0.998541
vn 0.0342994 -0.323909 0.626989
v -0.385847 -0.308511 1.04265 0.999364 0.999171 0.998637
vn 0.0311421 -0.294092 0.569273
v -0.533509 -0.192574 1.08418 0.999377 0.999165 0.998649
vn 0.0442019 -0.417423 0.808004
v -0.409443 -0.213328 1.07486 0.999482 0.999318 0.998892
vn 0.0410483 -0.387642 0.750358
v -0.28976 -0.305894 1.03622 0.998507 0.997918 0.996493
vn 0.0277297 -0.261867 0.506894
v -0.222193 -0.325033 1.02283 0.995663 0.993775 0.989483
vn 0.0230381 -0.217562 0.421134
v -0.295468 -0.219824 1.06663 0.998773 0.998271 0.997066
vn 0.0380099 -0.358949 0.694816
v -0.748544 -0.100201 1.11296 0.998281 0.997551 0.995916
vn 0.0478397 -0.451777 0.874503
v -0.623488 -0.097439 1.11007 0.998755 0.998224 0.996997
vn 0.0474772 -0.448354 0.867877
v -0.700664 -0.0337995 1.1266 0.998132 0.997289 0.995365
vn 0.0480432 -0.453699 0.878224
v -0.647262 -0.0235296 1.12774 0.99816 0.997306 0.995331
vn 0.0479233 -0.452567 0.876031
v -0.521702 -0.110985 1.10707 0.999294 0.999029 0.998403
vn 0.0473701 -0.447342 0.865918
v -0.427913 -0.108812 1.10864 0.999278 0.998993 0.998308
vn 0.0466591 -0.440628 0.852921
v -0.310932 -0.128763 1.09869 0.999028 0.998611 0.997605
vn 0.0449301 -0.424301 0.821317
v -1.62075 0.0322637 1.21552 0.9922 0.988374 0.980342
vn 0.0481931 -0.455114 0.880962
v -0.733742 0.73746 1.24202 0.867966 0.795925 0.628406
vn -0.0219237 0.207038 -0.400763
v 0.0776213 0.265124 1.23794 0.840737 0.763808 0.613395
vn 0.0380553 -0.359378 0.695646
v -0.405278 0.186573 1.24115 0.968411 0.951203 0.911513
vn 0.0334617 -0.315998 0.611675
v -0.73414 0.740281 1.24249 0.866237 0.793263 0.623545
vn -0.0230395 0.217575 -0.421158
v 0.153596 0.29814 1.24715 0.807157 0.714988 0.538043
vn 0.0422003 -0.398521 0.771415
v -0.286005 0.206178 1.2414 0.961941 0.941484 0.89506
vn 0.0321785 -0.30388 0.588218
v -1.58253 0.0630427 1.22716 0.990589 0.985902 0.976134
vn 0.0481982 -0.455163 0.881057
v -0.733352 0.740281 1.24195 0.866232 0.793256 0.623532
vn -0.0230423 0.217602 -0.421211
v 0.236228 0.327778 1.25357 0.781036 0.677103 0.48004
vn 0.0460025 -0.434427 0.840919
v -1.50271 0.084934 1.23366 0.989221 0.983803 0.972561
vn 0.0482026 -0.455204 0.881137
v -0.120318 0.226221 1.23751 0.925543 0.88776 0.808222
vn 0.031573 -0.298161 0.577149
v -0.202364 0.204954 1.23295 0.955169 0.93164 0.879794
vn 0.0330632 -0.312235 0.604391
v 0.341305 0.32634 1.24461 0.780275 0.67625 0.479814
vn 0.0479211 -0.452546 0.875991
v -0.00757601 0.257918 1.24287 0.873308 0.811089 0.686292
vn 0.0334253 -0.315654 0.611009
v -1.40888 0.11132 1.24219 0.987421 0.981041 0.96786
vn 0.0482084 -0.455259 0.881242
v 0.450727 0.300335 1.22578 0.792237 0.69384 0.507928
vn 0.0484689 -0.457719 0.886005
v -1.32145 0.0734145 1.22367 0.990736 0.986127 0.976517
vn 0.0481978 -0.455158 0.881048
v -0.73421 0.744628 1.24253 0.863571 0.789161 0.616053
vn -0.0247589 0.233812 -0.452588
v 0.276739 0.659965 1.26971 0.743193 0.623019 0.397317
vn 0.0485102 -0.458109 0.88676
v -0.733291 0.744628 1.24254 0.863571 0.789161 0.616053
vn -0.0247589 0.233812 -0.452589
v -1.21917 0.0887199 1.22893 0.989062 0.983557 0.972132
vn 0.0481739 -0.454934 0.880613
v 0.27452 0.670477 1.25584 0.742725 0.622399 0.396448
vn 0.0485427 -0.458416 0.887353
v -1.11328 0.0796607 1.22287 0.989241 0.983822 0.972501
vn 0.0479639 -0.45295 0.876774
v -0.733752 0.747449 1.24273 0.861839 0.786496 0.611186
vn -0.0258761 0.244362 -0.473011
v 0.274572 0.670477 1.25584 0.742725 0.622399 0.396448
vn 0.0485427 -0.458416 0.887353
v -1.0216 0.132013 1.24426 0.983321 0.974688 0.956506
vn 0.0467872 -0.441838 0.855264
v 0.540473 0.287124 1.21515 0.802172 0.708292 0.53054
vn 0.0485426 -0.458415 0.887352
v -0.930501 0.178476 1.26468 0.975736 0.96293 0.935299
vn 0.0436116 -0.411849 0.797214
v 0.653598 0.326479 1.232 0.788914 0.68887 0.49925
vn 0.0485369 -0.458361 0.887248
v -0.844846 0.163934 1.25134 0.975852 0.962998 0.934567
vn 0.0413764 -0.39074 0.756355
v 0.779582 0.365827 1.24093 0.771944 0.665159 0.460698
vn 0.0485285 -0.458282 0.887095
v -0.75333 0.130125 1.22325 0.980418 0.969948 0.946303
vn 0.0412058 -0.389129 0.753235
v 0.86828 0.377237 1.23523 0.768697 0.662376 0.454553
vn 0.0485156 -0.45816 0.886858
v -0.644021 0.156967 1.23487 0.972952 0.958307 0.924827
vn 0.0368159 -0.347673 0.672989
v 0.948901 0.411981 1.24128 0.759374 0.652329 0.435319
vn 0.0485129 -0.458134 0.886809
v -0.523556 0.174844 1.24171 0.969128 0.952317 0.913596
vn 0.0340968 -0.321995 0.623285
v 0.274109 0.672698 1.25295 0.742635 0.622285 0.396293
vn 0.0485427 -0.458416 0.887353
v 1.03835 0.445427 1.24483 0.748357 0.640827 0.412603
vn 0.0485173 -0.458176 0.886889
v 1.12227 0.426212 1.22974 0.757426 0.656418 0.434902
vn 0.0484933 -0.45795 0.886451
v 1.2081 0.412314 1.2189 0.766606 0.671204 0.456418
vn 0.04846 -0.457635 0.885842
v 1.31914 0.464937 1.24208 0.753626 0.654422 0.425328
vn 0.0484864 -0.457884 0.886324
v 1.42504 0.513504 1.266 0.744929 0.642969 0.402948
vn 0.0485297 -0.458294 0.887117
v 1.5036 0.503676 1.25957 0.748826 0.648617 0.409591
vn 0.048534 -0.458333 0.887194
v 1.58633 0.493086 1.25268 0.754008 0.656004 0.419247
vn 0.0485355 -0.458348 0.887222
v 1.65747 0.485856 1.24779 0.757494 0.660972 0.425754
vn 0.0485366 -0.458358 0.887241
v 1.69512 0.465518 1.23596 0.759621 0.663972 0.430075
vn 0.0485351 -0.458344 0.887215
v -0.230847 0.030766 1.15633 0.990136 0.984991 0.973389
vn 0.0448308 -0.423363 0.819502
v -1.62425 -0.128903 1.14955 0.995838 0.993956 0.989845
vn 0.0480577 -0.453836 0.878488
v 0.136719 -0.103531 1.09316 0.981393 0.972465 0.951303
vn 0.0465603 -0.439695 0.851116
v -0.123464 0.0626418 1.16296 0.978709 0.967825 0.944099
vn 0.0428853 -0.40499 0.783938
v 0.0564538 0.199091 1.20791 0.884394 0.828186 0.716599
vn 0.0387057 -0.365519 0.707534
v -0.733999 0.740281 1.24194 0.866232 0.793256 0.623532
vn -0.0230423 0.217602 -0.42121
v -1.58994 -0.0987307 1.16058 0.995711 0.99376 0.989512
vn 0.0481431 -0.454643 0.88005
v -0.0249457 0.188452 1.21023 0.913803 0.871088 0.783812
vn 0.0358427 -0.338483 0.655199
v -0.0260126 0.045394 1.15018 0.970398 0.955672 0.924404
vn 0.0435658 -0.411417 0.796377
v -1.51914 -0.0778585 1.16686 0.995562 0.993531 0.989121
vn 0.0481568 -0.454772 0.880299
v 0.150669 0.219878 1.20911 0.852267 0.78149 0.644375
vn 0.042878 -0.404921 0.783804
v -1.6231 -0.0495218 1.18151 0.995004 0.992675 0.987665
vn 0.0481841 -0.455029 0.880798
v -0.73365 0.744628 1.24214 0.863568 0.789156 0.616044
vn -0.0247609 0.233831 -0.452626
v 0.248738 0.260313 1.21965 0.81666 0.729553 0.563578
vn 0.046193 -0.436226 0.844401
v -0.457261 0.0288919 1.16179 0.994667 0.991857 0.985348
vn 0.0461443 -0.435767 0.843512
v -0.354993 0.0342124 1.16313 0.99375 0.990439 0.982794
vn 0.0457381 -0.43193 0.836085
v 0.35678 0.237007 1.20079 0.830787 0.75054 0.597884
vn 0.0480145 -0.453427 0.877697
v 0.0264432 0.123845 1.17783 0.93363 0.901038 0.83461
vn 0.0409249 -0.386477 0.748101
v -1.58728 -0.0192608 1.19264 0.994398 0.991746 0.986083
vn 0.048186 -0.455048 0.880834
v -0.429708 0.103728 1.19841 0.984961 0.976823 0.958027
vn 0.0414566 -0.391498 0.757821
v 0.465511 0.223574 1.1876 0.840839 0.76518 0.620971
vn 0.0484841 -0.457862 0.886282
v 0.127122 0.13832 1.17563 0.909448 0.865823 0.779501
vn 0.0438394 -0.414 0.801377
v -0.31244 0.11597 1.19901 0.98189 0.972165 0.949945
vn 0.0405979 -0.383388 0.742123
v -1.50929 0.00124336 1.19856 0.993806 0.990837 0.984536
vn 0.0481879 -0.455066 0.880868
v -0.189996 0.139295 1.20133 0.968222 0.951676 0.915388
vn 0.038379 -0.362434 0.701562
v 0.245451 0.166094 1.17759 0.882704 0.826822 0.718658
vn 0.0467178 -0.441182 0.853995
v -1.42322 -0.0651705 1.1696 0.995414 0.993304 0.988735
vn 0.0481528 -0.454733 0.880225
v 0.274109 0.672683 1.25295 0.742635 0.622285 0.396293
vn 0.0485427 -0.458416 0.887353
v -0.0744546 0.131024 1.1888 0.951889 0.927651 0.876597
vn 0.0387951 -0.366364 0.709169
v -1.32483 -0.0548981 1.17171 0.995323 0.993164 0.988496
vn 0.0481581 -0.454784 0.880323
v 0.367196 0.153293 1.16254 0.889945 0.837536 0.736104
vn 0.0482155 -0.455326 0.881372
v 0.579183 0.213132 1.1767 0.848978 0.776726 0.63839
vn 0.0485129 -0.458135 0.886809
v -1.39623 0.0214496 1.20381 0.993146 0.989825 0.982812
vn 0.04819 -0.455086 0.880907
v 0.705039 0.216014 1.17098 0.84499 0.770531 0.627537
vn 0.048474 -0.457767 0.886097
v 0.472971 0.144109 1.15082 0.89461 0.844078 0.745815
vn 0.0484121 -0.457183 0.884967
v -1.26859 0.00672699 1.19528 0.993756 0.99076 0.984403
vn 0.0481889 -0.455075 0.880886
v 0.760853 0.288757 1.20242 0.80443 0.71175 0.534672
vn 0.0485027 -0.458038 0.886622
v 0.556078 0.128659 1.13829 0.899924 0.851432 0.756443
vn 0.0483378 -0.456481 0.883609
v 0.829376 0.214807 1.16063 0.848761 0.776663 0.636544
vn 0.0483105 -0.456223 0.883109
v -1.20503 -0.0883989 1.1567 0.995516 0.993458 0.988997
vn 0.0480447 -0.453713 0.878251
v 0.84578 0.309466 1.20393 0.796832 0.701976 0.518236
vn 0.0484846 -0.457867 0.886291
v -1.0661 -0.0683368 1.15924 0.995323 0.993147 0.988452
vn 0.0480627 -0.453883 0.878579
v 0.820923 0.144208 1.12966 0.883683 0.827073 0.715908
vn 0.0479971 -0.453263 0.877379
v 0.915195 0.268801 1.17682 0.826282 0.745881 0.586831
vn 0.0483975 -0.457045 0.884699
v -1.15075 0.0061291 1.19254 0.993373 0.990168 0.983381
vn 0.0481577 -0.45478 0.880315
v 0.938224 0.336629 1.20635 0.790227 0.695278 0.505234
vn 0.0484726 -0.457754 0.886072
v -1.03902 0.0253162 1.19586 0.992167 0.988296 0.980086
vn 0.0478899 -0.452251 0.87542
v 1.02342 0.283318 1.17244 0.830622 0.755426 0.599443
vn 0.048332 -0.456426 0.883502
v -0.947186 -0.0419936 1.15944 0.995314 0.9931 0.988295
vn 0.0479696 -0.453004 0.876878
v 1.14029 0.264558 1.15296 0.852027 0.788772 0.650597
vn 0.0481648 -0.454847 0.880445
v -0.879766 -0.0572794 1.14403 0.996573 0.995005 0.991555
vn 0.0480777 -0.454024 0.878853
v 1.03602 0.373757 1.21312 0.777827 0.681699 0.479545
vn 0.0484705 -0.457734 0.886034
v -0.935557 0.0547101 1.20046 0.990624 0.985872 0.975624
vn 0.0470371 -0.444198 0.859832
v 1.13372 0.348239 1.19309 0.797108 0.711856 0.525311
vn 0.0484042 -0.457108 0.884822
v -0.840845 0.00302024 1.16306 0.994759 0.992177 0.986451
vn 0.047378 -0.447417 0.866063
v 1.22571 0.242765 1.13575 0.861933 0.804061 0.673873
vn 0.0478818 -0.452175 0.875273
v -0.915678 0.123724 1.23388 0.983751 0.975267 0.956863
vn 0.0451302 -0.426189 0.824973
v 1.2524 0.33667 1.18033 0.804958 0.725013 0.543513
vn 0.04828 -0.455935 0.882552
v -0.843865 0.0917577 1.20957 0.987221 0.980546 0.965741
vn 0.0449031 -0.424045 0.820822
v 1.39468 0.371889 1.19193 0.776914 0.687139 0.47709
vn 0.0483525 -0.45662 0.883877
v 1.42773 0.456203 1.23499 0.751665 0.652305 0.418402
vn 0.0485046 -0.458056 0.886658
v -0.522917 0.0206183 1.15579 0.99546 0.993097 0.987628
vn 0.0465772 -0.439855 0.851425
v 1.50378 0.361572 1.18304 0.771882 0.680528 0.462821
vn 0.0483994 -0.457063 0.884734
v -0.769531 0.0672324 1.18562 0.990708 0.985863 0.97492
vn 0.0453324 -0.4281 0.82867
v 1.59396 0.352465 1.17597 0.774154 0.683865 0.465894
vn 0.0483824 -0.456903 0.884424
v -0.672418 0.07244 1.18128 0.989454 0.983857 0.971063
vn 0.0442255 -0.417646 0.808435
v 1.50209 0.434294 1.22191 0.756712 0.659529 0.427845
vn 0.0485026 -0.458037 0.886621
v 1.59115 0.424339 1.2148 0.759905 0.664168 0.432894
vn 0.0485108 -0.458115 0.886771
v -0.546455 0.0825555 1.18805 0.987324 0.980507 0.964805
vn 0.0428022 -0.404205 0.782417
v 1.66636 0.33938 1.16726 0.777764 0.68897 0.472906
vn 0.0483439 -0.456539 0.88372
v 1.70174 0.31446 1.15306 0.785013 0.698995 0.489313
vn 0.0482091 -0.455265 0.881255
v 1.66412 0.412717 1.2071 0.763032 0.668633 0.43862
vn 0.0485096 -0.458103 0.886749
v 1.70026 0.388364 1.19309 0.766873 0.673993 0.446996
vn 0.0484837 -0.457859 0.886275
v 0.0321711 -0.660249 1.35275 0.982765 0.973881 0.954825
vn 0.0484633 -0.457666 0.885902
v -1.62527 0.316665 1.35336 0.967611 0.950654 0.916127
vn 0.04828 -0.455935 0.882551
v 0.0322022 -0.660228 1.35275 0.982757 0.973869 0.954804
vn 0.0484633 -0.457666 0.885902
v 0.0221216 0.42306 1.33236 0.814292 0.723912 0.545634
vn 0.0314235 -0.296749 0.574417
v 0.0321711 -0.660204 1.35275 0.982767 0.973883 0.954828
vn 0.0484634 -0.457667 0.885905
v 0.0321541 -0.660228 1.35275 0.982765 0.973881 0.954825
vn 0.0484633 -0.457666 0.885902
v 0.106928 0.45072 1.33504 0.785405 0.68258 0.484365
vn 0.038654 -0.365032 0.70659
v -1.58572 0.295513 1.34099 0.968847 0.95255 0.919354
vn 0.0482742 -0.455881 0.882446
v 0.18965 0.502639 1.34701 0.762177 0.649403 0.435258
vn 0.0443059 -0.418405 0.809906
v -1.51985 0.282401 1.33147 0.969686 0.953835 0.921544
vn 0.0482713 -0.455853 0.882393
v 0.238548 0.563908 1.36026 0.75368 0.637634 0.418366
vn 0.0462547 -0.436809 0.84553
v -1.42176 0.291583 1.33399 0.969549 0.953627 0.921187
vn 0.0482746 -0.455884 0.882453
v 0.28828 0.609761 1.33731 0.745982 0.626871 0.402869
vn 0.0480949 -0.454188 0.879169
v -1.31844 0.311397 1.34245 0.968117 0.95143 0.91744
vn 0.0482615 -0.45576 0.882213
v 0.515314 0.507665 1.34616 0.747401 0.628015 0.404046
vn 0.0485424 -0.458413 0.887349
v 0.43604 0.582624 1.37385 0.745091 0.625312 0.400448
vn 0.048509 -0.458097 0.886737
v -1.20495 0.288331 1.32739 0.969403 0.95339 0.920676
vn 0.0479711 -0.453018 0.876905
v 0.343951 0.614985 1.37586 0.744961 0.625621 0.401296
vn 0.0481995 -0.455175 0.881079
v -1.07958 0.298115 1.33172 0.966354 0.948655 0.91204
vn 0.0464292 -0.438457 0.84872
v 0.625221 0.521557 1.38811 0.742865 0.620695 0.392912
vn 0.0485426 -0.458415 0.887351
v -0.971352 0.305927 1.33687 0.960765 0.939928 0.895699
vn 0.0424907 -0.401263 0.776724
v 0.72798 0.504226 1.35878 0.744288 0.623566 0.396429
vn 0.0485417 -0.458407 0.887336
v -0.879121 0.325066 1.35092 0.952459 0.926932 0.871208
vn 0.0363273 -0.343059 0.664057
v 0.828593 0.543143 1.34078 0.744211 0.625597 0.397364
vn 0.0485414 -0.458404 0.88733
v -0.763358 0.304485 1.33834 0.945271 0.91558 0.848792
vn 0.0281175 -0.265529 0.513983
v 0.857779 0.612035 1.36736 0.743659 0.625286 0.396071
vn 0.0485424 -0.458413 0.887348
v 0.882576 0.681327 1.39487 0.745517 0.62889 0.400031
vn 0.0485424 -0.458413 0.887348
v -0.664549 0.330382 1.35387 0.931421 0.893954 0.808248
vn 0.0182631 -0.172469 0.333847
v -0.565499 0.359539 1.36258 0.929135 0.890299 0.800924
vn 0.0156266 -0.147571 0.285653
v 0.957328 0.708002 1.38981 0.745889 0.633064 0.4016
vn 0.0485424 -0.458413 0.887348
v -0.453886 0.377082 1.35633 0.923182 0.881098 0.783983
vn 0.0116551 -0.110066 0.213054
v -0.362834 0.421439 1.36964 0.914164 0.867392 0.760065
vn 0.00860224 -0.0812358 0.157248
v 1.21515 0.646587 1.33872 0.734975 0.627708 0.381914
vn 0.0485422 -0.458411 0.887344
v -0.26641 0.427598 1.36248 0.902871 0.850729 0.733093
vn 0.0078903 -0.0745125 0.144234
v 1.12278 0.678138 1.35773 0.739151 0.63115 0.389549
vn 0.0485427 -0.458416 0.887353
v -0.186637 0.408787 1.34474 0.889642 0.832123 0.70709
vn 0.0135191 -0.127669 0.247128
v 1.31083 0.642794 1.33806 0.736839 0.631408 0.385648
vn 0.0485415 -0.458405 0.887332
v -0.0678809 0.398186 1.32767 0.853613 0.780649 0.6315
vn 0.0238771 -0.225485 0.43647
v 1.39826 0.657229 1.34758 0.74206 0.639071 0.395586
vn 0.0485414 -0.458403 0.887329
v 1.48267 0.63585 1.33501 0.746692 0.645675 0.404485
vn 0.0485407 -0.458397 0.887317
v 1.56099 0.612874 1.32103 0.751149 0.652015 0.412957
vn 0.0485405 -0.458395 0.887313
v 1.63971 0.617556 1.32366 0.755585 0.658316 0.421473
vn 0.0485399 -0.458389 0.887302
v 1.6886 0.655541 1.34636 0.757671 0.661277 0.425487
vn 0.0485395 -0.458386 0.887296
v 1.04319 0.724272 1.38918 0.745532 0.636946 0.401441
vn 0.0485424 -0.458413 0.887348
v -0.38859 0.264358 1.28245 0.948231 0.920002 0.854996
vn 0.0238747 -0.225463 0.436427
v 0.0464568 0.348079 1.28615 0.822419 0.736331 0.567477
vn 0.0345418 -0.326197 0.631419
v -0.28999 0.289513 1.28621 0.937074 0.903306 0.827044
vn 0.0220802 -0.208515 0.403622
v 0.0321711 -0.660228 1.35272 0.982757 0.973869 0.954804
vn 0.0484633 -0.457666 0.885902
v -0.215915 0.249384 1.2572 0.942158 0.911726 0.844591
vn 0.0281478 -0.265816 0.514538
v -1.60809 0.221911 1.30307 0.97563 0.962953 0.937066
vn 0.0482473 -0.455626 0.881953
v 0.167423 0.374422 1.28542 0.779024 0.673715 0.472848
vn 0.0429908 -0.405987 0.785866
v -1.55455 0.224468 1.30151 0.975035 0.96204 0.935512
vn 0.0482491 -0.455644 0.881987
v 0.267113 0.392311 1.28266 0.76241 0.649869 0.437383
vn 0.0470248 -0.444082 0.859607
v -1.61539 0.118964 1.25371 0.985933 0.978759 0.963974
vn 0.0482132 -0.455304 0.88133
v -1.4729 0.230819 1.30145 0.974277 0.960878 0.933534
vn 0.0482521 -0.455671 0.882041
v 0.201632 0.439338 1.31405 0.762277 0.649446 0.435596
vn 0.0451243 -0.426134 0.824866
v 0.28569 0.487669 1.32383 0.752109 0.634992 0.414337
vn 0.0475953 -0.449469 0.870035
v -1.40542 0.234709 1.30123 0.973874 0.960259 0.932481
vn 0.0482534 -0.455684 0.882065
v -1.31228 0.22954 1.29751 0.975041 0.962049 0.935522
vn 0.0482329 -0.45549 0.88169
v 0.370369 0.414333 1.28638 0.756172 0.64089 0.423916
vn 0.0483036 -0.456158 0.882982
v -1.57384 0.147471 1.26478 0.98338 0.974843 0.957307
vn 0.0482214 -0.455382 0.88148
v -1.19717 0.211536 1.28634 0.976711 0.964606 0.939828
vn 0.0481004 -0.454239 0.879268
v 0.438516 0.365706 1.25951 0.764671 0.653355 0.443736
vn 0.0484886 -0.457905 0.886365
v -1.10522 0.219161 1.28965 0.974859 0.961736 0.934659
vn 0.0473431 -0.447088 0.865426
v 0.403175 0.495332 1.32605 0.748768 0.63019 0.407309
vn 0.0484703 -0.457733 0.886031
v -1.49433 0.164101 1.2691 0.981783 0.972393 0.953137
vn 0.0482266 -0.455431 0.881575
v -0.996466 0.229924 1.29432 0.970567 0.955047 0.92226
vn 0.0446328 -0.421493 0.815882
v 0.47888 0.430151 1.29494 0.753569 0.637052 0.417963
vn 0.0485357 -0.45835 0.887226
v -0.876139 0.245259 1.30121 0.962573 0.942543 0.898686
vn 0.0385544 -0.364091 0.70477
v -1.4043 0.1853 1.27635 0.979586 0.969022 0.947398
vn 0.0482338 -0.455498 0.881706
v 0.286116 0.553056 1.34024 0.748183 0.629574 0.40642
vn 0.0480812 -0.454058 0.878918
v -1.3159 0.142115 1.25425 0.98465 0.97679 0.960622
vn 0.0482174 -0.455344 0.881407
v -0.750746 0.210546 1.27483 0.963174 0.943282 0.898443
vn 0.0345764 -0.326524 0.632052
v 0.276739 0.659983 1.26972 0.743185 0.62301 0.397304
vn 0.0485102 -0.458109 0.88676
v -0.629244 0.256512 1.29941 0.949092 0.921336 0.857799
vn 0.0259069 -0.244653 0.473574
v 0.338814 0.556348 1.34445 0.74678 0.627615 0.403621
vn 0.0484088 -0.457151 0.884905
v -1.23459 0.164941 1.26377 0.982085 0.972855 0.953912
vn 0.0481973 -0.455155 0.881041
v -0.496766 0.258928 1.29072 0.949016 0.921137 0.856833
vn 0.0242084 -0.228614 0.442527
v -1.1452 0.149728 1.25552 0.983113 0.974422 0.956488
vn 0.047949 -0.452809 0.876501
v -0.460675 0.317326 1.32174 0.934177 0.898139 0.814925
vn 0.0167315 -0.158005 0.30585
v 0.531533 0.359708 1.25506 0.770143 0.661327 0.456258
vn 0.0485423 -0.458412 0.887347
v -0.377416 0.337061 1.32254 0.928828 0.890031 0.800841
vn 0.0149272 -0.140966 0.272867
v 0.607316 0.439464 1.30776 0.75482 0.638825 0.420694
vn 0.0485421 -0.45841 0.887342
v 0.72094 0.420877 1.28481 0.757818 0.643984 0.427931
vn 0.0485396 -0.458387 0.887297
v -0.733487 0.740281 1.2425 0.866236 0.793263 0.623545
vn -0.0230395 0.217575 -0.421159
v 0.844966 0.45927 1.28507 0.75092 0.63663 0.41364
vn 0.0485345 -0.458338 0.887204
v -0.280033 0.36613 1.32862 0.914861 0.869234 0.766467
vn 0.0133258 -0.125843 0.243594
v 0.972502 0.484345 1.27112 0.742905 0.630347 0.39833
vn 0.0485333 -0.458327 0.887181
v -0.176925 0.321603 1.29388 0.907281 0.85938 0.756376
vn 0.0218109 -0.205972 0.398699
v 0.927415 0.560994 1.3177 0.742085 0.626656 0.394534
vn 0.048541 -0.4584 0.887322
v -0.0670197 0.311909 1.27802 0.874577 0.812114 0.684485
vn 0.0277778 -0.262321 0.507773
v 0.930168 0.642525 1.35685 0.743461 0.628087 0.396686
vn 0.0485425 -0.458414 0.88735
v -0.733845 0.744628 1.24292 0.863574 0.789166 0.616062
vn -0.0247569 0.233793 -0.452553
v 1.0384 0.490242 1.26396 0.737759 0.626196 0.388436
vn 0.0485344 -0.458337 0.887201
v 1.0978 0.494771 1.26222 0.738603 0.62953 0.391427
vn 0.0485287 -0.458283 0.887097
v 1.1944 0.490371 1.25682 0.742713 0.637728 0.4016
vn 0.0485162 -0.458166 0.88687
v 1.0345 0.541198 1.28954 0.736661 0.624153 0.385138
vn 0.0485396 -0.458386 0.887297
v 1.13755 0.579932 1.30323 0.734932 0.625412 0.382357
vn 0.0485387 -0.458378 0.88728
v 1.02262 0.635896 1.33956 0.739962 0.627875 0.3907
vn 0.0485424 -0.458413 0.887348
v 1.26144 0.567312 1.29552 0.736445 0.630109 0.386348
vn 0.0485332 -0.458326 0.887179
v 1.38479 0.578592 1.30229 0.741085 0.63751 0.394758
vn 0.0485354 -0.458347 0.88722
v 1.49196 0.567821 1.29553 0.746376 0.645203 0.404101
vn 0.0485396 -0.458386 0.887296
v 1.57855 0.558287 1.28945 0.752025 0.653249 0.41474
vn 0.0485398 -0.458389 0.887301
v 1.64254 0.544984 1.28135 0.755744 0.658533 0.421863
vn 0.0485394 -0.458385 0.887294
v 1.68282 0.557047 1.28827 0.75753 0.66107 0.425291
vn 0.0485392 -0.458383 0.88729
v -0.580543 -0.643846 1.46092 0.999918 0.999891 0.999825
vn 0.0485428 -0.458416 0.887355
v 0.00625449 0.629419 1.44901 0.824522 0.73846 0.565001
vn 0.0257639 -0.243303 0.47096
v -0.736872 -0.534896 1.47029 0.999716 0.999625 0.999409
vn 0.0485403 -0.458393 0.88731
v 1.57248 0.836407 1.46151 0.759048 0.663268 0.42813
vn 0.0485398 -0.458389 0.887301
v 0.10428 0.693506 1.46922 0.791501 0.692488 0.499164
vn 0.0346968 -0.327662 0.634253
v -0.581595 -0.643555 1.46094 0.999918 0.999889 0.999823
vn 0.0485427 -0.458416 0.887354
v -0.7369 -0.53486 1.47029 0.999716 0.999625 0.999409
vn 0.0485403 -0.458393 0.88731
v -1.45764 0.436858 1.42411 0.968908 0.952663 0.919527
vn 0.0483374 -0.456477 0.883601
v 1.667 0.856059 1.47449 0.758781 0.662873 0.427612
vn 0.0485395 -0.458386 0.887295
v 0.694275 0.521074 1.45281 0.734099 0.606487 0.371706
vn 0.048543 -0.458419 0.887359
v -0.574733 -0.643863 1.46086 0.999917 0.999888 0.999822
vn 0.0485428 -0.458416 0.887355
v -0.57769 -0.643334 1.4609 0.999915 0.999887 0.999819
vn 0.0485427 -0.458416 0.887354
v 0.672678 0.54128 1.45127 0.73381 0.606071 0.371119
vn 0.048543 -0.458419 0.887359
v 1.71064 0.8777 1.48958 0.758653 0.66269 0.427364
vn 0.0485394 -0.458385 0.887294
v -1.48409 0.470461 1.44605 0.971174 0.956146 0.925446
vn 0.0483575 -0.456667 0.883968
v -0.569874 -0.643725 1.4608 0.999914 0.999886 0.999817
vn 0.0485427 -0.458416 0.887354
v -0.736856 -0.53486 1.47029 0.999716 0.999625 0.999409
vn 0.0485403 -0.458393 0.88731
v 0.704935 0.524759 1.45238 0.733842 0.606095 0.371095
vn 0.048543 -0.458419 0.887359
v -1.37236 0.467622 1.43619 0.969629 0.953769 0.921408
vn 0.0483494 -0.456591 0.88382
v -0.736872 -0.534847 1.47029 0.999716 0.999625 0.999409
vn 0.0485403 -0.458393 0.88731
v 0.658796 0.582769 1.45575 0.734972 0.608087 0.374194
vn 0.048543 -0.458418 0.887359
v -1.6322 0.541825 1.47625 0.979817 0.969407 0.94799
vn 0.0484138 -0.457199 0.884997
v 0.697663 0.608404 1.46002 0.73457 0.607591 0.373263
vn 0.048543 -0.458419 0.887359
v -0.572045 -0.643487 1.46082 0.999914 0.999885 0.999817
vn 0.0485427 -0.458416 0.887354
v 0.723001 0.557358 1.44816 0.733099 0.605137 0.369449
vn 0.048543 -0.458419 0.88736
v -1.5825 0.510386 1.46156 0.975755 0.963171 0.937388
vn 0.0483879 -0.456954 0.884524
v -1.49537 0.510212 1.46443 0.974584 0.961376 0.934339
vn 0.0483846 -0.456923 0.884464
v 0.20598 0.722882 1.46733 0.758694 0.6469 0.434093
vn 0.0430343 -0.406397 0.786662
v 0.272597 0.733138 1.46241 0.744638 0.627362 0.406227
vn 0.0464614 -0.438761 0.849307
v -1.27624 0.51148 1.45381 0.96845 0.951957 0.91831
vn 0.0483128 -0.456245 0.883151
v 0.355436 0.750732 1.46674 0.740531 0.621501 0.397772
vn 0.0477082 -0.450535 0.872099
v -1.17881 0.551988 1.47143 0.963754 0.944738 0.90594
vn 0.0480947 -0.454185 0.879164
v 0.482787 0.739757 1.45914 0.740629 0.620558 0.39524
vn 0.048455 -0.457588 0.885751
v -1.07102 0.529863 1.46078 0.958677 0.936854 0.891944
vn 0.0467705 -0.44168 0.854957
v 0.60933 0.727304 1.45955 0.742965 0.622561 0.396735
vn 0.0485408 -0.458398 0.887319
v -0.943758 0.509121 1.45684 0.95432 0.929931 0.878495
vn 0.04296 -0.405695 0.785302
v 0.691007 0.747473 1.46583 0.744999 0.625162 0.399758
vn 0.0485425 -0.458414 0.887349
v -0.843106 0.517372 1.47046 0.950282 0.923419 0.865237
vn 0.0381145 -0.359936 0.696727
v 0.756725 0.749018 1.46083 0.746193 0.627325 0.401507
vn 0.0485423 -0.458412 0.887347
v 0.875007 0.770198 1.45143 0.749794 0.635689 0.408744
vn 0.0485418 -0.458407 0.887337
v -0.734765 0.436171 1.43362 0.937283 0.902998 0.825682
vn 0.0253552 -0.239443 0.46349
v 0.961793 0.811151 1.46501 0.754757 0.646448 0.418831
vn 0.0485415 -0.458404 0.887331
v -0.793614 0.474954 1.45373 0.945689 0.91615 0.850814
vn 0.0328363 -0.310092 0.600243
v -0.654908 0.412847 1.41252 0.928549 0.889373 0.799808
vn 0.0177766 -0.167874 0.324953
v 1.0426 0.815167 1.4615 0.756716 0.652987 0.422987
vn 0.0485417 -0.458407 0.887336
v -0.585819 0.468829 1.43454 0.92828 0.888852 0.798437
vn 0.0170713 -0.161214 0.312061
v 1.15732 0.822045 1.46454 0.760044 0.661809 0.429761
vn 0.0485421 -0.45841 0.887342
v -0.528895 0.533172 1.45905 0.92692 0.886687 0.794279
vn 0.016169 -0.152693 0.295567
v 1.26798 0.832011 1.46885 0.762142 0.666897 0.433978
vn 0.0485418 -0.458407 0.887336
v -0.440361 0.582728 1.46776 0.919554 0.875349 0.773584
vn 0.0115275 -0.10886 0.21072
v 1.37734 0.848646 1.47606 0.762846 0.668596 0.435381
vn 0.048541 -0.4584 0.887322
v -0.350882 0.629459 1.47915 0.912213 0.86416 0.753689
vn 0.00794866 -0.0750637 0.1453
v 1.47034 0.860392 1.47984 0.761794 0.667219 0.433384
vn 0.0485403 -0.458393 0.88731
v -0.279799 0.618023 1.46655 0.90281 0.850173 0.730388
vn 0.00614289 -0.0580108 0.112291
v -0.209929 0.597263 1.4509 0.889694 0.831105 0.700715
vn 0.00725712 -0.0685331 0.132659
v -0.115038 0.614065 1.45305 0.865599 0.79671 0.649904
vn 0.0137775 -0.130109 0.251851
v 0.0321711 -0.660228 1.35277 0.982765 0.973881 0.954825
vn 0.0484633 -0.457666 0.885902
v 1.5727 0.674878 1.35811 0.753115 0.654811 0.416725
vn 0.0485403 -0.458393 0.88731
v -0.576737 -0.643661 1.46087 0.999916 0.999888 0.999821
vn 0.0485427 -0.458416 0.887355
v -1.62972 0.389826 1.39411 0.966363 0.948747 0.912871
vn 0.0483094 -0.456213 0.88309
v 1.65468 0.704109 1.37588 0.756898 0.660181 0.424
vn 0.0485397 -0.458388 0.887299
v 0.00516055 0.49203 1.37363 0.818739 0.730071 0.553446
vn 0.0283961 -0.26816 0.519077
v -0.736872 -0.53486 1.47026 0.999716 0.999625 0.999409
vn 0.0485403 -0.458393 0.88731
v 1.57627 0.7527 1.40662 0.755909 0.658785 0.422098
vn 0.04854 -0.458391 0.887305
v -0.570927 -0.64382 1.46079 0.999915 0.999887 0.999819
vn 0.0485428 -0.458417 0.887355
v 1.65974 0.782035 1.42511 0.757991 0.661735 0.426104
vn 0.0485396 -0.458386 0.887296
v 0.0208388 0.563139 1.41238 0.813925 0.72314 0.542537
vn 0.0288993 -0.272912 0.528275
v -1.60551 0.357994 1.37627 0.965857 0.947966 0.911548
vn 0.048296 -0.456086 0.882843
v 1.69641 0.73745 1.39666 0.758102 0.66189 0.426318
vn 0.0485395 -0.458386 0.887295
v 0.123679 0.579287 1.40104 0.781113 0.676847 0.475603
vn 0.0382662 -0.36137 0.699502
v -1.51921 0.365232 1.38032 0.967149 0.949951 0.914923
vn 0.048303 -0.456152 0.882972
v 0.174563 0.663574 1.43851 0.765414 0.655486 0.445449
vn 0.0419308 -0.395976 0.76649
v -1.6253 0.464718 1.43568 0.971219 0.956211 0.925556
vn 0.0483542 -0.456636 0.883907
v 1.70225 0.81096 1.44402 0.75841 0.662327 0.426911
vn 0.0485394 -0.458385 0.887294
v 0.266003 0.656807 1.41378 0.749864 0.633398 0.413434
vn 0.0461498 -0.435819 0.843612
v -1.59401 0.422562 1.41345 0.967994 0.951256 0.917134
vn 0.0483282 -0.45639 0.883433
v 0.552565 0.578493 1.3983 0.743621 0.622444 0.395848
vn 0.0485426 -0.458415 0.887351
v 0.398818 0.668 1.41737 0.742594 0.622889 0.398047
vn 0.0482118 -0.455292 0.881306
v -1.52847 0.451723 1.43294 0.970154 0.954576 0.922777
vn 0.0483468 -0.456566 0.883773
v 0.51512 0.65619 1.42315 0.742678 0.6221 0.396136
vn 0.0485217 -0.458218 0.88697
v -1.37898 0.380921 1.38554 0.966919 0.949599 0.914323
vn 0.0483081 -0.456201 0.883065
v 0.691921 0.522781 1.42781 0.737027 0.611302 0.378774
vn 0.0485428 -0.458417 0.887356
v -1.26856 0.35925 1.3684 0.965898 0.948025 0.911616
vn 0.0482094 -0.455268 0.881261
v -1.27355 0.429217 1.4088 0.966205 0.948503 0.912419
vn 0.048229 -0.455453 0.881619
v 0.622666 0.569944 1.4275 0.739723 0.615793 0.385711
vn 0.0485427 -0.458416 0.887354
v 0.620154 0.631649 1.43994 0.74061 0.617692 0.388796
vn 0.0485427 -0.458416 0.887354
v -1.15655 0.379026 1.37749 0.964164 0.945334 0.90676
vn 0.0474915 -0.448489 0.868138
v 0.695497 0.689593 1.4526 0.742473 0.620806 0.393015
vn 0.0485426 -0.458415 0.887353
v -1.04214 0.360072 1.36689 0.96086 0.940178 0.897154
vn 0.0452824 -0.427627 0.827756
v 0.78591 0.575174 1.38779 0.741762 0.62012 0.390638
vn 0.0485425 -0.458414 0.88735
v -1.16946 0.473357 1.43005 0.963909 0.944955 0.906191
vn 0.0477754 -0.45117 0.873328
v 0.786243 0.65732 1.4276 0.74247 0.621444 0.392199
vn 0.0485426 -0.458415 0.887351
v -1.04073 0.437715 1.41193 0.959105 0.937461 0.892458
vn 0.0453075 -0.427864 0.828215
v -0.951204 0.376602 1.38015 0.955009 0.931011 0.879853
vn 0.040937 -0.386591 0.748322
v -0.830825 0.397409 1.40113 0.945495 0.916013 0.85094
vn 0.0325571 -0.307455 0.595139
v -0.930047 0.436351 1.41769 0.953427 0.928523 0.875375
vn 0.0406834 -0.384196 0.743686
v 0.987615 0.771165 1.42855 0.750825 0.641906 0.411356
vn 0.048542 -0.458409 0.88734
v -0.870138 0.465621 1.44086 0.950916 0.924483 0.867313
vn 0.0381975 -0.360721 0.698245
v 1.19328 0.709538 1.37712 0.740657 0.635486 0.392589
vn 0.0485428 -0.458417 0.887356
v -0.716113 0.372583 1.38798 0.931891 0.894705 0.810234
vn 0.0206745 -0.195241 0.377928
v 1.26135 0.694758 1.36875 0.739096 0.634375 0.389704
vn 0.0485428 -0.458417 0.887355
v -0.650161 0.36661 1.38036 0.925147 0.884166 0.790212
vn 0.0149557 -0.141235 0.273388
v 1.34161 0.70914 1.37939 0.743955 0.641637 0.399088
vn 0.0485421 -0.45841 0.887343
v -0.476815 0.462733 1.41022 0.920546 0.876935 0.776458
vn 0.011423 -0.107873 0.20881
v 1.46319 0.716372 1.38426 0.7501 0.650521 0.410925
vn 0.048541 -0.4584 0.887323
v -0.370504 0.511673 1.4206 0.91081 0.862077 0.750093
vn 0.00700736 -0.0661744 0.128094
v 1.04795 0.77174 1.42185 0.750663 0.644665 0.411367
vn 0.048542 -0.458409 0.887341
v -0.349808 0.577789 1.45259 0.910005 0.860803 0.747738
vn 0.00676845 -0.0639183 0.123726
v 1.12143 0.757703 1.41154 0.748669 0.644599 0.407791
vn 0.0485423 -0.458412 0.887346
v -0.281362 0.484178 1.39591 0.900401 0.846741 0.725222
vn 0.00594903 -0.0561801 0.108747
v 1.2443 0.759622 1.41349 0.749368 0.64842 0.4094
vn 0.0485422 -0.458411 0.887345
v -0.207011 0.465515 1.37911 0.888736 0.830012 0.700311
vn 0.00859397 -0.0811577 0.157097
v 1.36368 0.77862 1.42619 0.75419 0.65617 0.418765
vn 0.0485414 -0.458404 0.88733
v -0.1155 0.475501 1.37733 0.86251 0.792546 0.645277
vn 0.0161574 -0.152583 0.295355
v 1.47512 0.799415 1.43823 0.757314 0.660791 0.424797
vn 0.0485405 -0.458395 0.887313
v -0.281956 0.55317 1.4332 0.900221 0.846346 0.724115
vn 0.00558068 -0.0527015 0.102014
v -0.181557 0.534551 1.41566 0.880155 0.817473 0.680629
vn 0.00957929 -0.0904626 0.175108
v -0.0610282 0.551809 1.41557 0.843609 0.765335 0.604087
vn 0.0201469 -0.190259 0.368283
v 0.0483915 0.456956 1.56375 0.864199 0.791389 0.633433
vn 0.0405487 -0.382925 0.741225
v -0.219825 0.823473 1.56927 0.899273 0.84512 0.722251
vn 0.00561277 -0.0530045 0.102601
v 1.39766 0.995045 1.58014 0.773802 0.685248 0.455536
vn 0.0485404 -0.458394 0.887312
v 0.0484026 0.456958 1.56375 0.864185 0.791368 0.633399
vn 0.0405641 -0.38307 0.741506
v -1.64031 0.708689 1.56093 0.996065 0.994213 0.990161
vn 0.0485208 -0.458209 0.886954
v -0.122892 0.843809 1.57717 0.88087 0.819084 0.683429
vn 0.00906585 -0.0856139 0.165722
v 0.0483915 0.456967 1.56375 0.8642 0.79139 0.633435
vn 0.0405487 -0.382925 0.741225
v 1.49973 0.957927 1.54829 0.765895 0.673473 0.440862
vn 0.04854 -0.458391 0.887305
v -0.0118619 0.85185 1.5768 0.846678 0.771206 0.61407
vn 0.0181028 -0.170955 0.330917
v 1.59728 0.982418 1.56631 0.763518 0.67013 0.436231
vn 0.0485397 -0.458388 0.887299
v -1.60608 0.730764 1.57172 0.996158 0.994325 0.990353
vn 0.0485251 -0.458249 0.887031
v 1.67694 1.00781 1.58963 0.762502 0.668716 0.434236
vn 0.0485397 -0.458388 0.887299
v 0.701454 0.548806 1.48091 0.726235 0.593876 0.352956
vn 0.0485434 -0.458423 0.887366
v 1.71521 0.977522 1.56621 0.760815 0.666095 0.431203
vn 0.0485396 -0.458387 0.887297
v -1.53052 0.744041 1.57668 0.99301 0.989482 0.982127
vn 0.0485209 -0.45821 0.886955
v 0.690204 0.566824 1.48038 0.727449 0.595858 0.35593
vn 0.0485433 -0.458422 0.887365
v -1.43648 0.767458 1.58594 0.985486 0.97794 0.962515
vn 0.0485033 -0.458043 0.886633
v 0.706395 0.569081 1.48548 0.725319 0.592443 0.350821
vn 0.0485435 -0.458423 0.887367
v -1.34727 0.726865 1.56323 0.974331 0.960898 0.933556
vn 0.0484681 -0.457712 0.885991
v 0.710594 0.55689 1.49 0.723255 0.589096 0.345842
vn 0.0485436 -0.458424 0.887369
v -1.22717 0.727277 1.56217 0.956163 0.933066 0.886175
vn 0.0482141 -0.455313 0.881346
v -1.09918 0.75243 1.57742 0.933074 0.89763 0.825443
vn 0.0469079 -0.442977 0.857469
v 0.0983198 0.859214 1.57065 0.802521 0.709673 0.525833
vn 0.0303409 -0.286526 0.554627
v -0.996018 0.764762 1.58744 0.91893 0.87582 0.787122
vn 0.043755 -0.413203 0.799835
v 0.220486 0.879299 1.56422 0.761439 0.652637 0.444286
vn 0.0416267 -0.393104 0.76093
v -0.878589 0.747822 1.57907 0.920124 0.877295 0.786673
vn 0.0365463 -0.345127 0.66806
v 0.309574 0.912946 1.57143 0.744438 0.629139 0.410789
vn 0.0464374 -0.438535 0.848869
v 0.382826 0.945989 1.58367 0.741927 0.625371 0.404371
vn 0.0477857 -0.451268 0.873516
v 0.0483635 0.456958 1.56375 0.8642 0.79139 0.633435
vn 0.0405487 -0.382925 0.741225
v 0.488288 0.962345 1.58423 0.742987 0.625975 0.403429
vn 0.0484153 -0.457213 0.885025
v -0.77941 0.748651 1.57601 0.921626 0.879203 0.786645
vn 0.0285213 -0.269343 0.521365
v 0.612413 0.977821 1.58769 0.747216 0.631017 0.407956
vn 0.0485136 -0.458141 0.886822
v -0.704269 0.758495 1.57618 0.921802 0.879202 0.78421
vn 0.0223336 -0.210909 0.408255
v 0.709551 0.96605 1.57996 0.750457 0.635276 0.412105
vn 0.0485235 -0.458234 0.887002
v -0.578691 0.804988 1.58656 0.917517 0.872331 0.769206
vn 0.0132591 -0.125213 0.242375
v 0.808553 0.94315 1.57023 0.755742 0.644485 0.421278
vn 0.0485277 -0.458274 0.88708
v -0.472751 0.855444 1.59923 0.9119 0.863572 0.752206
vn 0.00705235 -0.0665993 0.128916
v -0.396477 0.8424 1.58733 0.910458 0.861352 0.748034
vn 0.00577169 -0.0545053 0.105506
v 0.941452 0.956762 1.59963 0.768758 0.667976 0.4459
vn 0.0485314 -0.458309 0.887147
v -0.306165 0.834867 1.57915 0.906751 0.855916 0.739095
vn 0.00518595 -0.0489738 0.0947984
v 1.03136 0.918103 1.56824 0.772372 0.676096 0.453054
vn 0.04854 -0.45839 0.887304
v 1.14883 0.936923 1.57585 0.77898 0.689829 0.465724
vn 0.0485416 -0.458406 0.887334
v 1.28907 0.968623 1.57577 0.778321 0.691199 0.464271
vn 0.0485411 -0.458401 0.887324
v -1.44222 0.488091 1.4531 0.972039 0.957472 0.927702
vn 0.0483674 -0.456761 0.884149
v -0.187673 0.663356 1.4835 0.887977 0.828808 0.697846
vn 0.00870683 -0.0822235 0.15916
v -0.579425 -0.643587 1.46093 0.999917 0.999889 0.999822
vn 0.0485427 -0.458416 0.887354
v -0.736872 -0.53486 1.47031 0.999716 0.999625 0.999409
vn 0.0485403 -0.458393 0.88731
v 1.5949 0.909322 1.51193 0.760685 0.665695 0.431181
vn 0.0485397 -0.458387 0.887299
v 0.0483915 0.456958 1.56375 0.8642 0.79139 0.633435
vn 0.0405487 -0.382925 0.741225
v -1.64718 0.595595 1.50337 0.986593 0.979793 0.965647
vn 0.0484585 -0.457621 0.885815
v 1.68122 0.931279 1.52893 0.759681 0.664268 0.429233
vn 0.0485395 -0.458386 0.887295
v -0.0661911 0.703204 1.49563 0.857065 0.784909 0.633107
vn 0.0165845 -0.156617 0.303162
v -0.573779 -0.643488 1.46087 0.999915 0.999886 0.999818
vn 0.0485427 -0.458416 0.887354
v 0.0223856 0.69928 1.48496 0.82483 0.739306 0.566636
vn 0.0256868 -0.242575 0.469551
v 1.72101 0.925142 1.52424 0.759025 0.663275 0.428022
vn 0.0485395 -0.458385 0.887294
v -0.175166 0.753994 1.53004 0.889784 0.831575 0.702291
vn 0.00844036 -0.0797071 0.154289
v 0.701083 0.531504 1.46293 0.731524 0.602363 0.365565
vn 0.0485431 -0.45842 0.887362
v -0.0651987 0.7858 1.54079 0.864324 0.795551 0.648991
vn 0.0139456 -0.131696 0.254924
v -1.61324 0.602628 1.50717 0.986486 0.979613 0.965342
vn 0.04846 -0.457635 0.885841
v 0.0358173 0.769368 1.52242 0.824918 0.740111 0.568661
vn 0.0249173 -0.235308 0.455485
v -1.51963 0.587165 1.49986 0.982001 0.972731 0.953645
vn 0.0484403 -0.457449 0.885482
v -1.64604 0.645193 1.52845 0.991716 0.987613 0.978941
vn 0.0484923 -0.45794 0.886432
v 1.40278 0.918499 1.52572 0.767979 0.6762 0.445034
vn 0.0485407 -0.458397 0.887317
v 0.155439 0.78781 1.51633 0.77871 0.675736 0.476499
vn 0.0372572 -0.351841 0.681057
v 1.51084 0.896742 1.50398 0.762458 0.66822 0.434608
vn 0.04854 -0.458391 0.887305
v 0.265997 0.795864 1.50332 0.748411 0.633552 0.416255
vn 0.0450904 -0.425814 0.824246
v -1.6252 0.672241 1.54195 0.993509 0.990333 0.983566
vn 0.0485056 -0.458065 0.886675
v -1.56264 0.668979 1.53966 0.990654 0.985948 0.976115
vn 0.0484961 -0.457976 0.886502
v 0.304084 0.860579 1.53805 0.742968 0.626733 0.407477
vn 0.0464313 -0.438477 0.848758
v 0.350773 0.824606 1.51062 0.738866 0.620373 0.397666
vn 0.0476393 -0.449885 0.87084
v -1.39071 0.559695 1.48394 0.974621 0.961422 0.934424
vn 0.0484053 -0.457118 0.884842
v 0.451159 0.826836 1.50652 0.738924 0.619559 0.39535
vn 0.048383 -0.456908 0.884435
v -1.25678 0.586922 1.49134 0.967912 0.951134 0.916933
vn 0.0483692 -0.456777 0.884182
v 0.375673 0.880071 1.54257 0.738825 0.620714 0.398476
vn 0.0479418 -0.452741 0.876368
v -1.44267 0.673252 1.53946 0.983255 0.9746 0.956836
vn 0.0484821 -0.457844 0.886246
v 0.453974 0.900639 1.54942 0.739759 0.621398 0.398381
vn 0.048412 -0.457182 0.884965
v -1.30872 0.653838 1.52635 0.970513 0.955097 0.923687
vn 0.0484269 -0.457323 0.885237
v -1.18468 0.598954 1.49506 0.962705 0.94314 0.903288
vn 0.0482354 -0.455514 0.881737
v 0.562227 0.799388 1.48946 0.741803 0.622228 0.397473
vn 0.0485345 -0.458339 0.887205
v -1.10487 0.612967 1.50272 0.95456 0.930588 0.881575
vn 0.0473923 -0.447552 0.866324
v 0.687334 0.810649 1.49231 0.745949 0.627498 0.403063
vn 0.0485413 -0.458403 0.887328
v -1.19887 0.644379 1.51871 0.960223 0.939326 0.89681
vn 0.0482344 -0.455505 0.881719
v -1.12362 0.684633 1.53957 0.94704 0.91907 0.862102
vn 0.0475444 -0.448988 0.869105
v 0.566935 0.884286 1.53533 0.742916 0.624542 0.400876
vn 0.0485277 -0.458274 0.88708
v -0.979557 0.59642 1.49835 0.949548 0.922706 0.866922
vn 0.0446719 -0.421862 0.816596
v 0.699588 0.907031 1.54504 0.748411 0.631943 0.408445
vn 0.0485343 -0.458336 0.8872
v -0.863237 0.585077 1.49933 0.94702 0.918497 0.857461
vn 0.0395187 -0.373197 0.722396
v 0.784105 0.799246 1.47796 0.74854 0.631567 0.406776
vn 0.0485418 -0.458407 0.887337
v -1.00738 0.687219 1.5438 0.936425 0.902639 0.832942
vn 0.0446358 -0.421521 0.815937
v 0.801962 0.85272 1.50904 0.751315 0.636802 0.412538
vn 0.0485391 -0.458382 0.887289
v -0.898138 0.657769 1.53187 0.938342 0.905309 0.835625
vn 0.0405289 -0.382737 0.740863
v 0.943403 0.870079 1.5186 0.760046 0.654137 0.429157
vn 0.0485392 -0.458383 0.887289
v 1.08407 0.874986 1.51804 0.767767 0.670811 0.444364
vn 0.0485417 -0.458407 0.887335
v -0.736596 0.486592 1.46504 0.941509 0.909491 0.837664
vn 0.0286383 -0.270447 0.523504
v 1.18628 0.874604 1.51088 0.769799 0.67676 0.448522
vn 0.0485421 -0.45841 0.887342
v -0.676226 0.486649 1.45884 0.935673 0.900359 0.820246
vn 0.0235746 -0.222629 0.430941
v 1.27774 0.897481 1.52233 0.77123 0.680192 0.451281
vn 0.0485416 -0.458406 0.887334
v -0.742897 0.557601 1.49215 0.941992 0.910328 0.839979
vn 0.0309481 -0.29226 0.565727
v -0.603018 0.569317 1.48723 0.932931 0.896035 0.81197
vn 0.0213946 -0.202041 0.391089
v -0.784111 0.675275 1.54177 0.933239 0.897066 0.818201
vn 0.0322303 -0.304369 0.589165
v -0.651814 0.674143 1.53573 0.930832 0.892948 0.807554
vn 0.0231659 -0.218768 0.423469
v -0.522944 0.590588 1.48619 0.928264 0.888745 0.798074
vn 0.0172697 -0.163087 0.315687
v -0.507521 0.682237 1.5244 0.92392 0.882087 0.786137
vn 0.0150487 -0.142113 0.275087
v -0.381119 0.684616 1.51031 0.915753 0.869552 0.763279
vn 0.00975765 -0.0921469 0.178368
v -0.280126 0.685936 1.5015 0.905214 0.853839 0.736847
vn 0.00728868 -0.0688311 0.133236
v -0.47207 0.789823 1.56852 0.916429 0.87053 0.764855
vn 0.00986335 -0.0931452 0.180301
v -0.394692 0.766199 1.55105 0.914882 0.868173 0.760571
vn 0.00881553 -0.08325 0.161147
v -0.293526 0.759811 1.54009 0.907676 0.857427 0.74241
vn 0.0069328 -0.0654703 0.126731
v -0.399746 1.06419 1.69934 0.910476 0.861771 0.750089
vn 0.00813331 -0.0768074 0.148676
v 1.6467 1.09841 1.65894 0.772819 0.684982 0.45254
vn 0.0485404 -0.458394 0.887312
v -0.292273 1.04498 1.68812 0.904189 0.852613 0.734661
vn 0.00695044 -0.0656369 0.127053
v 1.5652 1.12679 1.66842 0.782165 0.699563 0.469251
vn 0.0485405 -0.458395 0.887313
v 0.0881516 0.990399 1.66088 0.796807 0.702816 0.515166
vn 0.0326558 -0.308387 0.596944
v -1.62744 0.945103 1.69009 0.99417 0.991107 0.98433
vn 0.0470118 -0.443959 0.85937
v -0.206451 1.04544 1.68927 0.89597 0.841059 0.716794
vn 0.00805976 -0.0761129 0.147331
v 0.164417 0.999813 1.65686 0.769094 0.664294 0.459739
vn 0.0403824 -0.381354 0.738185
v 1.70249 1.10648 1.6697 0.773398 0.685941 0.453529
vn 0.0485407 -0.458397 0.887317
v -0.00575141 0.995094 1.66706 0.836396 0.757945 0.59456
vn 0.0221396 -0.209076 0.404708
v 0.198447 1.04728 1.67715 0.760752 0.653172 0.442034
vn 0.0437268 -0.412937 0.79932
v -0.126049 1.02044 1.67814 0.876629 0.814123 0.676747
vn 0.0126266 -0.11924 0.230812
v 1.74241 1.11443 1.67852 0.774998 0.688474 0.456363
vn 0.0485409 -0.458399 0.887321
v -1.5852 0.938747 1.68451 0.992897 0.989158 0.981017
vn 0.047002 -0.443866 0.85919
v 0.265222 1.0885 1.68565 0.754295 0.644556 0.427557
vn 0.0463272 -0.437494 0.846856
v -1.49352 0.954687 1.6891 0.985467 0.977776 0.961486
vn 0.0464662 -0.438807 0.849396
v -1.38677 0.960157 1.68798 0.970726 0.95521 0.922968
vn 0.0459493 -0.433925 0.839947
v 0.44373 1.12515 1.68018 0.751135 0.639875 0.41739
vn 0.0483258 -0.456367 0.883388
v -1.26524 0.97443 1.69399 0.946501 0.918117 0.859538
vn 0.0447879 -0.422957 0.818716
v 0.557436 1.15992 1.69046 0.755578 0.646248 0.422971
vn 0.0484201 -0.457258 0.885113
v 0.342217 1.0738 1.66483 0.748484 0.636006 0.415588
vn 0.0476456 -0.449944 0.870954
v -0.957069 0.866795 1.65242 0.900335 0.847267 0.737617
vn 0.0408061 -0.385355 0.74593
v 0.640122 1.16283 1.68928 0.758016 0.649701 0.426201
vn 0.0484161 -0.457221 0.88504
v 0.927298 1.09708 1.67589 0.774518 0.677833 0.455644
vn 0.0484935 -0.457951 0.886454
v -1.02541 0.903388 1.66992 0.902922 0.851365 0.745811
vn 0.0439512 -0.415055 0.803421
v 0.703202 1.19854 1.70727 0.762059 0.65665 0.433012
vn 0.0483982 -0.457051 0.884712
v 0.882381 1.14577 1.68875 0.770613 0.67102 0.448059
vn 0.0484638 -0.457671 0.885911
v -0.889696 0.892664 1.66843 0.897955 0.84342 0.728966
vn 0.0351847 -0.332269 0.643172
v 0.803946 1.1718 1.69593 0.765961 0.663068 0.439691
vn 0.0484323 -0.457373 0.885335
v -1.15706 0.956754 1.68854 0.923188 0.882445 0.799079
vn 0.0451478 -0.426356 0.825295
v 1.04268 0.972302 1.64788 0.785491 0.698025 0.47818
vn 0.0485399 -0.45839 0.887303
v -1.059 0.974392 1.70281 0.910829 0.86345 0.765794
vn 0.0424186 -0.400583 0.775406
v 0.996485 1.13068 1.69313 0.786562 0.69964 0.477642
vn 0.048499 -0.458003 0.886554
v 0.998096 0.985995 1.64469 0.780036 0.687941 0.467466
vn 0.0485331 -0.458325 0.887178
v 1.07249 1.1944 1.71141 0.797707 0.719859 0.497253
vn 0.048501 -0.458022 0.886592
v 1.09121 0.988109 1.64356 0.788609 0.704376 0.483715
vn 0.0485405 -0.458395 0.887313
v -0.810732 0.901186 1.66326 0.902515 0.850065 0.736953
vn 0.0265914 -0.251118 0.486087
v 1.1846 1.20437 1.71084 0.806916 0.736621 0.513657
vn 0.0485232 -0.458231 0.886997
v 1.00054 1.04517 1.67072 0.783962 0.694881 0.474065
vn 0.0485224 -0.458224 0.886982
v -0.726914 0.956262 1.67805 0.906572 0.855968 0.74364
vn 0.0176408 -0.166592 0.322471
v 1.27709 1.18095 1.69722 0.805223 0.734732 0.510781
vn 0.048534 -0.458334 0.887195
v 1.1124 1.04455 1.66588 0.794788 0.715265 0.494297
vn 0.0485366 -0.458358 0.887241
v -0.657773 0.996757 1.68739 0.909746 0.860667 0.749804
vn 0.0127487 -0.120393 0.233044
v 1.38039 1.15445 1.67941 0.797104 0.722484 0.496229
vn 0.0485385 -0.458376 0.887277
v 1.06429 1.08055 1.68163 0.793798 0.712845 0.491783
vn 0.0485261 -0.458259 0.887051
v -0.569562 1.02888 1.69282 0.91256 0.864921 0.756357
vn 0.0109488 -0.103396 0.200143
v 1.4861 1.19088 1.70015 0.797586 0.723762 0.496653
vn 0.0485401 -0.458391 0.887305
v -0.478435 1.07404 1.70757 0.913498 0.866369 0.758566
vn 0.0101262 -0.0956275 0.185106
v 1.75064 1.14801 1.70056 0.781577 0.698851 0.468039
vn 0.0485415 -0.458405 0.887332
v -0.210719 0.913944 1.6188 0.894207 0.838001 0.711123
vn 0.00568684 -0.053704 0.103955
v -1.62791 0.779266 1.59825 0.998001 0.997097 0.995052
vn 0.0484973 -0.457987 0.886523
v 0.0483915 0.456958 1.56378 0.8642 0.79139 0.633435
vn 0.0405487 -0.382925 0.741225
v 1.39598 1.0407 1.61021 0.777882 0.69181 0.462664
vn 0.0485401 -0.458391 0.887305
v -0.0710557 0.925012 1.62451 0.863368 0.794964 0.648436
vn 0.013655 -0.128952 0.249611
v 1.48877 1.04479 1.61058 0.773919 0.686139 0.455059
vn 0.04854 -0.45839 0.887303
v 0.0405821 0.925601 1.62146 0.822404 0.737896 0.566283
vn 0.0247758 -0.233972 0.452898
v -1.59001 0.801483 1.60891 0.997397 0.996145 0.993433
vn 0.0484921 -0.457939 0.88643
v 0.703584 0.559109 1.49722 0.721848 0.586816 0.34248
vn 0.0485436 -0.458425 0.887371
v 1.61212 1.05156 1.6205 0.768117 0.677465 0.444296
vn 0.0485399 -0.45839 0.887303
v -1.52011 0.815882 1.614 0.994011 0.990944 0.984593
vn 0.0484741 -0.457768 0.8861
v -0.401456 0.912047 1.62243 0.907222 0.856411 0.739155
vn 0.00395665 -0.0373649 0.072327
v 1.38645 1.08352 1.63824 0.785142 0.703373 0.475365
vn 0.0485394 -0.458385 0.887294
v 0.145545 0.939903 1.61882 0.781686 0.681322 0.485128
vn 0.0362232 -0.342076 0.662154
v -1.61724 0.867027 1.64631 0.997506 0.996263 0.993502
vn 0.0481365 -0.45458 0.879929
v -0.323853 0.893882 1.6099 0.904872 0.852987 0.733541
vn 0.00355918 -0.0336113 0.0650613
v 1.46004 1.12053 1.65929 0.786559 0.706158 0.477337
vn 0.0485397 -0.458388 0.887299
v -0.397089 0.988416 1.66123 0.906849 0.855972 0.738785
vn 0.00452511 -0.0427332 0.0827184
v 0.268786 0.990501 1.6288 0.752922 0.641565 0.426879
vn 0.0449955 -0.424918 0.822512
v -1.57656 0.862275 1.64175 0.996787 0.995158 0.991672
vn 0.0482627 -0.455771 0.882235
v -0.307255 0.959951 1.64404 0.903117 0.850465 0.729448
vn 0.0034526 -0.0326048 0.063113
v 1.67876 1.06154 1.63411 0.766507 0.675053 0.441321
vn 0.04854 -0.458391 0.887305
v 0.404311 1.0237 1.62797 0.74559 0.630967 0.409795
vn 0.0479453 -0.452774 0.876433
v 1.72276 1.05942 1.63455 0.767038 0.675914 0.442241
vn 0.0485402 -0.458392 0.887308
v 0.511926 1.0396 1.6269 0.747123 0.632332 0.409721
vn 0.048444 -0.457484 0.885549
v -1.51331 0.882529 1.65032 0.99204 0.98788 0.979225
vn 0.0480315 -0.453588 0.878008
v -0.225773 0.998638 1.66447 0.897267 0.842445 0.717784
vn 0.00547699 -0.0517223 0.100119
v 0.542405 1.09648 1.65662 0.751068 0.638557 0.415594
vn 0.0484593 -0.457629 0.88583
v 0.598068 1.05048 1.62917 0.749969 0.635876 0.412884
vn 0.0484881 -0.4579 0.886355
v -1.44572 0.832689 1.62046 0.986666 0.979689 0.965446
vn 0.0483929 -0.457001 0.884615
v 1.75411 1.1054 1.67256 0.773552 0.686195 0.453798
vn 0.0485408 -0.458398 0.887319
v 0.716957 1.03351 1.62104 0.754188 0.642059 0.418988
vn 0.0484962 -0.457977 0.886504
v -1.33714 0.807679 1.60513 0.969772 0.953853 0.921529
vn 0.0483042 -0.456164 0.882994
v 0.624908 1.10523 1.6589 0.754077 0.642756 0.41952
vn 0.0484559 -0.457597 0.885768
v -1.41595 0.888182 1.65 0.979725 0.96903 0.947118
vn 0.0477836 -0.451247 0.873477
v 0.718488 1.12691 1.67115 0.7588 0.650436 0.427072
vn 0.0484436 -0.457481 0.885543
v -1.29953 0.890652 1.64954 0.95716 0.934495 0.888316
vn 0.0473987 -0.447612 0.866441
v 0.84391 1.00934 1.61929 0.761568 0.65458 0.432052
vn 0.048512 -0.458126 0.886792
v 0.923449 1.028 1.64635 0.771327 0.672047 0.450341
vn 0.0485139 -0.458144 0.886828
v -1.19975 0.818241 1.61168 0.94161 0.910723 0.848063
vn 0.0477737 -0.451154 0.873297
v 0.8308 1.08745 1.65928 0.763847 0.658823 0.436003
vn 0.0484793 -0.457818 0.886195
v -1.06301 0.838068 1.62903 0.914302 0.868829 0.776061
vn 0.0456066 -0.430689 0.833682
v -1.18238 0.896929 1.65554 0.930124 0.893103 0.817822
vn 0.0469048 -0.442948 0.857412
v 1.04208 0.954729 1.61737 0.78032 0.689337 0.468289
vn 0.0485396 -0.458386 0.887296
v 1.07036 1.13103 1.69256 0.796481 0.717642 0.495788
vn 0.0485169 -0.458172 0.886882
v -1.09956 0.911505 1.66867 0.91195 0.865258 0.770184
vn 0.0459844 -0.434257 0.840589
v 1.19858 1.02633 1.63286 0.789969 0.708706 0.485381
vn 0.0485393 -0.458384 0.887292
v 1.15623 1.11956 1.68193 0.799575 0.724026 0.501593
vn 0.048529 -0.458287 0.887103
v -0.951097 0.807981 1.61549 0.907571 0.858323 0.756393
vn 0.0410454 -0.387615 0.750305
v 1.28458 1.10034 1.65764 0.794608 0.717556 0.492599
vn 0.0485376 -0.458368 0.88726
v -0.874441 0.836158 1.63228 0.903653 0.852066 0.743225
vn 0.0343776 -0.324647 0.628417
v 1.32252 1.03623 1.61571 0.783389 0.699835 0.472953
vn 0.04854 -0.458391 0.887305
v -0.774823 0.814983 1.61077 0.911402 0.863497 0.758838
vn 0.0248791 -0.234947 0.454786
v -0.680661 0.835527 1.611 0.912657 0.86506 0.758078
vn 0.0159967 -0.151065 0.292417
v -0.723615 0.884371 1.64158 0.906872 0.856338 0.743982
vn 0.017295 -0.163327 0.316151
v -0.634873 0.918914 1.64698 0.909755 0.860547 0.748987
vn 0.0116248 -0.10978 0.2125
v -0.505516 0.9314 1.63962 0.909867 0.860539 0.74718
vn 0.00685068 -0.0646948 0.125229
v -0.472255 1.01675 1.67883 0.909618 0.860243 0.746784
vn 0.00665329 -0.0628307 0.121621
v 0.0443857 0.912375 1.78788 0.875135 0.811095 0.671581
vn 0.00857868 -0.0810133 0.156817
v 0.035495 1.34631 1.81971 0.830496 0.75382 0.586589
vn 0.0397591 -0.375468 0.726791
v 0.0443653 0.91239 1.78788 0.875188 0.811169 0.671686
vn 0.00856333 -0.0808683 0.156536
v 0.145026 1.3165 1.80148 0.796048 0.705456 0.509355
vn 0.0434691 -0.410503 0.794609
v 0.0443967 0.91239 1.78788 0.875135 0.811095 0.671581
vn 0.00857868 -0.0810133 0.156817
v 0.0443857 0.912395 1.78788 0.875135 0.811095 0.671581
vn 0.00857868 -0.0810133 0.156817
v 0.245859 1.29872 1.78677 0.773559 0.67387 0.459926
vn 0.0463613 -0.437816 0.847478
v 0.329269 1.28938 1.77514 0.76372 0.659966 0.438916
vn 0.0477823 -0.451235 0.873454
v -1.62303 1.17403 1.80388 0.960999 0.940133 0.893988
vn 0.0367968 -0.347492 0.672639
v 0.437278 1.34235 1.79098 0.762734 0.658799 0.435497
vn 0.0482762 -0.455899 0.882482
v 0.543803 1.38863 1.80703 0.764191 0.661206 0.437346
vn 0.0483398 -0.4565 0.883645
v -1.58199 1.21437 1.8199 0.952986 0.927823 0.872187
vn 0.0343705 -0.32458 0.628287
v 0.620599 1.36103 1.79041 0.764879 0.662318 0.438448
vn 0.0483424 -0.456524 0.883691
v -1.50611 1.1862 1.80402 0.955268 0.931332 0.87845
vn 0.0351941 -0.332358 0.643343
v 0.719068 1.38174 1.79721 0.767843 0.667444 0.443591
vn 0.0483508 -0.456604 0.883846
v -1.40343 1.17083 1.79227 0.952756 0.927485 0.871864
vn 0.0350568 -0.331061 0.640834
v 0.823329 1.39406 1.80017 0.774109 0.678454 0.454702
vn 0.0483746 -0.456828 0.88428
v -1.3008 1.15732 1.78206 0.946934 0.918572 0.856639
vn 0.0348195 -0.32882 0.636495
v 0.924131 1.40913 1.80445 0.784026 0.695937 0.472329
vn 0.0484099 -0.457161 0.884925
v -1.20829 1.20748 1.80265 0.938884 0.906204 0.834714
vn 0.0323288 -0.305299 0.590965
v -1.08356 1.18765 1.79302 0.932752 0.896833 0.819054
vn 0.0330284 -0.311906 0.603754
v 1.02485 1.41938 1.80656 0.79576 0.716619 0.493182
vn 0.048452 -0.457559 0.885695
v -0.985999 1.19847 1.79709 0.930345 0.893125 0.812418
vn 0.0321208 -0.303334 0.587163
v -0.901631 1.20114 1.79625 0.929118 0.89121 0.808809
vn 0.0311827 -0.294476 0.570015
v 1.1135 1.43087 1.8097 0.80502 0.732932 0.50963
vn 0.048486 -0.457881 0.886318
v 1.22617 1.41172 1.79908 0.812367 0.7459 0.522683
vn 0.0485145 -0.45815 0.886839
v -0.774068 1.20427 1.79159 0.929008 0.89095 0.807469
vn 0.0288056 -0.272027 0.526562
v 1.34988 1.4501 1.81429 0.816091 0.752467 0.52929
vn 0.0485282 -0.458279 0.887089
v -0.682218 1.18282 1.77582 0.927206 0.888047 0.801266
vn 0.025469 -0.240518 0.46557
v -0.579476 1.22937 1.78894 0.929981 0.892289 0.808237
vn 0.0248252 -0.234439 0.453802
v 1.46646 1.42549 1.80374 0.81761 0.755252 0.531991
vn 0.0485362 -0.458355 0.887235
v -0.484981 1.27364 1.80441 0.932734 0.896615 0.816215
vn 0.0264092 -0.249397 0.482757
v 1.5808 1.40986 1.79958 0.817512 0.755293 0.531813
vn 0.0485401 -0.458391 0.887306
v -0.409595 1.25369 1.79215 0.929372 0.891524 0.80693
vn 0.0245254 -0.231607 0.448321
v 1.67181 1.38194 1.7929 0.815785 0.752683 0.528747
vn 0.0485422 -0.458411 0.887344
v -0.318517 1.2781 1.80118 0.923674 0.883655 0.794536
vn 0.0257627 -0.243292 0.470939
v 1.71275 1.38492 1.79589 0.816066 0.753152 0.529247
vn 0.0485427 -0.458416 0.887354
v -0.203937 1.28784 1.80315 0.904566 0.856919 0.751616
vn 0.0281079 -0.265439 0.513809
v -0.0817422 1.30693 1.80802 0.870593 0.809603 0.67602
vn 0.0333905 -0.315325 0.610373
v 0.0443857 0.91239 1.78787 0.875135 0.811095 0.671581
vn 0.00857868 -0.0810133 0.156817
v -1.61562 1.02646 1.73257 0.984756 0.976635 0.95869
vn 0.0441364 -0.416804 0.806807
v 1.65838 1.15754 1.69702 0.784235 0.703 0.472779
vn 0.0485413 -0.458403 0.887329
v -0.427491 1.12084 1.7285 0.916581 0.871325 0.768219
vn 0.0131597 -0.124275 0.240558
v 0.06321 1.05732 1.69833 0.80755 0.718515 0.536232
vn 0.0318953 -0.301205 0.583041
v 1.72151 1.16101 1.70585 0.784125 0.702865 0.472563
vn 0.0485417 -0.458406 0.887335
v -1.55128 1.02849 1.7306 0.981908 0.97227 0.951147
vn 0.0437868 -0.413503 0.800416
v -0.328499 1.13707 1.7343 0.912896 0.866318 0.76066
vn 0.0144021 -0.136007 0.263269
v 0.1342 1.04083 1.68529 0.777395 0.676315 0.475592
vn 0.0390859 -0.36911 0.714485
v -1.45167 1.02831 1.72579 0.974461 0.960865 0.931605
vn 0.0433187 -0.409083 0.79186
v -0.194793 1.11076 1.72171 0.893655 0.838959 0.71654
vn 0.0147716 -0.139496 0.270023
v 0.0288709 1.14663 1.7378 0.825889 0.745238 0.57451
vn 0.0319197 -0.301435 0.583487
v -1.63137 1.10381 1.77212 0.973496 0.959333 0.928002
vn 0.0406033 -0.38344 0.742223
v -0.0249983 1.06393 1.70359 0.84348 0.768562 0.609495
vn 0.0230256 -0.217443 0.420904
v 0.171011 1.12242 1.71686 0.776636 0.676244 0.472092
vn 0.041786 -0.394608 0.763842
v 0.0304297 1.25516 1.78229 0.830019 0.752401 0.584602
vn 0.0367087 -0.346661 0.671029
v -0.0827252 1.1086 1.72299 0.86486 0.798908 0.655349
vn 0.0208476 -0.196876 0.381092
v 0.280138 1.1584 1.71923 0.758436 0.651188 0.43321
vn 0.0467439 -0.441429 0.854471
v -1.58718 1.11818 1.77646 0.969349 0.952964 0.916752
vn 0.0394327 -0.372385 0.720824
v 0.147734 1.22586 1.76352 0.79155 0.698348 0.500702
vn 0.0418585 -0.395294 0.765168
v -1.48938 1.10469 1.76537 0.967181 0.949646 0.911111
vn 0.0394132 -0.372201 0.720467
v 0.338835 1.13473 1.69833 0.751712 0.641319 0.420142
vn 0.047907 -0.452413 0.875733
v 0.258068 1.2203 1.75102 0.767274 0.664318 0.448977
vn 0.0461363 -0.435691 0.843366
v -1.35856 1.02418 1.72004 0.962654 0.942793 0.900794
vn 0.0430037 -0.406108 0.786102
v 0.369731 1.21869 1.7371 0.757817 0.650845 0.429026
vn 0.0479908 -0.453204 0.877266
v -1.3742 1.09488 1.75526 0.959019 0.937148 0.889716
vn 0.038961 -0.36793 0.712201
v 0.930703 1.14908 1.69445 0.776745 0.681984 0.459317
vn 0.0484755 -0.457781 0.886124
v -1.28087 1.06084 1.73649 0.948627 0.921276 0.863255
vn 0.0403123 -0.380691 0.736902
v 0.506789 1.24329 1.73719 0.759159 0.652846 0.429452
vn 0.0483595 -0.456686 0.884006
v -1.29366 1.11049 1.75992 0.949123 0.921972 0.86331
vn 0.0372517 -0.351788 0.680955
v 0.539957 1.32894 1.77822 0.763054 0.659316 0.43554
vn 0.0483493 -0.456589 0.883818
v 1.03842 0.995602 1.66119 0.78714 0.700833 0.480982
vn 0.0485369 -0.458361 0.887248
v -1.20493 1.12363 1.76522 0.938918 0.906337 0.8364
vn 0.0362909 -0.342716 0.663393
v -0.941351 0.9413 1.69192 0.900992 0.848215 0.738277
vn 0.0381331 -0.360112 0.697068
v 1.06035 1.0253 1.66979 0.791286 0.708388 0.488237
vn 0.0485354 -0.458347 0.88722
v -1.09926 1.1044 1.758 0.927785 0.889308 0.807687
vn 0.0368726 -0.348209 0.674026
v 0.612876 1.22007 1.71996 0.760461 0.654425 0.430796
vn 0.0483836 -0.456914 0.884446
v -0.867434 0.932177 1.68779 0.899337 0.845464 0.731497
vn 0.032603 -0.307888 0.595977
v -0.991 1.12652 1.76824 0.923751 0.883064 0.796165
vn 0.0344185 -0.325033 0.629164
v -1.1627 1.03459 1.72583 0.929511 0.892038 0.813893
vn 0.0411318 -0.388431 0.751883
v -1.05473 1.05346 1.73793 0.91873 0.875478 0.784928
vn 0.0388806 -0.367172 0.710732
v -0.956972 1.03393 1.73091 0.911584 0.86443 0.765173
vn 0.0362882 -0.34269 0.663343
v 0.678101 1.2557 1.73647 0.763814 0.660134 0.436361
vn 0.0483675 -0.456762 0.884151
v -0.827973 1.00246 1.71192 0.907536 0.857903 0.751033
vn 0.0282877 -0.267137 0.517096
v -0.865351 1.11298 1.7599 0.919849 0.876952 0.784502
vn 0.0310506 -0.293228 0.567601
v 0.607452 1.28983 1.75578 0.76311 0.65924 0.435468
vn 0.0483562 -0.456655 0.883944
v -0.748172 1.10973 1.75021 0.919461 0.876129 0.780905
vn 0.0252484 -0.238435 0.461537
v 0.700288 1.31164 1.76392 0.766207 0.664467 0.440644
vn 0.0483566 -0.456659 0.883952
v -0.707349 1.03727 1.71337 0.912038 0.864444 0.758481
vn 0.0185713 -0.175379 0.33948
v -0.635636 1.11164 1.73926 0.919589 0.876077 0.778456
vn 0.019037 -0.179777 0.347993
v 0.76935 1.24738 1.73172 0.767673 0.666663 0.443007
vn 0.0483895 -0.456969 0.884552
v -0.644158 1.04396 1.70796 0.912938 0.865642 0.758769
vn 0.0139596 -0.131828 0.255179
v -0.513495 1.13971 1.74229 0.920978 0.878141 0.781181
vn 0.0169382 -0.159957 0.309628
v 0.9146 1.22004 1.72136 0.779295 0.686959 0.463818
vn 0.0484458 -0.4575 0.885582
v -0.480815 1.21933 1.77863 0.928648 0.890186 0.80396
vn 0.0229488 -0.216719 0.419501
v 0.809263 1.31642 1.76449 0.772281 0.675044 0.451361
vn 0.0483825 -0.456904 0.884426
v -0.415777 1.18345 1.75886 0.923184 0.881749 0.788201
vn 0.0190305 -0.179715 0.347874
v 0.921365 1.33137 1.76929 0.782999 0.693966 0.470452
vn 0.0484188 -0.457245 0.885088
v -0.340212 1.21491 1.77197 0.922164 0.880712 0.787576
vn 0.0212798 -0.200957 0.388992
v -0.244454 1.20714 1.76706 0.908297 0.861053 0.755525
vn 0.021631 -0.204274 0.395412
v 1.03361 1.28754 1.74792 0.795558 0.71607 0.492881
vn 0.0484702 -0.457731 0.886029
v -0.104185 1.20292 1.76406 0.873204 0.811971 0.677924
vn 0.0265965 -0.251166 0.486181
v 1.15215 1.27007 1.73808 0.807268 0.736908 0.513842
vn 0.0485092 -0.4581 0.886741
v 1.00803 1.35922 1.77972 0.793574 0.712704 0.489283
vn 0.0484491 -0.457532 0.885643
v 1.11652 1.3556 1.77587 0.80508 0.733006 0.509755
vn 0.0484905 -0.457923 0.886399
v 1.26607 1.26153 1.73231 0.811747 0.745279 0.521849
vn 0.048529 -0.458287 0.887103
v 1.39595 1.24774 1.72579 0.80885 0.741306 0.516674
vn 0.0485376 -0.458368 0.887261
v 1.22641 1.32685 1.76122 0.81273 0.746603 0.52339
vn 0.0485201 -0.458202 0.88694
v 1.35007 1.34873 1.77045 0.815404 0.751555 0.528125
vn 0.0485329 -0.458323 0.887174
v 1.5152 1.26515 1.7378 0.808196 0.740621 0.51534
vn 0.0485408 -0.458398 0.887319
v 1.59913 1.22755 1.72605 0.799425 0.726896 0.499752
vn 0.0485418 -0.458407 0.887337
v 1.4886 1.33552 1.76691 0.815033 0.751347 0.527445
vn 0.0485398 -0.458388 0.8873
v 1.59327 1.3206 1.76548 0.812426 0.747388 0.522795
vn 0.0485421 -0.45841 0.887342
v 1.68804 1.22814 1.7356 0.79742 0.723816 0.496159
vn 0.0485426 -0.458415 0.887351
v 1.72936 1.21215 1.73199 0.793939 0.718342 0.489978
vn 0.0485425 -0.458414 0.88735
v 1.66149 1.29527 1.76068 0.808453 0.74119 0.515739
vn 0.048543 -0.458419 0.887359
v 1.70643 1.30382 1.76708 0.808214 0.740829 0.515312
vn 0.0485432 -0.458421 0.887363
v 0.0551524 1.56037 1.90711 0.816945 0.735154 0.556435
vn 0.042607 -0.402362 0.77885
v -1.62167 1.45584 1.92366 0.937258 0.903661 0.829389
vn 0.029599 -0.27952 0.541065
v 1.59485 1.72642 1.91001 0.798552 0.721555 0.498149
vn 0.0484609 -0.457644 0.885859
v 0.111949 1.54178 1.89706 0.798249 0.70898 0.514053
vn 0.0446599 -0.421749 0.816377
v 0.211948 1.58583 1.90827 0.779677 0.682979 0.471956
vn 0.0466989 -0.441004 0.85365
v 1.66529 1.74703 1.9137 0.795531 0.716237 0.492785
vn 0.0484495 -0.457536 0.88565
v -1.58519 1.42851 1.9113 0.937448 0.903953 0.829907
vn 0.0296564 -0.280062 0.542115
v 1.70228 1.77721 1.92007 0.790625 0.707603 0.484075
vn 0.048431 -0.457361 0.885312
v 0.317595 1.6387 1.92384 0.767857 0.666431 0.445159
vn 0.0479971 -0.453263 0.87738
v -1.50912 1.41397 1.90279 0.937433 0.903929 0.829864
vn 0.0296517 -0.280018 0.542029
v 0.398139 1.63181 1.91802 0.765301 0.662852 0.439367
vn 0.0482775 -0.455912 0.882506
v -1.41098 1.39834 1.89287 0.937409 0.903893 0.8298
vn 0.0296446 -0.279951 0.541899
v 0.498062 1.61638 1.90782 0.764954 0.6624 0.438538
vn 0.048326 -0.456369 0.883392
v -1.30668 1.37153 1.87786 0.937363 0.903822 0.829681
vn 0.029649 -0.279992 0.54198
v 0.60173 1.58364 1.89085 0.765561 0.663494 0.43958
vn 0.0483364 -0.456468 0.883582
v -1.19928 1.40718 1.89006 0.936783 0.902931 0.828112
vn 0.0294954 -0.278541 0.539171
v 0.725186 1.61459 1.89855 0.768248 0.668221 0.444348
vn 0.0483465 -0.456563 0.883767
v -1.09831 1.43683 1.89983 0.936712 0.902823 0.827921
vn 0.029478 -0.278377 0.538854
v 0.842531 1.62571 1.89949 0.773938 0.678235 0.454449
vn 0.048368 -0.456766 0.884159
v -1.0242 1.46819 1.91079 0.93674 0.902865 0.827987
vn 0.0294619 -0.278225 0.538559
v -0.926466 1.48638 1.91476 0.936719 0.902833 0.827936
vn 0.0294687 -0.27829 0.538684
v 0.947274 1.63103 1.89841 0.781692 0.691882 0.468216
vn 0.0483973 -0.457042 0.884695
v -0.843862 1.51159 1.92243 0.936766 0.902905 0.82805
vn 0.0294502 -0.278115 0.538346
v 1.05059 1.63828 1.89776 0.789158 0.705022 0.481472
vn 0.0484255 -0.457309 0.88521
v 1.15535 1.64692 1.89753 0.794146 0.713801 0.490327
vn 0.0484443 -0.457487 0.885555
v -0.760657 1.52749 1.92536 0.936766 0.902905 0.82805
vn 0.0294502 -0.278115 0.538346
v 1.2551 1.6608 1.89926 0.795882 0.716854 0.493408
vn 0.0484509 -0.457549 0.885675
v -0.660908 1.49156 1.90707 0.936757 0.902892 0.828025
vn 0.0294431 -0.278048 0.538215
v 1.32941 1.68547 1.90517 0.794751 0.714865 0.491401
vn 0.0484466 -0.457508 0.885597
v -0.538163 1.4857 1.89964 0.936423 0.902416 0.827235
vn 0.0294371 -0.277991 0.538106
v -0.404776 1.50881 1.9043 0.933762 0.89869 0.821203
vn 0.0297319 -0.280775 0.543495
v 1.42983 1.69412 1.90395 0.797661 0.719986 0.496567
vn 0.0484576 -0.457612 0.885798
v 1.52965 1.70136 1.90449 0.80122 0.726249 0.502885
vn 0.048471 -0.457739 0.886043
v -0.287592 1.52473 1.90641 0.923663 0.884554 0.79832
vn 0.0308508 -0.291342 0.563948
v -0.167506 1.54123 1.90825 0.899001 0.85003 0.742429
vn 0.0335796 -0.317111 0.61383
v -0.0398354 1.56456 1.91226 0.856135 0.790021 0.64527
vn 0.0383008 -0.361696 0.700134
v 0.0443857 0.91239 1.7879 0.875135 0.811095 0.671581
vn 0.00857868 -0.0810133 0.156817
v 0.0366743 1.42932 1.85433 0.829052 0.752053 0.583753
vn 0.0410335 -0.387503 0.750087
v 1.56446 1.59475 1.86915 0.81385 0.748478 0.525308
vn 0.0485188 -0.45819 0.886916
v 0.145721 1.40411 1.83815 0.796665 0.706667 0.510462
vn 0.0444953 -0.420194 0.813368
v 1.62945 1.57867 1.86257 0.814922 0.750372 0.527211
vn 0.0485229 -0.458229 0.886993
v -1.61203 1.27436 1.84701 0.946517 0.917885 0.854581
vn 0.0324009 -0.305979 0.592283
v 0.25293 1.38301 1.82275 0.775666 0.677212 0.463322
vn 0.046829 -0.442232 0.856027
v 1.59094 1.65104 1.88788 0.809032 0.739999 0.516755
vn 0.0485005 -0.458018 0.886583
v 0.330374 1.35337 1.80415 0.766434 0.664174 0.443178
vn 0.0478742 -0.452103 0.875134
v 1.6567 1.65964 1.88897 0.807577 0.737438 0.514172
vn 0.048495 -0.457966 0.886482
v -1.57039 1.28543 1.85024 0.943578 0.913369 0.846583
vn 0.0315104 -0.297571 0.576006
v 1.68434 1.5732 1.85991 0.81407 0.748892 0.5257
vn 0.0485201 -0.458202 0.88694
v 0.0387219 1.50416 1.88533 0.824995 0.746421 0.574671
vn 0.041706 -0.393853 0.762379
v -1.50603 1.26513 1.8389 0.944923 0.915436 0.850249
vn 0.0319318 -0.30155 0.583709
v 0.134915 1.48728 1.87346 0.796411 0.706398 0.509879
vn 0.0448256 -0.423313 0.819406
v -1.61803 1.37148 1.88841 0.939441 0.907014 0.835327
vn 0.0302588 -0.285751 0.553126
v 0.26092 1.48722 1.86667 0.775124 0.676584 0.4617
vn 0.0471582 -0.445341 0.862045
v -1.58027 1.34893 1.87765 0.939727 0.907454 0.836107
vn 0.0303453 -0.286568 0.554709
v 1.69528 1.68694 1.89603 0.803571 0.730387 0.507059
vn 0.0484799 -0.457823 0.886206
v 0.313142 1.57565 1.90057 0.768277 0.667018 0.446116
vn 0.0479503 -0.452822 0.876525
v -1.50577 1.33892 1.87073 0.939462 0.907047 0.835386
vn 0.0302653 -0.285812 0.553245
v 0.380711 1.44287 1.84084 0.766497 0.664441 0.442491
vn 0.0480768 -0.454016 0.878837
v -1.41143 1.24667 1.82684 0.944859 0.915341 0.850128
vn 0.032044 -0.302609 0.585759
v 0.508469 1.44649 1.8357 0.764572 0.661792 0.438024
vn 0.0483225 -0.456336 0.883328
v -1.31075 1.22722 1.8142 0.94277 0.912143 0.84467
vn 0.0319697 -0.301908 0.584401
v 0.388165 1.54707 1.88538 0.76618 0.664075 0.4414
vn 0.0481759 -0.454952 0.880649
v -1.41131 1.32228 1.86003 0.939615 0.907282 0.835807
vn 0.0303249 -0.286375 0.554335
v 0.491074 1.52777 1.87247 0.764983 0.662421 0.438682
vn 0.0483118 -0.456235 0.883132
v -1.31211 1.29796 1.84576 0.93918 0.906616 0.834673
vn 0.0303163 -0.286293 0.554177
v 0.6282 1.4407 1.82785 0.765684 0.663723 0.439825
vn 0.0483388 -0.45649 0.883626
v 0.737831 1.44486 1.82604 0.768849 0.669261 0.445403
vn 0.0483502 -0.456598 0.883834
v -1.23104 1.26962 1.83068 0.938216 0.905145 0.832239
vn 0.0304946 -0.287977 0.557436
v 0.583474 1.509 1.86047 0.76526 0.662974 0.439061
vn 0.0483359 -0.456463 0.883573
v -1.13132 1.27294 1.83003 0.936176 0.902025 0.826974
vn 0.0305859 -0.28884 0.559106
v 0.701278 1.5197 1.86051 0.767966 0.667724 0.443847
vn 0.0483456 -0.456555 0.883751
v -1.20942 1.33143 1.85743 0.937058 0.903358 0.828937
vn 0.0297671 -0.281107 0.544138
v 0.823343 1.46841 1.83409 0.774582 0.679354 0.455582
vn 0.0483715 -0.456799 0.884224
v -1.09794 1.35515 1.86489 0.936371 0.902306 0.827133
vn 0.0297187 -0.28065 0.543254
v 0.929239 1.48199 1.83708 0.784611 0.697011 0.473392
vn 0.0484088 -0.457151 0.884906
v -0.9818 1.28425 1.83192 0.934345 0.899218 0.822179
vn 0.0305156 -0.288176 0.557821
v 0.82466 1.54704 1.86825 0.774509 0.67924 0.455463
vn 0.0483702 -0.456787 0.884201
v -0.828067 1.28523 1.82743 0.934001 0.898667 0.820981
vn 0.0298206 -0.281613 0.545117
v 0.936288 1.55705 1.86915 0.784012 0.695964 0.472334
vn 0.048406 -0.457125 0.884855
v -0.993971 1.40003 1.88109 0.936407 0.902358 0.82718
vn 0.0296088 -0.279613 0.541245
v -0.860245 1.38599 1.87072 0.936204 0.902047 0.826655
vn 0.0296185 -0.279705 0.541423
v 1.0342 1.4893 1.83746 0.796035 0.717122 0.493678
vn 0.0484516 -0.457555 0.885688
v -0.825399 1.46698 1.90353 0.936722 0.902837 0.827941
vn 0.0294663 -0.278267 0.53864
v 1.14054 1.49155 1.83575 0.80563 0.734013 0.510715
vn 0.0484878 -0.457897 0.886349
v 1.04417 1.56218 1.8681 0.794212 0.713916 0.490443
vn 0.0484445 -0.457489 0.885559
v 1.15183 1.56831 1.86752 0.801984 0.727595 0.504242
vn 0.0484739 -0.457766 0.886096
v -0.727891 1.28429 1.82235 0.934367 0.899205 0.821641
vn 0.0291457 -0.27524 0.53278
v 1.24886 1.50095 1.83738 0.811428 0.744218 0.521008
vn 0.0485097 -0.458104 0.88675
v -0.677686 1.2472 1.80346 0.932398 0.896123 0.815891
vn 0.0278068 -0.262596 0.508305
v 1.33682 1.52519 1.84569 0.813027 0.747032 0.523848
vn 0.0485157 -0.458161 0.88686
v -0.737236 1.35594 1.85318 0.936062 0.901821 0.826193
vn 0.029413 -0.277763 0.537665
v 1.25639 1.58091 1.86969 0.805753 0.734227 0.510933
vn 0.0484881 -0.457901 0.886356
v -0.63069 1.32197 1.83333 0.935143 0.900374 0.823409
vn 0.0285613 -0.26972 0.522097
v 1.36544 1.60379 1.87525 0.806264 0.735127 0.511841
vn 0.0484901 -0.457919 0.886392
v -0.529741 1.31306 1.82447 0.934619 0.899563 0.821805
vn 0.0279456 -0.263906 0.510841
v 1.43293 1.51393 1.83966 0.815196 0.750859 0.527698
vn 0.0485241 -0.45824 0.887013
v -0.426341 1.33031 1.82818 0.932828 0.897042 0.817644
vn 0.027934 -0.263797 0.51063
v -0.745858 1.43978 1.88908 0.936681 0.902775 0.827832
vn 0.0294592 -0.2782 0.53851
v -0.639281 1.41578 1.8745 0.936557 0.90258 0.827455
vn 0.0293396 -0.27707 0.536324
v 1.55363 1.5123 1.83848 0.816963 0.753998 0.530835
vn 0.0485313 -0.458309 0.887146
v 1.48425 1.59165 1.8686 0.811237 0.74388 0.52067
vn 0.0485089 -0.458097 0.886735
v -0.529114 1.38573 1.85683 0.935934 0.901647 0.825781
vn 0.0290527 -0.274361 0.53108
v 1.65161 1.48572 1.82934 0.817753 0.755479 0.532239
vn 0.0485361 -0.458354 0.887234
v -0.415965 1.42128 1.86807 0.933662 0.898482 0.820689
vn 0.0293616 -0.277278 0.536726
v 1.69975 1.45812 1.82054 0.817738 0.755562 0.532212
vn 0.0485383 -0.458374 0.887273
v -0.306243 1.35703 1.83645 0.924385 0.88525 0.79866
vn 0.0290265 -0.274114 0.5306
v -0.188967 1.37189 1.83931 0.90367 0.856303 0.752006
vn 0.031643 -0.298823 0.57843
v -0.0734012 1.3929 1.84394 0.869253 0.808234 0.674508
vn 0.0360833 -0.340754 0.659597
v 1.52455 1.64595 1.88737 0.808185 0.738507 0.51525
vn 0.0484973 -0.457987 0.886524
v -0.297175 1.44018 1.87209 0.924482 0.885639 0.799922
vn 0.0304186 -0.28726 0.556048
v -0.180881 1.45465 1.87393 0.902345 0.85467 0.74984
vn 0.0329773 -0.311423 0.60282
v -0.0654158 1.4756 1.87798 0.865668 0.803349 0.666812
vn 0.0371576 -0.3509 0.679236
v -1.63538 1.77226 2.03609 0.936766 0.902905 0.82805
vn 0.0294502 -0.278115 0.538346
v 0.0409667 1.93351 2.01582 0.840321 0.767881 0.609424
vn 0.0400403 -0.378123 0.73193
v -0.407746 1.84046 2.01437 0.936004 0.901838 0.826324
vn 0.0295339 -0.278905 0.539875
v 0.127315 1.92419 2.01022 0.807649 0.722139 0.535361
vn 0.0436278 -0.412002 0.79751
v -0.295744 1.84817 2.01214 0.932177 0.89648 0.817647
vn 0.0299542 -0.282874 0.547558
v -1.59444 1.74907 2.02879 0.936766 0.902905 0.82805
vn 0.0294502 -0.278115 0.538346
v 0.18399 1.93887 2.01088 0.789531 0.696774 0.494291
vn 0.0456172 -0.430789 0.833876
v -0.189572 1.86027 2.01094 0.92113 0.881014 0.792605
vn 0.0311672 -0.294329 0.569732
v -1.51301 1.72556 2.02029 0.936766 0.902905 0.82805
vn 0.0294502 -0.278115 0.538346
v -0.111948 1.88006 2.01231 0.90584 0.859609 0.757947
vn 0.032846 -0.310183 0.60042
v -1.41818 1.68946 2.00674 0.936766 0.902905 0.82805
vn 0.0294502 -0.278115 0.538346
v -0.0327268 1.88738 2.00968 0.874084 0.81515 0.685961
vn 0.0363329 -0.343112 0.664161
v -1.30055 1.71461 2.01152 0.936766 0.902905 0.82805
vn 0.0294502 -0.278115 0.538346
v -1.18702 1.72975 2.01296 0.936766 0.902905 0.82805
vn 0.0294502 -0.278115 0.538346
v -1.0791 1.7406 2.01254 0.936766 0.902905 0.82805
vn 0.0294502 -0.278115 0.538346
v -0.97016 1.74951 2.0115 0.936766 0.902905 0.82805
vn 0.0294502 -0.278115 0.538346
v -0.866864 1.76105 2.01159 0.936766 0.902905 0.82805
vn 0.0294502 -0.278115 0.538346
v -0.770414 1.77198 2.01126 0.936766 0.902905 0.82805
vn 0.0294502 -0.278115 0.538346
v -0.694815 1.78901 2.01298 0.936766 0.902905 0.82805
vn 0.0294502 -0.278115 0.538346
v -0.600396 1.78661 2.00774 0.936766 0.902905 0.82805
vn 0.0294502 -0.278115 0.538346
v -0.512864 1.82725 2.01516 0.93673 0.902855 0.827969
vn 0.0294542 -0.278152 0.538418
v -1.62325 1.53732 1.95655 0.936812 0.902975 0.828175
vn 0.0294641 -0.278246 0.538599
v 0.0498319 1.62252 1.9297 0.823913 0.74491 0.572231
vn 0.0418419 -0.395136 0.764863
v 1.59601 1.8089 1.93053 0.785295 0.698224 0.474614
vn 0.0484109 -0.457171 0.884944
v -0.143512 1.64109 1.94421 0.896064 0.845922 0.735785
vn 0.0339195 -0.32032 0.620043
v 0.11745 1.59501 1.91687 0.797765 0.708302 0.512956
vn 0.0447131 -0.422251 0.817349
v 1.67252 1.82784 1.93251 0.782516 0.693332 0.469679
vn 0.0484004 -0.457072 0.884752
v -0.0323215 1.64674 1.94172 0.858412 0.793209 0.650435
vn 0.0380538 -0.359363 0.695617
v -1.5881 1.50882 1.94434 0.936843 0.903023 0.82826
vn 0.0294735 -0.278335 0.538772
v 1.71007 1.85363 1.93653 0.778499 0.686263 0.462548
vn 0.0483852 -0.456929 0.884474
v 0.0462927 1.71198 1.95878 0.832755 0.757288 0.592272
vn 0.0408711 -0.385968 0.747117
v -0.159233 1.72999 1.97421 0.907995 0.862625 0.76283
vn 0.0326094 -0.307949 0.596096
v -1.51317 1.49235 1.9355 0.936847 0.903029 0.828271
vn 0.0294748 -0.278347 0.538794
v 0.158867 1.68513 1.94487 0.794513 0.703749 0.505584
vn 0.0450701 -0.425623 0.823876
v -0.0629661 1.72248 1.96718 0.875916 0.817714 0.690112
vn 0.0361318 -0.341213 0.660485
v -1.62417 1.61766 1.987 0.936766 0.902905 0.82805
vn 0.0294502 -0.278115 0.538346
v 1.36521 1.79886 1.93573 0.781245 0.691095 0.467423
vn 0.0483956 -0.457026 0.884664
v 0.285064 1.70118 1.94515 0.772413 0.67281 0.455488
vn 0.0474968 -0.448538 0.868234
v 1.4903 1.78465 1.92753 0.787317 0.701781 0.478203
vn 0.0484185 -0.457243 0.885083
v -0.223294 1.78785 1.99378 0.923276 0.884018 0.79747
vn 0.0309315 -0.292104 0.565424
v 0.0251951 1.81531 1.98902 0.846834 0.777 0.624189
vn 0.0393251 -0.371369 0.718857
v -1.58933 1.58841 1.9755 0.936766 0.902905 0.82805
vn 0.0294502 -0.278115 0.538346
v 1.40007 1.86425 1.9499 0.774131 0.678575 0.454793
vn 0.0483687 -0.456773 0.884173
v 0.141415 1.79731 1.97877 0.80444 0.717647 0.528088
vn 0.0439801 -0.415329 0.80395
v -0.107249 1.8123 1.99489 0.897342 0.847711 0.738682
vn 0.0337792 -0.318996 0.617478
v 1.51278 1.86677 1.94592 0.775519 0.681018 0.457257
vn 0.0483739 -0.456822 0.884269
v -1.51868 1.56932 1.96644 0.936766 0.902905 0.82805
vn 0.0294502 -0.278115 0.538346
v -0.443182 1.76618 1.99623 0.936249 0.90218 0.826877
vn 0.0295071 -0.278652 0.539385
v 0.258491 1.79427 1.97324 0.778349 0.681119 0.468943
vn 0.046845 -0.442384 0.85632
v -0.332935 1.77362 1.99414 0.933169 0.897868 0.819895
vn 0.0298453 -0.281845 0.545567
v 1.61287 1.8766 1.94441 0.774662 0.67951 0.455735
vn 0.0483707 -0.456792 0.884209
v 0.391606 1.71174 1.94515 0.765865 0.663641 0.440643
vn 0.0482158 -0.455329 0.881379
v 0.0599725 1.89372 2.0067 0.83385 0.758822 0.594756
vn 0.0407508 -0.384832 0.744918
v 0.498516 1.7078 1.93978 0.76488 0.662281 0.438386
vn 0.0483297 -0.456404 0.88346
v 1.44174 1.89938 1.95575 0.770175 0.671612 0.447768
vn 0.0483537 -0.456632 0.8839
v -1.41369 1.47635 1.92585 0.936841 0.90302 0.828254
vn 0.0294729 -0.278329 0.53876
v 1.54986 1.90275 1.95189 0.770482 0.672153 0.448314
vn 0.0483549 -0.456642 0.883921
v 0.374347 1.7949 1.96992 0.767487 0.665912 0.44432
vn 0.0480377 -0.453647 0.878123
v 1.64276 1.91015 1.94965 0.769775 0.670909 0.447059
vn 0.0483522 -0.456617 0.883872
v -1.30523 1.44879 1.91093 0.936842 0.903021 0.828256
vn 0.0294732 -0.278332 0.538765
v -1.42219 1.55547 1.95818 0.936766 0.902905 0.82805
vn 0.0294502 -0.278115 0.538346
v 0.48549 1.7951 1.96645 0.765024 0.662465 0.438736
vn 0.0483085 -0.456204 0.883072
v 1.68662 1.89029 1.9444 0.772824 0.676275 0.452472
vn 0.0483638 -0.456726 0.884083
v -1.3099 1.52985 1.94449 0.936766 0.902905 0.82805
vn 0.0294502 -0.278115 0.538346
v 0.120032 1.87101 1.9988 0.811613 0.727689 0.544347
vn 0.0431925 -0.407891 0.789553
v 1.72144 1.90739 1.94618 0.770569 0.672306 0.448468
vn 0.0483552 -0.456646 0.883927
v -1.19939 1.48527 1.92303 0.936766 0.902905 0.82805
vn 0.0294502 -0.278115 0.538346
v 0.225171 1.89043 1.99885 0.784088 0.689154 0.481953
vn 0.0462148 -0.436433 0.844801
v 1.70578 1.92084 1.94912 0.768602 0.668845 0.444977
vn 0.0483478 -0.456575 0.883791
v -1.1029 1.50959 1.93019 0.936766 0.902905 0.82805
vn 0.0294502 -0.278115 0.538346
v -1.20228 1.56568 1.95545 0.936766 0.902905 0.82805
vn 0.0294502 -0.278115 0.538346
v 0.252641 1.93115 2.00707 0.775817 0.677574 0.463202
vn 0.0471231 -0.44501 0.861403
v 1.72986 1.92861 1.94951 0.767757 0.667358 0.443477
vn 0.0483446 -0.456545 0.883733
v -1.09724 1.58163 1.95838 0.936766 0.902905 0.82805
vn 0.0294502 -0.278115 0.538346
v -1.02412 1.523 1.93314 0.936766 0.902905 0.82805
vn 0.0294502 -0.278115 0.538346
v 0.350498 1.87156 1.99059 0.769419 0.668617 0.448699
vn 0.0478256 -0.451644 0.874245
v -0.993587 1.58114 1.95454 0.936766 0.902905 0.82805
vn 0.0294502 -0.278115 0.538346
v 0.46339 1.86646 1.98608 0.765418 0.663015 0.439629
vn 0.0482649 -0.455793 0.882276
v -0.872975 1.58072 1.95003 0.936766 0.902905 0.82805
vn 0.0294502 -0.278115 0.538346
v 0.321778 1.91456 2.0016 0.770392 0.66998 0.450907
vn 0.0477187 -0.450634 0.872291
v -1.62722 1.69696 2.01395 0.936766 0.902905 0.82805
vn 0.0294502 -0.278115 0.538346
v 0.426024 1.90399 1.99633 0.766027 0.663869 0.441011
vn 0.048198 -0.455161 0.881053
v -1.58964 1.66804 2.00386 0.936766 0.902905 0.82805
vn 0.0294502 -0.278115 0.538346
v -1.5181 1.64491 1.9944 0.936766 0.902905 0.82805
vn 0.0294502 -0.278115 0.538346
v 0.629306 1.68935 1.92854 0.765553 0.663479 0.439564
vn 0.0483363 -0.456467 0.88358
v -1.44256 1.62045 1.98376 0.936766 0.902905 0.82805
vn 0.0294502 -0.278115 0.538346
v -1.3265 1.62244 1.98063 0.936766 0.902905 0.82805
vn 0.0294502 -0.278115 0.538346
v 0.772384 1.69967 1.92789 0.768265 0.66825 0.444377
vn 0.0483465 -0.456563 0.883768
v 0.602153 1.79085 1.96115 0.764928 0.662379 0.438454
vn 0.0483339 -0.456444 0.883537
v -1.19774 1.64897 1.98636 0.936766 0.902905 0.82805
vn 0.0294502 -0.278115 0.538346
v 0.728885 1.78446 1.95529 0.765845 0.663992 0.440082
vn 0.0483374 -0.456477 0.883601
v -1.08615 1.65926 1.98632 0.936766 0.902905 0.82805
vn 0.0294502 -0.278115 0.538346
v 0.871385 1.6892 1.92188 0.773035 0.676645 0.452846
vn 0.0483645 -0.456734 0.884097
v -0.976075 1.66503 1.98441 0.936766 0.902905 0.82805
vn 0.0294502 -0.278115 0.538346
v 0.956096 1.7043 1.92427 0.77734 0.684223 0.46049
vn 0.0483808 -0.456887 0.884394
v -0.869011 1.68098 1.98629 0.936766 0.902905 0.82805
vn 0.0294502 -0.278115 0.538346
v 0.863605 1.76742 1.94658 0.769236 0.669961 0.446103
vn 0.0483502 -0.456598 0.883835
v 0.972048 1.76674 1.94339 0.773037 0.67665 0.452851
vn 0.0483646 -0.456734 0.884097
v -0.761911 1.62982 1.96419 0.936766 0.902905 0.82805
vn 0.0294502 -0.278115 0.538346
v 0.576594 1.86419 1.98196 0.764819 0.662181 0.438269
vn 0.0483316 -0.456422 0.883494
v -0.627875 1.58571 1.94223 0.936766 0.902905 0.82805
vn 0.0294502 -0.278115 0.538346
v 0.695567 1.85986 1.97704 0.764963 0.66244 0.438516
vn 0.0483341 -0.456446 0.88354
v -0.495353 1.57385 1.933 0.936337 0.902304 0.827077
vn 0.0294974 -0.27856 0.539208
v 0.536745 1.89984 1.99211 0.764899 0.662289 0.438454
vn 0.0483219 -0.45633 0.883317
v -0.392033 1.59888 1.93865 0.933474 0.898296 0.820587
vn 0.0298117 -0.281529 0.544954
v 0.652241 1.89686 1.98779 0.764807 0.662165 0.438239
vn 0.0483335 -0.45644 0.883529
v -0.271515 1.61361 1.93962 0.922496 0.882927 0.795703
vn 0.0310171 -0.292912 0.566988
v 0.824361 1.84901 1.97017 0.765862 0.664022 0.440112
vn 0.0483375 -0.456478 0.883602
v 0.948938 1.82915 1.96107 0.768299 0.66831 0.444438
vn 0.0483467 -0.456565 0.88377
v -0.78483 1.70845 1.99267 0.936766 0.902905 0.82805
vn 0.0294502 -0.278115 0.538346
v 0.77933 1.89039 1.98212 0.765006 0.662516 0.438592
vn 0.0483342 -0.456447 0.883543
v -0.676172 1.70733 1.98714 0.936766 0.902905 0.82805
vn 0.0294502 -0.278115 0.538346
v 0.938609 1.88032 1.97408 0.76589 0.664072 0.440162
vn 0.0483376 -0.456479 0.883604
v -0.514793 1.68506 1.97313 0.936431 0.902435 0.82729
vn 0.0294871 -0.278463 0.539019
v -0.369286 1.68945 1.96964 0.93332 0.89808 0.820238
vn 0.0298286 -0.281689 0.545263
v -0.5176 1.76873 2.00008 0.936753 0.902887 0.828022
vn 0.0294516 -0.278128 0.538372
v 1.05553 1.71398 1.92402 0.781675 0.691852 0.468186
vn 0.0483972 -0.457042 0.884694
v 1.15533 1.72593 1.92407 0.784019 0.695977 0.472348
vn 0.048406 -0.457125 0.884856
v -0.25198 1.7034 1.96975 0.923526 0.884369 0.798038
vn 0.030904 -0.291844 0.564921
v 1.05577 1.78859 1.94631 0.773995 0.678336 0.454551
vn 0.0483682 -0.456768 0.884163
v 1.15819 1.80258 1.94585 0.775 0.680104 0.456335
vn 0.048372 -0.456804 0.884233
v 1.24977 1.73763 1.92419 0.785002 0.697707 0.474092
vn 0.0484098 -0.45716 0.884923
v 1.32886 1.74478 1.92321 0.78654 0.700414 0.476823
vn 0.0484156 -0.457215 0.88503
v 1.26014 1.80789 1.94287 0.776697 0.683091 0.459349
vn 0.0483784 -0.456864 0.88435
v 1.05862 1.85571 1.96349 0.768501 0.668667 0.444798
vn 0.0483474 -0.456572 0.883784
v 1.1753 1.86623 1.96086 0.769304 0.670079 0.446222
vn 0.0483505 -0.4566 0.883839
v 1.09262 1.89283 1.97072 0.766366 0.664909 0.441007
vn 0.0483394 -0.456496 0.883637
v 1.21526 1.89856 1.9663 0.767237 0.666442 0.442553
vn 0.0483426 -0.456527 0.883697
v 1.28686 1.8675 1.95587 0.77125 0.673504 0.449677
vn 0.0483578 -0.45667 0.883974
v 1.32926 1.89919 1.96091 0.768776 0.66915 0.445285
vn 0.0483485 -0.456582 0.883803
v 0.0304439 1.95204 2.01973 0.842788 0.771335 0.615017
vn 0.0397693 -0.375564 0.726978
v -0.364556 1.89852 2.02578 0.93493 0.900335 0.823889
vn 0.0296518 -0.280019 0.542031
v -1.64547 1.8239 2.04953 0.936766 0.902905 0.82805
vn 0.0294502 -0.278115 0.538346
v -0.251623 1.90228 2.02258 0.928354 0.891128 0.808981
vn 0.0303739 -0.286838 0.555231
v -0.149309 1.90843 2.01998 0.913425 0.870227 0.775139
vn 0.0320132 -0.302319 0.585197
v 0.10141 1.95128 2.01652 0.814648 0.731938 0.551227
vn 0.0428593 -0.404744 0.783461
v -1.60913 1.83077 2.05011 0.936766 0.902905 0.82805
vn 0.0294502 -0.278115 0.538346
v -0.419902 1.92478 2.03289 0.935833 0.901598 0.825934
vn 0.0295527 -0.279083 0.54022
v -1.5214 1.80878 2.04315 0.936766 0.902905 0.82805
vn 0.0294502 -0.278115 0.538346
v -0.310136 1.92447 2.02905 0.931481 0.895506 0.81607
vn 0.0300305 -0.283595 0.548954
v -1.39905 1.78159 2.03351 0.936766 0.902905 0.82805
vn 0.0294502 -0.278115 0.538346
v -1.27695 1.78348 2.03141 0.936766 0.902905 0.82805
vn 0.0294502 -0.278115 0.538346
v -0.194408 1.92643 2.02513 0.91754 0.875988 0.784467
vn 0.0315614 -0.298052 0.576937
v -0.0877364 1.9086 2.01746 0.898644 0.849534 0.741634
vn 0.0336361 -0.317645 0.614864
v -1.63784 1.86796 2.05921 0.936766 0.902905 0.82805
vn 0.0294502 -0.278115 0.538346
v -0.0636811 1.92884 2.01992 0.882842 0.827411 0.705814
vn 0.0353712 -0.334031 0.646581
v -1.60963 1.88939 2.06324 0.936766 0.902905 0.82805
vn 0.0294502 -0.278115 0.538346
v -1.53441 1.88281 2.06058 0.936766 0.902905 0.82805
vn 0.0294502 -0.278115 0.538346
v -1.62449 1.90269 2.06628 0.936766 0.902905 0.82805
vn 0.0294502 -0.278115 0.538346
v -1.58132 1.91211 2.06752 0.936766 0.902905 0.82805
vn 0.0294502 -0.278115 0.538346
v -1.51689 1.91403 2.06693 0.936766 0.902905 0.82805
vn 0.0294502 -0.278115 0.538346
v -1.43933 1.85405 2.05261 0.936766 0.902905 0.82805
vn 0.0294502 -0.278115 0.538346
v -1.30954 1.85107 2.04898 0.936766 0.902905 0.82805
vn 0.0294502 -0.278115 0.538346
v -1.41596 1.89395 2.06095 0.936766 0.902905 0.82805
vn 0.0294502 -0.278115 0.538346
v -1.2621 1.89494 2.05762 0.936766 0.902905 0.82805
vn 0.0294502 -0.278115 0.538346
v -1.18461 1.80558 2.03436 0.936766 0.902905 0.82805
vn 0.0294502 -0.278115 0.538346
v -1.07289 1.81721 2.03362 0.936766 0.902905 0.82805
vn 0.0294502 -0.278115 0.538346
v -0.962592 1.82422 2.03167 0.936766 0.902905 0.82805
vn 0.0294502 -0.278115 0.538346
v -0.857245 1.83031 2.02959 0.936766 0.902905 0.82805
vn 0.0294502 -0.278115 0.538346
v -1.17337 1.86958 2.04948 0.936766 0.902905 0.82805
vn 0.0294502 -0.278115 0.538346
v -1.05527 1.87755 2.04738 0.936766 0.902905 0.82805
vn 0.0294502 -0.278115 0.538346
v -1.13304 1.90256 2.05541 0.936766 0.902905 0.82805
vn 0.0294502 -0.278115 0.538346
v -1.01661 1.90684 2.05228 0.936766 0.902905 0.82805
vn 0.0294502 -0.278115 0.538346
v -0.943621 1.8814 2.0443 0.936766 0.902905 0.82805
vn 0.0294502 -0.278115 0.538346
v -0.83632 1.88384 2.04092 0.936766 0.902905 0.82805
vn 0.0294502 -0.278115 0.538346
v -0.905176 1.90866 2.04856 0.936766 0.902905 0.82805
vn 0.0294502 -0.278115 0.538346
v -0.795808 1.90901 2.04445 0.936766 0.902905 0.82805
vn 0.0294502 -0.278115 0.538346
v -0.76129 1.83657 2.02769 0.936766 0.902905 0.82805
vn 0.0294502 -0.278115 0.538346
v -0.680021 1.83833 2.0248 0.936766 0.902905 0.82805
vn 0.0294502 -0.278115 0.538346
v -0.731731 1.88366 2.03685 0.936766 0.902905 0.82805
vn 0.0294502 -0.278115 0.538346
v -0.613331 1.87341 2.02958 0.936766 0.902905 0.82805
vn 0.0294502 -0.278115 0.538346
v -0.684995 1.90812 2.0398 0.936766 0.902905 0.82805
vn 0.0294502 -0.278115 0.538346
v -0.577067 1.91493 2.03674 0.936766 0.902905 0.82805
vn 0.0294502 -0.278115 0.538346
v -0.48843 1.89678 2.02973 0.936592 0.902661 0.827655
vn 0.0294694 -0.278296 0.538696
v -0.500611 1.92748 2.0362 0.936668 0.902767 0.827827
vn 0.029461 -0.278217 0.538544
f 95//95 133//133 97//97
f 98//98 139//139 143//143
f 98//98 97//97 139//139
f 97//97 133//133 139//139
f 139//139 147//147 150//150
f 150//150 143//143 139//139
f 98//98 143//143 100//100
f 143//143 150//150 103//103
f 103//103 100//100 143//143
f 147//147 152//152 155//155
f 155//155 150//150 147//147
f 152//152 161//161 164//164
f 164//164 155//155 152//152
f 150//150 155//155 106//106
f 106//106 103//103 150//150
f 155//155 164//164 108//108
f 108//108 106//106 155//155
f 161//161 166//166 168//168
f 168//168 164//164 161//161
f 166//166 169//169 171//171
f 171//171 168//168 166//166
f 164//164 168//168 110//110
f 110//110 108//108 164//164
f 168//168 171//171 112//112
f 112//112 110//110 168//168
f 169//169 173//173 175//175
f 175//175 171//171 169//169
f 175//175 177//177 180//180
f 173//173 177//177 175//175
f 114//114 171//171 182//182
f 171//171 175//175 182//182
f 114//114 112//112 171//171
f 182//182 180//180 184//184
f 175//175 180//180 182//182
f 186//186 180//180 16//16
f 180//180 13//13 16//16
f 180//180 177//177 13//13
f 16//16 19//19 188//188
f 188//188 186//186 16//16
f 184//184 186//186 189//189
f 180//180 186//186 184//184
f 189//189 188//188 191//191
f 186//186 188//188 189//189
f 114//114 182//182 115//115
f 115//115 184//184 116//116
f 182//182 184//184 115//115
f 116//116 189//189 117//117
f 184//184 189//189 116//116
f 117//117 191//191 118//118
f 189//189 191//191 117//117
f 19//19 22//22 194//194
f 194//194 188//188 19//19
f 194//194 22//22 24//24
f 191//191 194//194 196//196
f 188//188 194//194 191//191
f 197//197 24//24 26//26
f 197//197 196//196 24//24
f 196//196 194//194 24//24
f 197//197 27//27 198//198
f 26//26 27//27 197//197
f 198//198 12//12 132//132
f 27//27 12//12 198//198
f 118//118 196//196 119//119
f 191//191 196//196 118//118
f 120//120 197//197 200//200
f 120//120 196//196 197//197
f 120//120 119//119 196//196
f 120//120 200//200 121//121
f 200//200 198//198 202//202
f 197//197 198//198 200//200
f 202//202 132//132 146//146
f 198//198 132//132 202//202
f 121//121 202//202 122//122
f 200//200 202//202 121//121
f 122//122 146//146 96//96
f 202//202 146//146 122//122
f 769//769 824//824 772//772
f 818//818 824//824 769//769
f 772//772 827//827 776//776
f 824//824 827//827 772//772
f 827//827 830//830 780//780
f 780//780 776//776 827//827
f 830//830 834//834 783//783
f 783//783 780//780 830//830
f 786//786 841//841 789//789
f 792//792 841//841 786//786
f 834//834 845//845 794//794
f 794//794 783//783 834//834
f 796//796 847//847 850//850
f 796//796 845//845 847//847
f 796//796 794//794 845//845
f 796//796 850//850 798//798
f 850//850 852//852 854//854
f 847//847 852//852 850//850
f 854//854 857//857 859//859
f 852//852 857//857 854//854
f 798//798 854//854 800//800
f 850//850 854//854 798//798
f 800//800 859//859 802//802
f 854//854 859//859 800//800
f 789//789 841//841 804//804
f 804//804 841//841 792//792
f 859//859 861//861 865//865
f 857//857 861//861 859//859
f 861//861 863//863 867//867
f 867//867 865//865 861//861
f 802//802 865//865 805//805
f 859//859 865//865 802//802
f 865//865 867//867 806//806
f 806//806 805//805 865//865
f 863//863 869//869 871//871
f 871//871 867//867 863//863
f 873//873 639//639 642//642
f 873//873 871//871 639//639
f 871//871 869//869 639//639
f 867//867 871//871 807//807
f 807//807 806//806 867//867
f 808//808 873//873 874//874
f 808//808 871//871 873//873
f 808//808 807//807 871//871
f 808//808 874//874 809//809
f 642//642 646//646 876//876
f 876//876 873//873 642//642
f 646//646 649//649 878//878
f 878//878 876//876 646//646
f 873//873 876//876 880//880
f 880//880 874//874 873//873
f 876//876 878//878 881//881
f 881//881 880//880 876//876
f 649//649 652//652 883//883
f 883//883 878//878 649//649
f 652//652 655//655 884//884
f 884//884 883//883 652//652
f 878//878 883//883 885//885
f 885//885 881//881 878//878
f 883//883 884//884 886//886
f 886//886 885//885 883//883
f 874//874 880//880 810//810
f 810//810 809//809 874//874
f 880//880 881//881 811//811
f 811//811 810//810 880//880
f 881//881 885//885 812//812
f 812//812 811//811 881//881
f 885//885 886//886 813//813
f 813//813 812//812 885//885
f 932//932 772//772 937//937
f 769//769 772//772 932//932
f 937//937 776//776 939//939
f 772//772 776//776 937//937
f 893//893 937//937 942//942
f 893//893 932//932 937//937
f 893//893 890//890 932//932
f 942//942 939//939 943//943
f 937//937 939//939 942//942
f 939//939 780//780 946//946
f 776//776 780//780 939//939
f 780//780 783//783 949//949
f 949//949 946//946 780//780
f 943//943 946//946 951//951
f 939//939 946//946 943//943
f 946//946 949//949 954//954
f 954//954 951//951 946//946
f 893//893 942//942 895//895
f 897//897 943//943 957//957
f 897//897 895//895 943//943
f 895//895 942//942 943//943
f 899//899 786//786 960//960
f 899//899 897//897 957//957
f 943//943 951//951 962//962
f 962//962 957//957 943//943
f 901//901 951//951 954//954
f 901//901 902//902 951//951
f 902//902 962//962 951//951
f 904//904 899//899 962//962
f 899//899 957//957 962//962
f 899//899 960//960 786//786
f 904//904 962//962 902//902
f 783//783 794//794 967//967
f 967//967 949//949 783//783
f 967//967 794//794 796//796
f 954//954 967//967 969//969
f 949//949 967//967 954//954
f 970//970 796//796 798//798
f 970//970 969//969 796//796
f 969//969 967//967 796//796
f 798//798 800//800 972//972
f 972//972 970//970 798//798
f 972//972 802//802 974//974
f 800//800 802//802 972//972
f 901//901 969//969 906//906
f 954//954 969//969 901//901
f 969//969 970//970 908//908
f 908//908 906//906 969//969
f 908//908 972//972 910//910
f 970//970 972//972 908//908
f 912//912 910//910 976//976
f 910//910 972//972 976//976
f 972//972 974//974 976//976
f 912//912 978//978 913//913
f 976//976 978//978 912//912
f 960//960 789//789 804//804
f 804//804 792//792 960//960
f 913//913 978//978 916//916
f 974//974 805//805 980//980
f 802//802 805//805 974//974
f 805//805 806//806 981//981
f 981//981 980//980 805//805
f 806//806 807//807 982//982
f 982//982 981//981 806//806
f 982//982 807//807 808//808
f 974//974 980//980 983//983
f 983//983 976//976 974//974
f 983//983 981//981 984//984
f 980//980 981//981 983//983
f 976//976 983//983 985//985
f 985//985 978//978 976//976
f 919//919 921//921 984//984
f 921//921 985//985 984//984
f 985//985 983//983 984//984
f 984//984 982//982 986//986
f 981//981 982//982 984//984
f 987//987 808//808 809//809
f 987//987 986//986 808//808
f 986//986 982//982 808//808
f 919//919 986//986 923//923
f 984//984 986//986 919//919
f 923//923 987//987 925//925
f 986//986 987//987 923//923
f 809//809 810//810 988//988
f 988//988 987//987 809//809
f 810//810 811//811 989//989
f 989//989 988//988 810//810
f 987//987 988//988 926//926
f 926//926 925//925 987//987
f 988//988 989//989 927//927
f 927//927 926//926 988//988
f 811//811 812//812 990//990
f 990//990 989//989 811//811
f 812//812 813//813 991//991
f 991//991 990//990 812//812
f 989//989 990//990 928//928
f 928//928 927//927 989//989
f 928//928 991//991 929//929
f 990//990 991//991 928//928
f 916//916 985//985 930//930
f 978//978 985//985 916//916
f 930//930 985//985 921//921
f 1053//1053 890//890 893//893
f 1061//1061 893//893 895//895
f 1061//1061 1053//1053 893//893
f 1061//1061 1058//1058 1053//1053
f 1061//1061 895//895 897//897
f 996//996 1061//1061 1063//1063
f 996//996 993//993 1061//1061
f 993//993 1058//1058 1061//1061
f 1066//1066 897//897 899//899
f 1066//1066 1061//1061 897//897
f 1066//1066 1063//1063 1061//1061
f 902//902 901//901 1068//1068
f 1066//1066 904//904 1069//1069
f 899//899 904//904 1066//1066
f 1071//1071 902//902 1068//1068
f 1071//1071 1069//1069 902//902
f 1069//1069 904//904 902//902
f 1004//1004 1073//1073 1001//1001
f 1001//1001 1073//1073 1009//1009
f 1068//1068 906//906 1076//1076
f 901//901 906//906 1068//1068
f 1004//1004 906//906 1073//1073
f 906//906 908//908 1073//1073
f 1004//1004 1076//1076 906//906
f 1004//1004 1012//1012 1076//1076
f 1068//1068 1076//1076 1077//1077
f 1077//1077 1071//1071 1068//1068
f 1012//1012 1077//1077 1076//1076
f 1012//1012 1014//1014 1077//1077
f 1014//1014 1079//1079 1077//1077
f 1016//1016 908//908 1081//1081
f 908//908 910//910 1081//1081
f 1016//1016 1073//1073 908//908
f 1016//1016 1009//1009 1073//1073
f 1081//1081 910//910 912//912
f 1014//1014 1083//1083 1079//1079
f 1014//1014 1016//1016 1083//1083
f 1016//1016 1081//1081 1083//1083
f 1083//1083 912//912 913//913
f 1081//1081 912//912 1083//1083
f 996//996 1063//1063 1019//1019
f 1019//1019 1066//1066 1020//1020
f 1063//1063 1066//1066 1019//1019
f 1066//1066 1069//1069 1022//1022
f 1022//1022 1020//1020 1066//1066
f 1069//1069 1071//1071 1024//1024
f 1024//1024 1022//1022 1069//1069
f 1071//1071 1077//1077 1026//1026
f 1026//1026 1024//1024 1071//1071
f 1026//1026 1079//1079 1028//1028
f 1077//1077 1079//1079 1026//1026
f 1079//1079 1083//1083 1030//1030
f 1030//1030 1028//1028 1079//1079
f 1031//1031 916//916 1088//1088
f 1031//1031 913//913 916//916
f 1031//1031 1083//1083 913//913
f 1031//1031 1030//1030 1083//1083
f 1031//1031 1088//1088 1033//1033
f 921//921 919//919 1090//1090
f 919//919 923//923 1092//1092
f 1092//1092 1090//1090 919//919
f 923//923 925//925 1094//1094
f 1094//1094 1092//1092 923//923
f 925//925 926//926 1096//1096
f 1096//1096 1094//1094 925//925
f 926//926 927//927 1049//1049
f 1049//1049 1096//1096 926//926
f 1049//1049 928//928 1052//1052
f 927//927 928//928 1049//1049
f 1052//1052 929//929 1060//1060
f 928//928 929//929 1052//1052
f 1088//1088 930//930 1098//1098
f 916//916 930//930 1088//1088
f 1100//1100 921//921 1090//1090
f 1100//1100 930//930 921//921
f 1100//1100 1098//1098 930//930
f 1088//1088 1098//1098 1036//1036
f 1036//1036 1033//1033 1088//1088
f 1036//1036 1100//1100 1038//1038
f 1098//1098 1100//1100 1036//1036
f 1090//1090 1092//1092 1102//1102
f 1102//1102 1100//1100 1090//1090
f 1102//1102 1094//1094 1104//1104
f 1092//1092 1094//1094 1102//1102
f 1038//1038 1102//1102 1040//1040
f 1100//1100 1102//1102 1038//1038
f 1040//1040 1104//1104 1042//1042
f 1102//1102 1104//1104 1040//1040
f 1104//1104 1096//1096 1106//1106
f 1094//1094 1096//1096 1104//1104
f 1096//1096 1049//1049 1055//1055
f 1055//1055 1106//1106 1096//1096
f 1042//1042 1106//1106 1044//1044
f 1104//1104 1106//1106 1042//1042
f 1106//1106 1055//1055 995//995
f 995//995 1044//1044 1106//1106
f 1165//1165 1161//1161 1167//1167
f 1154//1154 1161//1161 1165//1165
f 1161//1161 1163//1163 1169//1169
f 1169//1169 1167//1167 1161//1161
f 1165//1165 1167//1167 1115//1115
f 1115//1115 1111//1111 1165//1165
f 1167//1167 1169//1169 1118//1118
f 1118//1118 1115//1115 1167//1167
f 1267//1267 1115//1115 1271//1271
f 1111//1111 1115//1115 1267//1267
f 1271//1271 1118//1118 1273//1273
f 1115//1115 1118//1118 1271//1271
f 1278//1278 1282//1282 1287//1287
f 1287//1287 1284//1284 1278//1278
f 1287//1287 1267//1267 1293//1293
f 1282//1282 1267//1267 1287//1287
f 1284//1284 1287//1287 1220//1220
f 1220//1220 1218//1218 1284//1284
f 1220//1220 1293//1293 1224//1224
f 1287//1287 1293//1293 1220//1220
f 1227//1227 1229//1229 1271//1271
f 1229//1229 1267//1267 1271//1271
f 1229//1229 1293//1293 1267//1267
f 1227//1227 1273//1273 1222//1222
f 1271//1271 1273//1273 1227//1227
f 1224//1224 1293//1293 1229//1229
f 1365//1365 1231//1231 1370//1370
f 1223//1223 1231//1231 1365//1365
f 1370//1370 1233//1233 1373//1373
f 1231//1231 1233//1233 1370//1370
f 1365//1365 1370//1370 1382//1382
f 1382//1382 1376//1376 1365//1365
f 1370//1370 1373//1373 1384//1384
f 1384//1384 1382//1382 1370//1370
f 1373//1373 1234//1234 1387//1387
f 1233//1233 1234//1234 1373//1373
f 1387//1387 1236//1236 1391//1391
f 1234//1234 1236//1236 1387//1387
f 1373//1373 1387//1387 1389//1389
f 1389//1389 1384//1384 1373//1373
f 1389//1389 1391//1391 1393//1393
f 1387//1387 1391//1391 1389//1389
f 1242//1242 1239//1239 1397//1397
f 1397//1397 1245//1245 1401//1401
f 1239//1239 1245//1245 1397//1397
f 1236//1236 1247//1247 1403//1403
f 1403//1403 1391//1391 1236//1236
f 1403//1403 1249//1249 1404//1404
f 1247//1247 1249//1249 1403//1403
f 1391//1391 1403//1403 1396//1396
f 1396//1396 1393//1393 1391//1391
f 1403//1403 1404//1404 1399//1399
f 1399//1399 1396//1396 1403//1403
f 1405//1405 1249//1249 1397//1397
f 1249//1249 1242//1242 1397//1397
f 1405//1405 1404//1404 1249//1249
f 1397//1397 1401//1401 1407//1407
f 1407//1407 1405//1405 1397//1397
f 1404//1404 1405//1405 1402//1402
f 1402//1402 1399//1399 1404//1404
f 1405//1405 1407//1407 1408//1408
f 1408//1408 1402//1402 1405//1405
f 1401//1401 1245//1245 1254//1254
f 1412//1412 1407//1407 1257//1257
f 1407//1407 1254//1254 1257//1257
f 1407//1407 1401//1401 1254//1254
f 1412//1412 1260//1260 1415//1415
f 1257//1257 1260//1260 1412//1412
f 1407//1407 1412//1412 1410//1410
f 1410//1410 1408//1408 1407//1407
f 1412//1412 1415//1415 1413//1413
f 1413//1413 1410//1410 1412//1412
f 1415//1415 1260//1260 1263//1263
f 1416//1416 1263//1263 1265//1265
f 1416//1416 1413//1413 1263//1263
f 1413//1413 1415//1415 1263//1263
f 1265//1265 1218//1218 1367//1367
f 1367//1367 1416//1416 1265//1265
f 1484//1484 1481//1481 1486//1486
f 1479//1479 1481//1481 1484//1484
f 1486//1486 1488//1488 1495//1495
f 1481//1481 1488//1488 1486//1486
f 1443//1443 1486//1486 1446//1446
f 1484//1484 1486//1486 1443//1443
f 1446//1446 1495//1495 1448//1448
f 1486//1486 1495//1495 1446//1446
f 1576//1576 1446//1446 1579//1579
f 1443//1443 1446//1446 1576//1576
f 1579//1579 1448//1448 1582//1582
f 1446//1446 1448//1448 1579//1579
f 1595//1595 1591//1591 1598//1598
f 1589//1589 1591//1591 1595//1595
f 1598//1598 1576//1576 1603//1603
f 1591//1591 1576//1576 1598//1598
f 1607//1607 1598//1598 1609//1609
f 1595//1595 1598//1598 1607//1607
f 1609//1609 1603//1603 1611//1611
f 1598//1598 1603//1603 1609//1609
f 1603//1603 1579//1579 1615//1615
f 1576//1576 1579//1579 1603//1603
f 1615//1615 1582//1582 1618//1618
f 1579//1579 1582//1582 1615//1615
f 1611//1611 1615//1615 1621//1621
f 1603//1603 1615//1615 1611//1611
f 1621//1621 1618//1618 1625//1625
f 1615//1615 1618//1618 1621//1621
f 1112//1112 1117//1117 1272//1272
f 1272//1272 1270//1270 1112//1112
f 1272//1272 1119//1119 1276//1276
f 1117//1117 1119//1119 1272//1272
f 1279//1279 1272//1272 1283//1283
f 1270//1270 1272//1272 1279//1279
f 1219//1219 1221//1221 1276//1276
f 1221//1221 1272//1272 1276//1276
f 1221//1221 1283//1283 1272//1272
f 1276//1276 1121//1121 1288//1288
f 1119//1119 1121//1121 1276//1276
f 1121//1121 1123//1123 1290//1290
f 1290//1290 1288//1288 1121//1121
f 1219//1219 1288//1288 1226//1226
f 1276//1276 1288//1288 1219//1219
f 1230//1230 1290//1290 1297//1297
f 1230//1230 1226//1226 1290//1290
f 1226//1226 1288//1288 1290//1290
f 1235//1235 1294//1294 1237//1237
f 1237//1237 1300//1300 1240//1240
f 1294//1294 1300//1300 1237//1237
f 1240//1240 1302//1302 1243//1243
f 1300//1300 1302//1302 1240//1240
f 1302//1302 1307//1307 1246//1246
f 1246//1246 1243//1243 1302//1302
f 1246//1246 1307//1307 1244//1244
f 1250//1250 1311//1311 1252//1252
f 1252//1252 1314//1314 1255//1255
f 1311//1311 1314//1314 1252//1252
f 1314//1314 1316//1316 1258//1258
f 1258//1258 1255//1255 1314//1314
f 1316//1316 1279//1279 1261//1261
f 1261//1261 1258//1258 1316//1316
f 1261//1261 1283//1283 1264//1264
f 1279//1279 1283//1283 1261//1261
f 1264//1264 1283//1283 1221//1221
f 1230//1230 1297//1297 1266//1266
f 768//768 819//819 771//771
f 775//775 819//819 768//768
f 778//778 821//821 781//781
f 781//781 818//818 769//769
f 821//821 818//818 781//781
f 819//819 826//826 785//785
f 785//785 771//771 819//819
f 826//826 819//819 775//775
f 775//775 787//787 826//826
f 785//785 826//826 791//791
f 791//791 826//826 787//787
f 1477//1477 1325//1325 1329//1329
f 1477//1477 1329//1329 1330//1330
f 1577//1577 1580//1580 1587//1587
f 1587//1587 1584//1584 1577//1577
f 1580//1580 1575//1575 1583//1583
f 1583//1583 1587//1587 1580//1580
f 1584//1584 1587//1587 1597//1597
f 1597//1597 1592//1592 1584//1584
f 1587//1587 1583//1583 1593//1593
f 1593//1593 1597//1597 1587//1587
f 1555//1555 1602//1602 1557//1557
f 1600//1600 1602//1602 1555//1555
f 1557//1557 1592//1592 1560//1560
f 1602//1602 1592//1592 1557//1557
f 1560//1560 1597//1597 1562//1562
f 1592//1592 1597//1597 1560//1560
f 1564//1564 1593//1593 1605//1605
f 1564//1564 1597//1597 1593//1593
f 1564//1564 1562//1562 1597//1597
f 1564//1564 1605//1605 1554//1554
f 140//140 137//137 142//142
f 135//135 137//137 140//140
f 142//142 144//144 145//145
f 137//137 144//144 142//142
f 99//99 142//142 102//102
f 140//140 142//142 99//99
f 102//102 145//145 104//104
f 142//142 145//145 102//102
f 458//458 461//461 468//468
f 468//468 463//463 458//458
f 461//461 465//465 472//472
f 472//472 468//468 461//461
f 415//415 468//468 419//419
f 463//463 468//468 415//415
f 468//468 472//472 423//423
f 423//423 419//419 468//468
f 465//465 469//469 474//474
f 474//474 472//472 465//465
f 469//469 476//476 478//478
f 478//478 474//474 469//469
f 472//472 474//474 427//427
f 427//427 423//423 472//472
f 427//427 478//478 431//431
f 474//474 478//478 427//427
f 481//481 321//321 325//325
f 481//481 478//478 321//321
f 478//478 476//476 321//321
f 325//325 328//328 483//483
f 483//483 481//481 325//325
f 478//478 481//481 435//435
f 435//435 431//431 478//478
f 435//435 483//483 438//438
f 481//481 483//483 435//435
f 483//483 332//332 485//485
f 328//328 332//332 483//483
f 485//485 334//334 487//487
f 332//332 334//334 485//485
f 440//440 485//485 489//489
f 440//440 483//483 485//485
f 440//440 438//438 483//483
f 489//489 487//487 490//490
f 485//485 487//487 489//489
f 440//440 489//489 442//442
f 489//489 490//490 444//444
f 444//444 442//442 489//489
f 487//487 334//334 337//337
f 494//494 490//490 339//339
f 490//490 337//337 339//339
f 490//490 487//487 337//337
f 494//494 341//341 496//496
f 339//339 341//341 494//494
f 496//496 343//343 498//498
f 341//341 343//343 496//496
f 498//498 344//344 500//500
f 343//343 344//344 498//498
f 446//446 494//494 501//501
f 446//446 490//490 494//494
f 446//446 444//444 490//490
f 494//494 496//496 503//503
f 503//503 501//501 494//494
f 446//446 501//501 447//447
f 501//501 503//503 448//448
f 448//448 447//447 501//501
f 496//496 498//498 505//505
f 505//505 503//503 496//496
f 505//505 500//500 507//507
f 498//498 500//500 505//505
f 503//503 505//505 449//449
f 449//449 448//448 503//503
f 505//505 507//507 450//450
f 450//450 449//449 505//505
f 500//500 344//344 347//347
f 510//510 347//347 349//349
f 510//510 507//507 347//347
f 507//507 500//500 347//347
f 510//510 351//351 511//511
f 349//349 351//351 510//510
f 451//451 510//510 513//513
f 451//451 507//507 510//510
f 451//451 450//450 507//507
f 513//513 511//511 454//454
f 510//510 511//511 513//513
f 511//511 352//352 514//514
f 351//351 352//352 511//511
f 514//514 353//353 515//515
f 352//352 353//353 514//514
f 454//454 514//514 457//457
f 511//511 514//514 454//454
f 457//457 515//515 460//460
f 514//514 515//515 457//457
f 451//451 513//513 452//452
f 513//513 454//454 418//418
f 418//418 452//452 513//513
f 418//418 422//422 564//564
f 564//564 562//562 418//418
f 564//564 425//425 567//567
f 422//422 425//425 564//564
f 562//562 564//564 576//576
f 576//576 572//572 562//562
f 564//564 567//567 580//580
f 580//580 576//576 564//564
f 585//585 588//588 520//520
f 520//520 518//518 585//585
f 588//588 572//572 523//523
f 523//523 520//520 588//588
f 572//572 576//576 526//526
f 526//526 523//523 572//572
f 576//576 580//580 529//529
f 529//529 526//526 576//576
f 1048//1048 889//889 891//891
f 209//209 250//250 254//254
f 209//209 245//245 250//250
f 209//209 206//206 245//245
f 254//254 247//247 257//257
f 250//250 247//247 254//254
f 209//209 254//254 212//212
f 212//212 257//257 207//207
f 254//254 257//257 212//212
f 355//355 210//210 213//213
f 321//321 360//360 325//325
f 325//325 364//364 328//328
f 360//360 364//364 325//325
f 328//328 371//371 332//332
f 364//364 371//371 328//328
f 332//332 374//374 334//334
f 371//371 374//374 332//332
f 337//337 378//378 379//379
f 337//337 374//374 378//378
f 337//337 334//334 374//374
f 379//379 382//382 385//385
f 378//378 382//382 379//379
f 337//337 379//379 339//339
f 339//339 385//385 341//341
f 379//379 385//385 339//339
f 385//385 388//388 389//389
f 382//382 388//388 385//385
f 389//389 355//355 392//392
f 388//388 355//355 389//389
f 341//341 389//389 343//343
f 385//385 389//389 341//341
f 343//343 392//392 344//344
f 389//389 392//392 343//343
f 395//395 213//213 215//215
f 395//395 392//392 213//213
f 392//392 355//355 213//213
f 395//395 216//216 397//397
f 215//215 216//216 395//395
f 347//347 395//395 398//398
f 347//347 392//392 395//395
f 347//347 344//344 392//392
f 398//398 397//397 400//400
f 395//395 397//397 398//398
f 397//397 218//218 402//402
f 216//216 218//218 397//397
f 402//402 220//220 404//404
f 218//218 220//220 402//402
f 400//400 402//402 406//406
f 397//397 402//402 400//400
f 406//406 404//404 407//407
f 402//402 404//404 406//406
f 347//347 398//398 349//349
f 349//349 400//400 351//351
f 398//398 400//400 349//349
f 351//351 406//406 352//352
f 400//400 406//406 351//351
f 352//352 407//407 353//353
f 406//406 407//407 352//352
f 518//518 520//520 682//682
f 682//682 679//679 518//518
f 520//520 523//523 686//686
f 686//686 682//682 520//520
f 679//679 682//682 690//690
f 690//690 684//684 679//679
f 682//682 686//686 695//695
f 695//695 690//690 682//682
f 523//523 526//526 698//698
f 698//698 686//686 523//523
f 526//526 529//529 701//701
f 701//701 698//698 526//526
f 686//686 698//698 699//699
f 699//699 695//695 686//686
f 698//698 701//701 702//702
f 702//702 699//699 698//698
f 517//517 522//522 683//683
f 683//683 681//681 517//517
f 522//522 524//524 687//687
f 687//687 683//683 522//522
f 687//687 524//524 527//527
f 532//532 530//530 692//692
f 692//692 534//534 697//697
f 530//530 534//534 692//692
f 697//697 534//534 536//536
f 538//538 532//532 692//692
f 538//538 692//692 697//697
f 697//697 539//539 538//538
f 697//697 536//536 539//539
f 633//633 636//636 683//683
f 636//636 681//681 683//683
f 636//636 694//694 681//681
f 638//638 683//683 703//703
f 683//683 687//687 703//703
f 638//638 633//633 683//683
f 636//636 637//637 694//694
f 636//636 641//641 637//637
f 641//641 643//643 637//637
f 641//641 705//705 643//643
f 641//641 707//707 705//705
f 641//641 703//703 707//707
f 641//641 638//638 703//703
f 709//709 527//527 542//542
f 709//709 703//703 527//527
f 703//703 687//687 527//527
f 709//709 543//543 711//711
f 542//542 543//543 709//709
f 703//703 709//709 713//713
f 713//713 707//707 703//703
f 709//709 711//711 715//715
f 715//715 713//713 709//709
f 643//643 705//705 647//647
f 705//705 707//707 650//650
f 650//650 647//647 705//705
f 707//707 713//713 653//653
f 653//653 650//650 707//707
f 713//713 715//715 656//656
f 656//656 653//653 713//713
f 711//711 546//546 719//719
f 543//543 546//546 711//711
f 546//546 547//547 720//720
f 720//720 719//719 546//546
f 711//711 719//719 722//722
f 722//722 715//715 711//711
f 719//719 720//720 724//724
f 724//724 722//722 719//719
f 547//547 549//549 726//726
f 726//726 720//720 547//547
f 726//726 549//549 551//551
f 724//724 726//726 728//728
f 720//720 726//726 724//724
f 730//730 551//551 553//553
f 730//730 728//728 551//551
f 728//728 726//726 551//551
f 715//715 722//722 658//658
f 658//658 656//656 715//715
f 660//660 658//658 732//732
f 658//658 724//724 732//732
f 658//658 722//722 724//724
f 660//660 732//732 661//661
f 663//663 724//724 728//728
f 663//663 732//732 724//724
f 663//663 665//665 732//732
f 668//668 730//730 735//735
f 668//668 663//663 730//730
f 663//663 728//728 730//730
f 661//661 732//732 665//665
f 668//668 735//735 670//670
f 730//730 556//556 738//738
f 553//553 556//556 730//730
f 556//556 557//557 741//741
f 741//741 738//738 556//556
f 557//557 558//558 742//742
f 742//742 741//741 557//557
f 742//742 558//558 559//559
f 730//730 738//738 743//743
f 743//743 735//735 730//730
f 738//738 741//741 744//744
f 744//744 743//743 738//738
f 735//735 743//743 673//673
f 673//673 670//670 735//735
f 743//743 744//744 674//674
f 674//674 673//673 743//743
f 741//741 742//742 747//747
f 747//747 744//744 741//741
f 679//679 559//559 518//518
f 679//679 747//747 559//559
f 747//747 742//742 559//559
f 744//744 747//747 676//676
f 676//676 674//674 744//744
f 639//639 679//679 684//684
f 639//639 676//676 679//679
f 676//676 747//747 679//679
f 1221//1221 1219//1219 1366//1366
f 1366//1366 1226//1226 1369//1369
f 1219//1219 1226//1226 1366//1366
f 1369//1369 1226//1226 1230//1230
f 1375//1375 1378//1378 1383//1383
f 1383//1383 1379//1379 1375//1375
f 1378//1378 1381//1381 1386//1386
f 1386//1386 1383//1383 1378//1378
f 1379//1379 1383//1383 1328//1328
f 1328//1328 1326//1326 1379//1379
f 1383//1383 1386//1386 1331//1331
f 1331//1331 1328//1328 1383//1383
f 1381//1381 1385//1385 1388//1388
f 1388//1388 1386//1386 1381//1381
f 1392//1392 1235//1235 1237//1237
f 1392//1392 1388//1388 1235//1235
f 1388//1388 1385//1385 1235//1235
f 1386//1386 1388//1388 1332//1332
f 1332//1332 1331//1331 1386//1386
f 1334//1334 1392//1392 1394//1394
f 1334//1334 1388//1388 1392//1392
f 1334//1334 1332//1332 1388//1388
f 1334//1334 1394//1394 1335//1335
f 1237//1237 1240//1240 1400//1400
f 1400//1400 1392//1392 1237//1237
f 1400//1400 1243//1243 1406//1406
f 1240//1240 1243//1243 1400//1400
f 1392//1392 1400//1400 1409//1409
f 1409//1409 1394//1394 1392//1392
f 1409//1409 1406//1406 1411//1411
f 1400//1400 1406//1406 1409//1409
f 1243//1243 1246//1246 1414//1414
f 1414//1414 1406//1406 1243//1243
f 1417//1417 1244//1244 1390//1390
f 1417//1417 1246//1246 1244//1244
f 1417//1417 1414//1414 1246//1246
f 1411//1411 1414//1414 1419//1419
f 1406//1406 1414//1414 1411//1411
f 1419//1419 1417//1417 1421//1421
f 1414//1414 1417//1417 1419//1419
f 1394//1394 1409//1409 1337//1337
f 1337//1337 1335//1335 1394//1394
f 1337//1337 1411//1411 1339//1339
f 1409//1409 1411//1411 1337//1337
f 1339//1339 1419//1419 1341//1341
f 1411//1411 1419//1419 1339//1339
f 1341//1341 1421//1421 1343//1343
f 1419//1419 1421//1421 1341//1341
f 1424//1424 1417//1417 1252//1252
f 1417//1417 1250//1250 1252//1252
f 1417//1417 1390//1390 1250//1250
f 1252//1252 1255//1255 1426//1426
f 1426//1426 1424//1424 1252//1252
f 1421//1421 1424//1424 1427//1427
f 1417//1417 1424//1424 1421//1421
f 1424//1424 1426//1426 1428//1428
f 1428//1428 1427//1427 1424//1424
f 1255//1255 1258//1258 1429//1429
f 1429//1429 1426//1426 1255//1255
f 1258//1258 1261//1261 1430//1430
f 1430//1430 1429//1429 1258//1258
f 1426//1426 1429//1429 1431//1431
f 1431//1431 1428//1428 1426//1426
f 1429//1429 1430//1430 1432//1432
f 1432//1432 1431//1431 1429//1429
f 1343//1343 1427//1427 1346//1346
f 1421//1421 1427//1427 1343//1343
f 1346//1346 1428//1428 1349//1349
f 1427//1427 1428//1428 1346//1346
f 1428//1428 1431//1431 1350//1350
f 1350//1350 1349//1349 1428//1428
f 1350//1350 1432//1432 1352//1352
f 1431//1431 1432//1432 1350//1350
f 1430//1430 1264//1264 1433//1433
f 1261//1261 1264//1264 1430//1430
f 1434//1434 1221//1221 1366//1366
f 1434//1434 1264//1264 1221//1221
f 1434//1434 1433//1433 1264//1264
f 1430//1430 1433//1433 1435//1435
f 1435//1435 1432//1432 1430//1430
f 1433//1433 1434//1434 1436//1436
f 1436//1436 1435//1435 1433//1433
f 1366//1366 1369//1369 1437//1437
f 1437//1437 1434//1434 1366//1366
f 1438//1438 1369//1369 1266//1266
f 1369//1369 1230//1230 1266//1266
f 1438//1438 1437//1437 1369//1369
f 1434//1434 1437//1437 1439//1439
f 1439//1439 1436//1436 1434//1434
f 1437//1437 1438//1438 1440//1440
f 1440//1440 1439//1439 1437//1437
f 1432//1432 1435//1435 1355//1355
f 1355//1355 1352//1352 1432//1432
f 1435//1435 1436//1436 1357//1357
f 1357//1357 1355//1355 1435//1435
f 1436//1436 1439//1439 1359//1359
f 1359//1359 1357//1357 1436//1436
f 1359//1359 1440//1440 1361//1361
f 1439//1439 1440//1440 1359//1359
f 931//931 773//773 933//933
f 770//770 773//773 931//931
f 773//773 779//779 935//935
f 935//935 933//933 773//773
f 935//935 779//779 778//778
f 887//887 934//934 889//889
f 134//134 11//11 14//14
f 17//17 11//11 134//134
f 134//134 14//14 20//20
f 20//20 17//17 134//134
f 998//998 994//994 1156//1156
f 1156//1156 994//994 1008//1008
f 1155//1155 1003//1003 997//997
f 1011//1011 998//998 1156//1156
f 1156//1156 1008//1008 1011//1011
f 1003//1003 1155//1155 1162//1162
f 1162//1162 1015//1015 1003//1003
f 1162//1162 1007//1007 1015//1015
f 3//3 7//7 1//1
f 4//4 7//7 3//3
f 8//8 7//7 4//4
f 5//5 8//8 4//4
f 9//9 2//2 6//6
f 6//6 10//10 9//9
f 10//10 6//6 5//5
f 246//246 102//102 248//248
f 99//99 102//102 246//246
f 248//248 104//104 251//251
f 102//102 104//104 248//248
f 258//258 256//256 263//263
f 255//255 256//256 258//258
f 263//263 246//246 266//266
f 256//256 246//246 263//263
f 213//213 263//263 268//268
f 213//213 258//258 263//263
f 213//213 210//210 258//258
f 268//268 266//266 271//271
f 263//263 266//266 268//268
f 266//266 248//248 274//274
f 246//246 248//248 266//266
f 274//274 251//251 275//275
f 248//248 251//251 274//274
f 271//271 274//274 281//281
f 266//266 274//274 271//271
f 281//281 275//275 284//284
f 274//274 275//275 281//281
f 213//213 268//268 215//215
f 215//215 271//271 216//216
f 268//268 271//271 215//215
f 216//216 281//281 218//218
f 271//271 281//281 216//216
f 218//218 284//284 220//220
f 281//281 284//284 218//218
f 208//208 214//214 362//362
f 362//362 357//357 208//208
f 214//214 219//219 366//366
f 366//366 362//362 214//214
f 219//219 221//221 368//368
f 368//368 366//366 219//219
f 221//221 223//223 372//372
f 372//372 368//368 221//221
f 223//223 225//225 375//375
f 375//375 372//372 223//223
f 225//225 227//227 377//377
f 377//377 375//375 225//225
f 227//227 229//229 381//381
f 381//381 377//377 227//227
f 229//229 230//230 383//383
f 383//383 381//381 229//229
f 357//357 362//362 390//390
f 390//390 386//386 357//357
f 362//362 366//366 393//393
f 393//393 390//390 362//362
f 386//386 390//390 327//327
f 327//327 319//319 386//386
f 390//390 393//393 330//330
f 330//330 327//327 390//390
f 366//366 368//368 394//394
f 394//394 393//393 366//366
f 368//368 372//372 396//396
f 396//396 394//394 368//368
f 393//393 394//394 333//333
f 333//333 330//330 393//393
f 333//333 396//396 335//335
f 394//394 396//396 333//333
f 372//372 375//375 399//399
f 399//399 396//396 372//372
f 375//375 377//377 401//401
f 401//401 399//399 375//375
f 396//396 399//399 336//336
f 336//336 335//335 396//396
f 399//399 401//401 338//338
f 338//338 336//336 399//399
f 377//377 381//381 403//403
f 403//403 401//401 377//377
f 381//381 383//383 405//405
f 405//405 403//403 381//381
f 401//401 403//403 340//340
f 340//340 338//338 401//401
f 403//403 405//405 342//342
f 342//342 340//340 403//403
f 230//230 232//232 408//408
f 408//408 383//383 230//230
f 232//232 234//234 409//409
f 409//409 408//408 232//232
f 409//409 234//234 236//236
f 383//383 408//408 410//410
f 410//410 405//405 383//383
f 408//408 409//409 411//411
f 411//411 410//410 408//408
f 405//405 410//410 345//345
f 345//345 342//342 405//405
f 410//410 411//411 346//346
f 346//346 345//345 410//410
f 412//412 411//411 238//238
f 411//411 236//236 238//238
f 411//411 409//409 236//236
f 412//412 240//240 413//413
f 238//238 240//240 412//412
f 411//411 412//412 348//348
f 348//348 346//346 411//411
f 350//350 413//413 365//365
f 350//350 348//348 413//413
f 348//348 412//412 413//413
f 350//350 365//365 316//316
f 413//413 243//243 414//414
f 240//240 243//243 413//413
f 414//414 206//206 354//354
f 243//243 206//206 414//414
f 365//365 414//414 369//369
f 413//413 414//414 365//365
f 369//369 354//354 358//358
f 414//414 354//354 369//369
f 455//455 327//327 464//464
f 319//319 327//327 455//455
f 327//327 330//330 470//470
f 470//470 464//464 327//327
f 470//470 333//333 473//473
f 330//330 333//333 470//470
f 473//473 335//335 475//475
f 333//333 335//335 473//473
f 455//455 464//464 479//479
f 479//479 477//477 455//455
f 464//464 470//470 480//480
f 480//480 479//479 464//464
f 477//477 479//479 421//421
f 421//421 416//416 477//477
f 421//421 480//480 424//424
f 479//479 480//480 421//421
f 480//480 473//473 482//482
f 470//470 473//473 480//480
f 482//482 475//475 484//484
f 473//473 475//475 482//482
f 424//424 482//482 426//426
f 480//480 482//482 424//424
f 426//426 484//484 429//429
f 482//482 484//484 426//426
f 475//475 336//336 486//486
f 335//335 336//336 475//475
f 336//336 338//338 488//488
f 488//488 486//486 336//336
f 338//338 340//340 491//491
f 491//491 488//488 338//338
f 340//340 342//342 492//492
f 492//492 491//491 340//340
f 484//484 486//486 493//493
f 475//475 486//486 484//484
f 493//493 488//488 495//495
f 486//486 488//488 493//493
f 429//429 493//493 432//432
f 484//484 493//493 429//429
f 432//432 495//495 434//434
f 493//493 495//495 432//432
f 488//488 491//491 497//497
f 497//497 495//495 488//488
f 491//491 492//492 499//499
f 499//499 497//497 491//491
f 434//434 497//497 437//437
f 495//495 497//497 434//434
f 497//497 499//499 439//439
f 439//439 437//437 497//497
f 342//342 345//345 502//502
f 502//502 492//492 342//342
f 345//345 346//346 504//504
f 504//504 502//502 345//345
f 346//346 348//348 506//506
f 506//506 504//504 346//346
f 506//506 348//348 350//350
f 492//492 502//502 508//508
f 508//508 499//499 492//492
f 502//502 504//504 509//509
f 509//509 508//508 502//502
f 499//499 508//508 441//441
f 441//441 439//439 499//499
f 508//508 509//509 443//443
f 443//443 441//441 508//508
f 504//504 506//506 512//512
f 512//512 509//509 504//504
f 453//453 350//350 316//316
f 453//453 512//512 350//350
f 512//512 506//506 350//350
f 443//443 512//512 445//445
f 509//509 512//512 443//443
f 445//445 453//453 417//417
f 512//512 453//453 445//445
f 677//677 680//680 691//691
f 691//691 688//688 677//677
f 680//680 681//681 694//694
f 694//694 691//691 680//680
f 688//688 691//691 635//635
f 635//635 632//632 688//688
f 691//691 694//694 637//637
f 637//637 635//635 691//691
f 1048//1048 887//887 889//889
f 1110//1110 1158//1158 1113//1113
f 1113//1113 1158//1158 1116//1116
f 1163//1163 993//993 996//996
f 1004//1004 1001//1001 1166//1166
f 1166//1166 1001//1001 1009//1009
f 1122//1122 1004//1004 1166//1166
f 1122//1122 1125//1125 1004//1004
f 1125//1125 1012//1012 1004//1004
f 1014//1014 1012//1012 1125//1125
f 1125//1125 1127//1127 1014//1014
f 1129//1129 1122//1122 1016//1016
f 1122//1122 1166//1166 1016//1016
f 1166//1166 1009//1009 1016//1016
f 1016//1016 1014//1014 1127//1127
f 1127//1127 1129//1129 1016//1016
f 1173//1173 996//996 1019//1019
f 1173//1173 1169//1169 996//996
f 1169//1169 1163//1163 996//996
f 1019//1019 1020//1020 1175//1175
f 1175//1175 1173//1173 1019//1019
f 1169//1169 1173//1173 1132//1132
f 1132//1132 1118//1118 1169//1169
f 1134//1134 1175//1175 1178//1178
f 1134//1134 1173//1173 1175//1175
f 1134//1134 1132//1132 1173//1173
f 1175//1175 1022//1022 1179//1179
f 1020//1020 1022//1022 1175//1175
f 1022//1022 1024//1024 1181//1181
f 1181//1181 1179//1179 1022//1022
f 1178//1178 1179//1179 1183//1183
f 1175//1175 1179//1179 1178//1178
f 1183//1183 1181//1181 1185//1185
f 1179//1179 1181//1181 1183//1183
f 1134//1134 1178//1178 1136//1136
f 1136//1136 1183//1183 1137//1137
f 1178//1178 1183//1183 1136//1136
f 1137//1137 1185//1185 1139//1139
f 1183//1183 1185//1185 1137//1137
f 1024//1024 1026//1026 1188//1188
f 1188//1188 1181//1181 1024//1024
f 1026//1026 1028//1028 1190//1190
f 1190//1190 1188//1188 1026//1026
f 1181//1181 1188//1188 1193//1193
f 1193//1193 1185//1185 1181//1181
f 1193//1193 1190//1190 1195//1195
f 1188//1188 1190//1190 1193//1193
f 1190//1190 1030//1030 1197//1197
f 1028//1028 1030//1030 1190//1190
f 1197//1197 1030//1030 1031//1031
f 1190//1190 1197//1197 1199//1199
f 1199//1199 1195//1195 1190//1190
f 1201//1201 1031//1031 1033//1033
f 1201//1201 1199//1199 1031//1031
f 1199//1199 1197//1197 1031//1031
f 1139//1139 1193//1193 1141//1141
f 1185//1185 1193//1193 1139//1139
f 1141//1141 1195//1195 1143//1143
f 1193//1193 1195//1195 1141//1141
f 1195//1195 1199//1199 1145//1145
f 1145//1145 1143//1143 1195//1195
f 1145//1145 1201//1201 1148//1148
f 1199//1199 1201//1201 1145//1145
f 1201//1201 1036//1036 1202//1202
f 1033//1033 1036//1036 1201//1201
f 1202//1202 1038//1038 1204//1204
f 1036//1036 1038//1038 1202//1202
f 1204//1204 1040//1040 1206//1206
f 1038//1038 1040//1040 1204//1204
f 1206//1206 1042//1042 1172//1172
f 1040//1040 1042//1042 1206//1206
f 1201//1201 1202//1202 1150//1150
f 1150//1150 1148//1148 1201//1201
f 1202//1202 1204//1204 1151//1151
f 1151//1151 1150//1150 1202//1202
f 1151//1151 1206//1206 1152//1152
f 1204//1204 1206//1206 1151//1151
f 1152//1152 1172//1172 1112//1112
f 1206//1206 1172//1172 1152//1152
f 1172//1172 1044//1044 1174//1174
f 1042//1042 1044//1044 1172//1172
f 1174//1174 995//995 1157//1157
f 1044//1044 995//995 1174//1174
f 1327//1327 1325//1325 1477//1477
f 1330//1330 1327//1327 1477//1477
f 1482//1482 1336//1336 1487//1487
f 1333//1333 1336//1336 1482//1482
f 1336//1336 1338//1338 1490//1490
f 1490//1490 1487//1487 1336//1336
f 1482//1482 1487//1487 1494//1494
f 1494//1494 1492//1492 1482//1482
f 1487//1487 1490//1490 1497//1497
f 1497//1497 1494//1494 1487//1487
f 1338//1338 1340//1340 1499//1499
f 1499//1499 1490//1490 1338//1338
f 1340//1340 1342//1342 1501//1501
f 1501//1501 1499//1499 1340//1340
f 1490//1490 1499//1499 1503//1503
f 1503//1503 1497//1497 1490//1490
f 1499//1499 1501//1501 1505//1505
f 1505//1505 1503//1503 1499//1499
f 1492//1492 1494//1494 1447//1447
f 1447//1447 1442//1442 1492//1492
f 1494//1494 1497//1497 1450//1450
f 1450//1450 1447//1447 1494//1494
f 1497//1497 1503//1503 1452//1452
f 1452//1452 1450//1450 1497//1497
f 1503//1503 1505//1505 1454//1454
f 1454//1454 1452//1452 1503//1503
f 1501//1501 1344//1344 1508//1508
f 1342//1342 1344//1344 1501//1501
f 1344//1344 1345//1345 1510//1510
f 1510//1510 1508//1508 1344//1344
f 1505//1505 1508//1508 1512//1512
f 1501//1501 1508//1508 1505//1505
f 1512//1512 1510//1510 1514//1514
f 1508//1508 1510//1510 1512//1512
f 1345//1345 1347//1347 1516//1516
f 1516//1516 1510//1510 1345//1345
f 1516//1516 1348//1348 1518//1518
f 1347//1347 1348//1348 1516//1516
f 1514//1514 1516//1516 1520//1520
f 1510//1510 1516//1516 1514//1514
f 1516//1516 1518//1518 1521//1521
f 1521//1521 1520//1520 1516//1516
f 1454//1454 1512//1512 1456//1456
f 1505//1505 1512//1512 1454//1454
f 1456//1456 1514//1514 1458//1458
f 1512//1512 1514//1514 1456//1456
f 1458//1458 1520//1520 1460//1460
f 1514//1514 1520//1520 1458//1458
f 1461//1461 1521//1521 1523//1523
f 1461//1461 1520//1520 1521//1521
f 1461//1461 1460//1460 1520//1520
f 1461//1461 1523//1523 1463//1463
f 1518//1518 1351//1351 1527//1527
f 1348//1348 1351//1351 1518//1518
f 1351//1351 1353//1353 1529//1529
f 1529//1529 1527//1527 1351//1351
f 1518//1518 1527//1527 1531//1531
f 1531//1531 1521//1521 1518//1518
f 1527//1527 1529//1529 1533//1533
f 1533//1533 1531//1531 1527//1527
f 1529//1529 1353//1353 1354//1354
f 1535//1535 1354//1354 1356//1356
f 1535//1535 1533//1533 1354//1354
f 1533//1533 1529//1529 1354//1354
f 1356//1356 1358//1358 1537//1537
f 1537//1537 1535//1535 1356//1356
f 1521//1521 1531//1531 1538//1538
f 1538//1538 1523//1523 1521//1521
f 1531//1531 1533//1533 1539//1539
f 1539//1539 1538//1538 1531//1531
f 1523//1523 1538//1538 1466//1466
f 1466//1466 1463//1463 1523//1523
f 1538//1538 1539//1539 1468//1468
f 1468//1468 1466//1466 1538//1538
f 1533//1533 1535//1535 1542//1542
f 1542//1542 1539//1539 1533//1533
f 1542//1542 1537//1537 1544//1544
f 1535//1535 1537//1537 1542//1542
f 1539//1539 1542//1542 1470//1470
f 1470//1470 1468//1468 1539//1539
f 1470//1470 1544//1544 1471//1471
f 1542//1542 1544//1544 1470//1470
f 1537//1537 1360//1360 1546//1546
f 1358//1358 1360//1360 1537//1537
f 1546//1546 1362//1362 1547//1547
f 1360//1360 1362//1362 1546//1546
f 1547//1547 1363//1363 1548//1548
f 1362//1362 1363//1363 1547//1547
f 1548//1548 1326//1326 1478//1478
f 1363//1363 1326//1326 1548//1548
f 1544//1544 1546//1546 1550//1550
f 1537//1537 1546//1546 1544//1544
f 1550//1550 1547//1547 1551//1551
f 1546//1546 1547//1547 1550//1550
f 1471//1471 1550//1550 1474//1474
f 1544//1544 1550//1550 1471//1471
f 1474//1474 1551//1551 1475//1475
f 1550//1550 1551//1551 1474//1474
f 1551//1551 1548//1548 1552//1552
f 1547//1547 1548//1548 1551//1551
f 1552//1552 1478//1478 1489//1489
f 1548//1548 1478//1478 1552//1552
f 1475//1475 1552//1552 1476//1476
f 1551//1551 1552//1552 1475//1475
f 1476//1476 1489//1489 1441//1441
f 1552//1552 1489//1489 1476//1476
f 1684//1684 1557//1557 1686//1686
f 1555//1555 1557//1557 1684//1684
f 1686//1686 1560//1560 1687//1687
f 1557//1557 1560//1560 1686//1686
f 1684//1684 1686//1686 1692//1692
f 1692//1692 1690//1690 1684//1684
f 1686//1686 1687//1687 1695//1695
f 1695//1695 1692//1692 1686//1686
f 1687//1687 1562//1562 1696//1696
f 1560//1560 1562//1562 1687//1687
f 1696//1696 1562//1562 1564//1564
f 1687//1687 1696//1696 1698//1698
f 1698//1698 1695//1695 1687//1687
f 1683//1683 1698//1698 1554//1554
f 1698//1698 1564//1564 1554//1554
f 1698//1698 1696//1696 1564//1564
f 9//9 1//1 2//2
f 13//13 42//42 16//16
f 42//42 44//44 19//19
f 19//19 16//16 42//42
f 44//44 47//47 22//22
f 22//22 19//19 44//44
f 24//24 49//49 51//51
f 24//24 47//47 49//49
f 24//24 22//22 47//47
f 24//24 51//51 26//26
f 51//51 53//53 56//56
f 49//49 53//53 51//51
f 56//56 40//40 45//45
f 53//53 40//40 56//56
f 51//51 56//56 27//27
f 27//27 26//26 51//51
f 27//27 45//45 12//12
f 56//56 45//45 27//27
f 132//132 15//15 136//136
f 12//12 15//15 132//132
f 136//136 18//18 138//138
f 15//15 18//18 136//136
f 138//138 21//21 141//141
f 18//18 21//21 138//138
f 141//141 21//21 23//23
f 146//146 136//136 148//148
f 132//132 136//136 146//146
f 148//148 138//138 149//149
f 136//136 138//138 148//148
f 96//96 148//148 101//101
f 146//146 148//148 96//96
f 101//101 149//149 105//105
f 148//148 149//149 101//101
f 149//149 141//141 151//151
f 138//138 141//141 149//149
f 153//153 23//23 25//25
f 153//153 151//151 23//23
f 151//151 141//141 23//23
f 107//107 151//151 154//154
f 107//107 149//149 151//151
f 107//107 105//105 149//149
f 154//154 153//153 156//156
f 151//151 153//153 154//154
f 153//153 28//28 157//157
f 25//25 28//28 153//153
f 157//157 29//29 158//158
f 28//28 29//29 157//157
f 156//156 157//157 159//159
f 153//153 157//157 156//156
f 159//159 158//158 160//160
f 157//157 158//158 159//159
f 158//158 30//30 162//162
f 29//29 30//30 158//158
f 162//162 31//31 163//163
f 30//30 31//31 162//162
f 160//160 162//162 165//165
f 158//158 162//162 160//160
f 165//165 163//163 167//167
f 162//162 163//163 165//165
f 107//107 154//154 109//109
f 109//109 156//156 111//111
f 154//154 156//156 109//109
f 111//111 159//159 113//113
f 156//156 159//159 111//111
f 113//113 160//160 123//123
f 159//159 160//160 113//113
f 123//123 165//165 124//124
f 160//160 165//165 123//123
f 125//125 167//167 170//170
f 125//125 165//165 167//167
f 125//125 124//124 165//165
f 125//125 170//170 126//126
f 163//163 32//32 172//172
f 31//31 32//32 163//163
f 172//172 33//33 174//174
f 32//32 33//33 172//172
f 167//167 172//172 176//176
f 163//163 172//172 167//167
f 176//176 174//174 178//178
f 172//172 174//174 176//176
f 174//174 34//34 179//179
f 33//33 34//34 174//174
f 179//179 35//35 181//181
f 34//34 35//35 179//179
f 178//178 179//179 183//183
f 174//174 179//179 178//178
f 183//183 181//181 185//185
f 179//179 181//181 183//183
f 35//35 36//36 187//187
f 187//187 181//181 35//35
f 36//36 37//37 190//190
f 190//190 187//187 36//36
f 185//185 187//187 192//192
f 181//181 187//187 185//185
f 192//192 190//190 135//135
f 187//187 190//190 192//192
f 37//37 38//38 193//193
f 193//193 190//190 37//37
f 38//38 39//39 195//195
f 195//195 193//193 38//38
f 190//190 193//193 137//137
f 137//137 135//135 190//190
f 193//193 195//195 144//144
f 144//144 137//137 193//193
f 170//170 176//176 199//199
f 167//167 176//176 170//170
f 199//199 178//178 201//201
f 176//176 178//178 199//199
f 126//126 199//199 127//127
f 170//170 199//199 126//126
f 127//127 201//201 128//128
f 199//199 201//201 127//127
f 201//201 183//183 203//203
f 178//178 183//183 201//201
f 203//203 185//185 204//204
f 183//183 185//185 203//203
f 128//128 203//203 129//129
f 201//201 203//203 128//128
f 129//129 204//204 130//130
f 203//203 204//204 129//129
f 204//204 192//192 205//205
f 185//185 192//192 204//204
f 205//205 135//135 140//140
f 192//192 135//135 205//205
f 130//130 205//205 131//131
f 204//204 205//205 130//130
f 131//131 140//140 99//99
f 205//205 140//140 131//131
f 244//244 253//253 265//265
f 265//265 261//261 244//244
f 270//270 265//265 97//97
f 265//265 95//95 97//97
f 265//265 253//253 95//95
f 261//261 265//265 277//277
f 277//277 272//272 261//261
f 265//265 270//270 279//279
f 279//279 277//277 265//265
f 270//270 97//97 98//98
f 282//282 98//98 100//100
f 282//282 279//279 98//98
f 279//279 270//270 98//98
f 100//100 103//103 285//285
f 285//285 282//282 100//100
f 272//272 277//277 289//289
f 289//289 288//288 272//272
f 277//277 279//279 291//291
f 291//291 289//289 277//277
f 288//288 289//289 214//214
f 214//214 208//208 288//288
f 289//289 291//291 219//219
f 219//219 214//214 289//289
f 279//279 282//282 292//292
f 292//292 291//291 279//279
f 282//282 285//285 294//294
f 294//294 292//292 282//282
f 291//291 292//292 221//221
f 221//221 219//219 291//291
f 292//292 294//294 223//223
f 223//223 221//221 292//292
f 103//103 106//106 297//297
f 297//297 285//285 103//103
f 106//106 108//108 298//298
f 298//298 297//297 106//106
f 108//108 110//110 300//300
f 300//300 298//298 108//108
f 110//110 112//112 302//302
f 302//302 300//300 110//110
f 285//285 297//297 303//303
f 303//303 294//294 285//285
f 297//297 298//298 305//305
f 305//305 303//303 297//297
f 294//294 303//303 225//225
f 225//225 223//223 294//294
f 303//303 305//305 227//227
f 227//227 225//225 303//303
f 298//298 300//300 306//306
f 306//306 305//305 298//298
f 300//300 302//302 307//307
f 307//307 306//306 300//300
f 305//305 306//306 229//229
f 229//229 227//227 305//305
f 306//306 307//307 230//230
f 230//230 229//229 306//306
f 302//302 112//112 114//114
f 308//308 307//307 115//115
f 307//307 114//114 115//115
f 307//307 302//302 114//114
f 115//115 116//116 309//309
f 309//309 308//308 115//115
f 307//307 308//308 232//232
f 232//232 230//230 307//307
f 308//308 309//309 234//234
f 234//234 232//232 308//308
f 309//309 117//117 310//310
f 116//116 117//117 309//309
f 310//310 118//118 311//311
f 117//117 118//118 310//310
f 236//236 310//310 312//312
f 236//236 234//234 310//310
f 234//234 309//309 310//310
f 312//312 311//311 313//313
f 310//310 311//311 312//312
f 311//311 119//119 314//314
f 118//118 119//119 311//311
f 314//314 119//119 120//120
f 313//313 314//314 315//315
f 311//311 314//314 313//313
f 245//245 120//120 121//121
f 245//245 315//315 120//120
f 315//315 314//314 120//120
f 245//245 122//122 250//250
f 121//121 122//122 245//245
f 250//250 96//96 247//247
f 122//122 96//96 250//250
f 236//236 312//312 238//238
f 238//238 313//313 240//240
f 312//312 313//313 238//238
f 240//240 315//315 243//243
f 313//313 315//315 240//240
f 243//243 245//245 206//206
f 315//315 245//245 243//243
f 356//356 211//211 359//359
f 207//207 211//211 356//356
f 211//211 217//217 363//363
f 363//363 359//359 211//211
f 363//363 217//217 222//222
f 367//367 359//359 370//370
f 356//356 359//359 367//367
f 359//359 363//363 373//373
f 373//373 370//370 359//359
f 367//367 370//370 318//318
f 318//318 317//317 367//367
f 370//370 373//373 320//320
f 320//320 318//318 370//370
f 376//376 222//222 224//224
f 376//376 373//373 222//222
f 373//373 363//363 222//222
f 224//224 226//226 380//380
f 380//380 376//376 224//224
f 373//373 376//376 323//323
f 323//323 320//320 373//373
f 376//376 380//380 324//324
f 324//324 323//323 376//376
f 226//226 228//228 384//384
f 384//384 380//380 226//226
f 384//384 231//231 387//387
f 228//228 231//231 384//384
f 321//321 384//384 360//360
f 321//321 380//380 384//384
f 321//321 324//324 380//380
f 360//360 387//387 364//364
f 384//384 387//387 360//360
f 387//387 233//233 391//391
f 231//231 233//233 387//387
f 391//391 233//233 235//235
f 364//364 391//391 371//371
f 387//387 391//391 364//364
f 374//374 235//235 237//237
f 374//374 371//371 235//235
f 371//371 391//391 235//235
f 374//374 239//239 378//378
f 237//237 239//239 374//374
f 378//378 241//241 382//382
f 239//239 241//241 378//378
f 382//382 242//242 388//388
f 241//241 242//242 382//382
f 388//388 210//210 355//355
f 242//242 210//210 388//388
f 415//415 419//419 566//566
f 566//566 563//563 415//415
f 566//566 423//423 570//570
f 419//419 423//423 566//566
f 423//423 427//427 577//577
f 577//577 570//570 423//423
f 427//427 431//431 581//581
f 581//581 577//577 427//427
f 563//563 566//566 587//587
f 587//587 584//584 563//563
f 566//566 570//570 590//590
f 590//590 587//587 566//566
f 584//584 587//587 522//522
f 522//522 517//517 584//584
f 522//522 590//590 524//524
f 587//587 590//590 522//522
f 590//590 577//577 593//593
f 570//570 577//577 590//590
f 577//577 581//581 596//596
f 596//596 593//593 577//577
f 527//527 593//593 599//599
f 527//527 524//524 593//593
f 524//524 590//590 593//593
f 599//599 596//596 601//601
f 593//593 596//596 599//599
f 530//530 532//532 435//435
f 532//532 581//581 435//435
f 581//581 431//431 435//435
f 530//530 438//438 534//534
f 435//435 438//438 530//530
f 438//438 440//440 536//536
f 536//536 534//534 438//438
f 532//532 596//596 581//581
f 532//532 538//538 596//596
f 538//538 603//603 596//596
f 539//539 603//603 538//538
f 605//605 603//603 539//539
f 601//601 603//603 607//607
f 596//596 603//603 601//601
f 607//607 605//605 609//609
f 603//603 605//605 607//607
f 539//539 440//440 605//605
f 440//440 442//442 605//605
f 442//442 611//611 605//605
f 539//539 536//536 440//440
f 442//442 444//444 613//613
f 613//613 611//611 442//442
f 605//605 611//611 615//615
f 615//615 609//609 605//605
f 611//611 613//613 617//617
f 617//617 615//615 611//611
f 527//527 599//599 542//542
f 542//542 601//601 543//543
f 599//599 601//601 542//542
f 543//543 607//607 546//546
f 601//601 607//607 543//543
f 607//607 609//609 547//547
f 547//547 546//546 607//607
f 609//609 615//615 549//549
f 549//549 547//547 609//609
f 551//551 617//617 621//621
f 551//551 615//615 617//617
f 551//551 549//549 615//615
f 551//551 621//621 553//553
f 613//613 444//444 446//446
f 623//623 617//617 447//447
f 617//617 446//446 447//447
f 617//617 613//613 446//446
f 447//447 448//448 624//624
f 624//624 623//623 447//447
f 448//448 449//449 625//625
f 625//625 624//624 448//448
f 449//449 450//450 626//626
f 626//626 625//625 449//449
f 626//626 450//450 451//451
f 617//617 623//623 627//627
f 627//627 621//621 617//617
f 623//623 624//624 628//628
f 628//628 627//627 623//623
f 553//553 627//627 556//556
f 621//621 627//627 553//553
f 627//627 628//628 557//557
f 557//557 556//556 627//627
f 624//624 625//625 629//629
f 629//629 628//628 624//624
f 625//625 626//626 630//630
f 630//630 629//629 625//625
f 628//628 629//629 558//558
f 558//558 557//557 628//628
f 559//559 630//630 585//585
f 559//559 558//558 630//630
f 558//558 629//629 630//630
f 559//559 585//585 518//518
f 631//631 451//451 452//452
f 631//631 630//630 451//451
f 630//630 626//626 451//451
f 452//452 418//418 562//562
f 562//562 631//631 452//452
f 630//630 631//631 588//588
f 588//588 585//585 630//630
f 631//631 562//562 572//572
f 572//572 588//588 631//631
f 815//815 640//640 820//820
f 634//634 640//640 815//815
f 820//820 644//644 823//823
f 640//640 644//644 820//820
f 825//825 820//820 832//832
f 815//815 820//820 825//825
f 832//832 823//823 837//837
f 820//820 823//823 832//832
f 823//823 645//645 840//840
f 644//644 645//645 823//823
f 840//840 648//648 843//843
f 645//645 648//648 840//840
f 837//837 840//840 846//846
f 823//823 840//840 837//837
f 846//846 843//843 849//849
f 840//840 843//843 846//846
f 767//767 832//832 774//774
f 825//825 832//832 767//767
f 774//774 837//837 777//777
f 832//832 837//837 774//774
f 777//777 846//846 782//782
f 837//837 846//846 777//777
f 846//846 849//849 784//784
f 784//784 782//782 846//846
f 648//648 651//651 853//853
f 853//853 843//843 648//648
f 853//853 654//654 855//855
f 651//651 654//654 853//853
f 849//849 853//853 858//858
f 843//843 853//853 849//849
f 858//858 855//855 860//860
f 853//853 855//855 858//858
f 855//855 657//657 862//862
f 654//654 657//657 855//855
f 862//862 659//659 864//864
f 657//657 659//659 862//862
f 860//860 862//862 866//866
f 855//855 862//862 860//860
f 862//862 864//864 868//868
f 868//868 866//866 862//862
f 849//849 858//858 788//788
f 788//788 784//784 849//849
f 858//858 860//860 790//790
f 790//790 788//788 858//858
f 793//793 866//866 870//870
f 793//793 860//860 866//866
f 793//793 790//790 860//860
f 866//866 868//868 872//872
f 872//872 870//870 866//866
f 793//793 870//870 795//795
f 870//870 872//872 797//797
f 797//797 795//795 870//870
f 864//864 659//659 662//662
f 868//868 662//662 664//664
f 864//864 662//662 868//868
f 667//667 666//666 875//875
f 666//666 669//669 828//828
f 828//828 875//875 666//666
f 877//877 868//868 671//671
f 868//868 664//664 671//671
f 877//877 872//872 868//868
f 671//671 672//672 879//879
f 879//879 877//877 671//671
f 872//872 877//877 799//799
f 799//799 797//797 872//872
f 799//799 879//879 801//801
f 877//877 879//879 799//799
f 882//882 667//667 875//875
f 882//882 879//879 667//667
f 879//879 672//672 667//667
f 882//882 828//828 833//833
f 875//875 828//828 882//882
f 801//801 882//882 803//803
f 879//879 882//882 801//801
f 803//803 833//833 770//770
f 882//882 833//833 803//803
f 669//669 675//675 829//829
f 829//829 828//828 669//669
f 675//675 632//632 814//814
f 814//814 829//829 675//675
f 936//936 938//938 894//894
f 894//894 888//888 936//936
f 938//938 941//941 896//896
f 896//896 894//894 938//938
f 941//941 944//944 898//898
f 898//898 896//896 941//941
f 898//898 945//945 900//900
f 944//944 945//945 898//898
f 945//945 948//948 903//903
f 903//903 900//900 945//945
f 903//903 950//950 905//905
f 948//948 950//950 903//903
f 905//905 953//953 907//907
f 950//950 953//953 905//905
f 907//907 955//955 909//909
f 953//953 955//955 907//907
f 955//955 959//959 911//911
f 911//911 909//909 955//955
f 911//911 961//961 914//914
f 959//959 961//961 911//911
f 915//915 964//964 966//966
f 915//915 961//961 964//964
f 915//915 914//914 961//961
f 966//966 931//931 968//968
f 964//964 931//931 966//966
f 915//915 966//966 917//917
f 917//917 968//968 918//918
f 966//966 968//968 917//917
f 971//971 768//768 771//771
f 775//775 768//768 971//971
f 968//968 933//933 973//973
f 931//931 933//933 968//968
f 933//933 935//935 975//975
f 975//975 973//973 933//933
f 918//918 973//973 920//920
f 968//968 973//973 918//918
f 973//973 975//975 922//922
f 922//922 920//920 973//973
f 977//977 778//778 781//781
f 977//977 975//975 778//778
f 975//975 935//935 778//778
f 781//781 769//769 932//932
f 932//932 977//977 781//781
f 975//975 977//977 924//924
f 924//924 922//922 975//975
f 924//924 932//932 890//890
f 977//977 932//932 924//924
f 979//979 771//771 785//785
f 971//971 771//771 979//979
f 787//787 971//971 979//979
f 775//775 971//971 787//787
f 979//979 785//785 791//791
f 791//791 787//787 979//979
f 997//997 1050//1050 992//992
f 1050//1050 1056//1056 1002//1002
f 1002//1002 992//992 1050//1050
f 1002//1002 1056//1056 1007//1007
f 997//997 992//992 1155//1155
f 1155//1155 1002//1002 1162//1162
f 992//992 1002//1002 1155//1155
f 1162//1162 1002//1002 1007//1007
f 1269//1269 1110//1110 1113//1113
f 1269//1269 1113//1113 1116//1116
f 1125//1125 1122//1122 1275//1275
f 1127//1127 1125//1125 1275//1275
f 1275//1275 1122//1122 1129//1129
f 1275//1275 1129//1129 1127//1127
f 1273//1273 1132//1132 1280//1280
f 1118//1118 1132//1132 1273//1273
f 1280//1280 1132//1132 1134//1134
f 1222//1222 1280//1280 1225//1225
f 1273//1273 1280//1280 1222//1222
f 1228//1228 1225//1225 1285//1285
f 1225//1225 1280//1280 1285//1285
f 1280//1280 1134//1134 1285//1285
f 1134//1134 1136//1136 1285//1285
f 1228//1228 1285//1285 1232//1232
f 1285//1285 1137//1137 1289//1289
f 1136//1136 1137//1137 1285//1285
f 1289//1289 1139//1139 1291//1291
f 1137//1137 1139//1139 1289//1289
f 1285//1285 1289//1289 1238//1238
f 1238//1238 1232//1232 1285//1285
f 1235//1235 1291//1291 1294//1294
f 1235//1235 1289//1289 1291//1291
f 1235//1235 1238//1238 1289//1289
f 1291//1291 1141//1141 1295//1295
f 1139//1139 1141//1141 1291//1291
f 1141//1141 1143//1143 1298//1298
f 1298//1298 1295//1295 1141//1141
f 1294//1294 1295//1295 1300//1300
f 1291//1291 1295//1295 1294//1294
f 1300//1300 1298//1298 1302//1302
f 1295//1295 1298//1298 1300//1300
f 1298//1298 1145//1145 1304//1304
f 1143//1143 1145//1145 1298//1298
f 1304//1304 1148//1148 1305//1305
f 1145//1145 1148//1148 1304//1304
f 1298//1298 1304//1304 1307//1307
f 1307//1307 1302//1302 1298//1298
f 1241//1241 1307//1307 1305//1305
f 1307//1307 1304//1304 1305//1305
f 1241//1241 1244//1244 1307//1307
f 1251//1251 1310//1310 1248//1248
f 1248//1248 1310//1310 1253//1253
f 1251//1251 1148//1148 1310//1310
f 1148//1148 1150//1150 1310//1310
f 1251//1251 1305//1305 1148//1148
f 1251//1251 1256//1256 1305//1305
f 1259//1259 1253//1253 1313//1313
f 1253//1253 1151//1151 1313//1313
f 1253//1253 1310//1310 1151//1151
f 1310//1310 1150//1150 1151//1151
f 1256//1256 1241//1241 1305//1305
f 1256//1256 1250//1250 1241//1241
f 1256//1256 1262//1262 1250//1250
f 1262//1262 1311//1311 1250//1250
f 1262//1262 1314//1314 1311//1311
f 1262//1262 1259//1259 1314//1314
f 1259//1259 1313//1313 1314//1314
f 1313//1313 1152//1152 1318//1318
f 1151//1151 1152//1152 1313//1313
f 1318//1318 1112//1112 1270//1270
f 1152//1152 1112//1112 1318//1318
f 1313//1313 1318//1318 1316//1316
f 1316//1316 1314//1314 1313//1313
f 1318//1318 1270//1270 1279//1279
f 1279//1279 1316//1316 1318//1318
f 1325//1325 1364//1364 1329//1329
f 1329//1329 1364//1364 1330//1330
f 1222//1222 1372//1372 1368//1368
f 1225//1225 1372//1372 1222//1222
f 1372//1372 1225//1225 1228//1228
f 1368//1368 1372//1372 1378//1378
f 1378//1378 1375//1375 1368//1368
f 1381//1381 1378//1378 1232//1232
f 1378//1378 1228//1228 1232//1232
f 1378//1378 1372//1372 1228//1228
f 1232//1232 1238//1238 1385//1385
f 1385//1385 1381//1381 1232//1232
f 1385//1385 1238//1238 1235//1235
f 1244//1244 1241//1241 1390//1390
f 1251//1251 1248//1248 1395//1395
f 1395//1395 1248//1248 1253//1253
f 1256//1256 1395//1395 1398//1398
f 1251//1251 1395//1395 1256//1256
f 1398//1398 1253//1253 1259//1259
f 1395//1395 1253//1253 1398//1398
f 1390//1390 1241//1241 1250//1250
f 1398//1398 1262//1262 1256//1256
f 1398//1398 1259//1259 1262//1262
f 1//1 7//7 2//2
f 247//247 101//101 249//249
f 96//96 101//101 247//247
f 249//249 105//105 252//252
f 101//101 105//105 249//249
f 252//252 105//105 107//107
f 257//257 249//249 259//259
f 247//247 249//249 257//257
f 259//259 252//252 260//260
f 249//249 252//252 259//259
f 207//207 259//259 211//211
f 257//257 259//259 207//207
f 211//211 260//260 217//217
f 259//259 260//260 211//211
f 262//262 107//107 109//109
f 262//262 260//260 107//107
f 260//260 252//252 107//107
f 262//262 111//111 264//264
f 109//109 111//111 262//262
f 222//222 262//262 267//267
f 222//222 260//260 262//262
f 222//222 217//217 260//260
f 267//267 264//264 269//269
f 262//262 264//264 267//267
f 222//222 267//267 224//224
f 267//267 269//269 226//226
f 226//226 224//224 267//267
f 264//264 113//113 273//273
f 111//111 113//113 264//264
f 273//273 123//123 276//276
f 113//113 123//123 273//273
f 269//269 273//273 278//278
f 264//264 273//273 269//269
f 278//278 276//276 280//280
f 273//273 276//276 278//278
f 276//276 124//124 283//283
f 123//123 124//124 276//276
f 283//283 124//124 125//125
f 280//280 283//283 286//286
f 276//276 283//283 280//280
f 287//287 125//125 126//126
f 287//287 286//286 125//125
f 286//286 283//283 125//125
f 269//269 278//278 228//228
f 228//228 226//226 269//269
f 228//228 280//280 231//231
f 278//278 280//280 228//228
f 231//231 286//286 233//233
f 280//280 286//286 231//231
f 235//235 287//287 290//290
f 235//235 286//286 287//287
f 235//235 233//233 286//286
f 235//235 290//290 237//237
f 287//287 127//127 293//293
f 126//126 127//127 287//287
f 293//293 128//128 295//295
f 127//127 128//128 293//293
f 295//295 129//129 296//296
f 128//128 129//129 295//295
f 296//296 130//130 255//255
f 129//129 130//130 296//296
f 290//290 293//293 299//299
f 287//287 293//293 290//290
f 299//299 295//295 301//301
f 293//293 295//295 299//299
f 237//237 299//299 239//239
f 290//290 299//299 237//237
f 239//239 301//301 241//241
f 299//299 301//301 239//239
f 301//301 296//296 304//304
f 295//295 296//296 301//301
f 304//304 255//255 258//258
f 296//296 255//255 304//304
f 241//241 304//304 242//242
f 301//301 304//304 241//241
f 242//242 258//258 210//210
f 304//304 258//258 242//242
f 255//255 131//131 256//256
f 130//130 131//131 255//255
f 256//256 99//99 246//246
f 131//131 99//99 256//256
f 354//354 206//206 209//209
f 361//361 209//209 212//212
f 361//361 358//358 209//209
f 358//358 354//354 209//209
f 361//361 207//207 356//356
f 212//212 207//207 361//361
f 316//316 369//369 322//322
f 365//365 369//369 316//316
f 322//322 358//358 326//326
f 369//369 358//358 322//322
f 326//326 361//361 329//329
f 358//358 361//361 326//326
f 331//331 356//356 367//367
f 331//331 361//361 356//356
f 331//331 329//329 361//361
f 331//331 367//367 317//317
f 1006//1006 999//999 1153//1153
f 1153//1153 999//999 1010//1010
f 1013//1013 1017//1017 1168//1168
f 1168//1168 1159//1159 1013//1013
f 1017//1017 1018//1018 1170//1170
f 1170//1170 1168//1168 1017//1017
f 1171//1171 1168//1168 1176//1176
f 1159//1159 1168//1168 1171//1171
f 1168//1168 1170//1170 1177//1177
f 1177//1177 1176//1176 1168//1168
f 1180//1180 1018//1018 1153//1153
f 1018//1018 1006//1006 1153//1153
f 1180//1180 1170//1170 1018//1018
f 1182//1182 1180//1180 1021//1021
f 1180//1180 1010//1010 1021//1021
f 1180//1180 1153//1153 1010//1010
f 1170//1170 1180//1180 1184//1184
f 1184//1184 1177//1177 1170//1170
f 1180//1180 1182//1182 1186//1186
f 1186//1186 1184//1184 1180//1180
f 1182//1182 1023//1023 1187//1187
f 1021//1021 1023//1023 1182//1182
f 1023//1023 1025//1025 1189//1189
f 1189//1189 1187//1187 1023//1023
f 1182//1182 1187//1187 1191//1191
f 1191//1191 1186//1186 1182//1182
f 1191//1191 1189//1189 1192//1192
f 1187//1187 1189//1189 1191//1191
f 1025//1025 1027//1027 1194//1194
f 1194//1194 1189//1189 1025//1025
f 1027//1027 1029//1029 1196//1196
f 1196//1196 1194//1194 1027//1027
f 1189//1189 1194//1194 1198//1198
f 1198//1198 1192//1192 1189//1189
f 1194//1194 1196//1196 1200//1200
f 1200//1200 1198//1198 1194//1194
f 1114//1114 1176//1176 1120//1120
f 1171//1171 1176//1176 1114//1114
f 1120//1120 1177//1177 1124//1124
f 1176//1176 1177//1177 1120//1120
f 1124//1124 1184//1184 1126//1126
f 1177//1177 1184//1184 1124//1124
f 1184//1184 1186//1186 1128//1128
f 1128//1128 1126//1126 1184//1184
f 1186//1186 1191//1191 1130//1130
f 1130//1130 1128//1128 1186//1186
f 1130//1130 1192//1192 1131//1131
f 1191//1191 1192//1192 1130//1130
f 1131//1131 1198//1198 1133//1133
f 1192//1192 1198//1198 1131//1131
f 1198//1198 1200//1200 1135//1135
f 1135//1135 1133//1133 1198//1198
f 1034//1034 1032//1032 1203//1203
f 1032//1032 1035//1035 1205//1205
f 1205//1205 1203//1203 1032//1032
f 1205//1205 1035//1035 1037//1037
f 1207//1207 1034//1034 1203//1203
f 1207//1207 1029//1029 1034//1034
f 1207//1207 1196//1196 1029//1029
f 1207//1207 1205//1205 1208//1208
f 1203//1203 1205//1205 1207//1207
f 1196//1196 1207//1207 1209//1209
f 1209//1209 1200//1200 1196//1196
f 1207//1207 1208//1208 1210//1210
f 1210//1210 1209//1209 1207//1207
f 1211//1211 1208//1208 1039//1039
f 1208//1208 1037//1037 1039//1039
f 1208//1208 1205//1205 1037//1037
f 1211//1211 1039//1039 1041//1041
f 1208//1208 1211//1211 1212//1212
f 1212//1212 1210//1210 1208//1208
f 1213//1213 1041//1041 1043//1043
f 1213//1213 1212//1212 1041//1041
f 1212//1212 1211//1211 1041//1041
f 1138//1138 1158//1158 1110//1110
f 1043//1043 1045//1045 1214//1214
f 1214//1214 1213//1213 1043//1043
f 1045//1045 1046//1046 1154//1154
f 1154//1154 1214//1214 1045//1045
f 1116//1116 1158//1158 1138//1138
f 1154//1154 1047//1047 1161//1161
f 1046//1046 1047//1047 1154//1154
f 1161//1161 993//993 1163//1163
f 1047//1047 993//993 1161//1161
f 1135//1135 1209//1209 1140//1140
f 1200//1200 1209//1209 1135//1135
f 1209//1209 1210//1210 1142//1142
f 1142//1142 1140//1140 1209//1209
f 1144//1144 1212//1212 1215//1215
f 1144//1144 1210//1210 1212//1212
f 1144//1144 1142//1142 1210//1210
f 1212//1212 1213//1213 1216//1216
f 1216//1216 1215//1215 1212//1212
f 1144//1144 1215//1215 1146//1146
f 1215//1215 1216//1216 1147//1147
f 1147//1147 1146//1146 1215//1215
f 1213//1213 1214//1214 1217//1217
f 1217//1217 1216//1216 1213//1213
f 1214//1214 1154//1154 1165//1165
f 1165//1165 1217//1217 1214//1214
f 1216//1216 1217//1217 1149//1149
f 1149//1149 1147//1147 1216//1216
f 1217//1217 1165//1165 1111//1111
f 1111//1111 1149//1149 1217//1217
f 1553//1553 1558//1558 1689//1689
f 1689//1689 1685//1685 1553//1553
f 1558//1558 1561//1561 1691//1691
f 1691//1691 1689//1689 1558//1558
f 1561//1561 1563//1563 1693//1693
f 1693//1693 1691//1691 1561//1561
f 1693//1693 1565//1565 1694//1694
f 1563//1563 1565//1565 1693//1693
f 1697//1697 1689//1689 1699//1699
f 1685//1685 1689//1689 1697//1697
f 1689//1689 1691//1691 1700//1700
f 1700//1700 1699//1699 1689//1689
f 1701//1701 1699//1699 1702//1702
f 1697//1697 1699//1699 1701//1701
f 1702//1702 1700//1700 1703//1703
f 1699//1699 1700//1700 1702//1702
f 1691//1691 1693//1693 1704//1704
f 1704//1704 1700//1700 1691//1691
f 1693//1693 1694//1694 1705//1705
f 1705//1705 1704//1704 1693//1693
f 1700//1700 1704//1704 1706//1706
f 1706//1706 1703//1703 1700//1700
f 1706//1706 1705//1705 1707//1707
f 1704//1704 1705//1705 1706//1706
f 1694//1694 1566//1566 1708//1708
f 1565//1565 1566//1566 1694//1694
f 1708//1708 1567//1567 1709//1709
f 1566//1566 1567//1567 1708//1708
f 1709//1709 1568//1568 1710//1710
f 1567//1567 1568//1568 1709//1709
f 1710//1710 1569//1569 1711//1711
f 1568//1568 1569//1569 1710//1710
f 1705//1705 1708//1708 1712//1712
f 1694//1694 1708//1708 1705//1705
f 1712//1712 1709//1709 1713//1713
f 1708//1708 1709//1709 1712//1712
f 1707//1707 1712//1712 1714//1714
f 1705//1705 1712//1712 1707//1707
f 1714//1714 1713//1713 1715//1715
f 1712//1712 1713//1713 1714//1714
f 1713//1713 1710//1710 1716//1716
f 1709//1709 1710//1710 1713//1713
f 1716//1716 1711//1711 1717//1717
f 1710//1710 1711//1711 1716//1716
f 1715//1715 1716//1716 1718//1718
f 1713//1713 1716//1716 1715//1715
f 1718//1718 1717//1717 1719//1719
f 1716//1716 1717//1717 1718//1718
f 1711//1711 1570//1570 1720//1720
f 1569//1569 1570//1570 1711//1711
f 1720//1720 1571//1571 1721//1721
f 1570//1570 1571//1571 1720//1720
f 1721//1721 1571//1571 1572//1572
f 1717//1717 1720//1720 1722//1722
f 1711//1711 1720//1720 1717//1717
f 1722//1722 1721//1721 1723//1723
f 1720//1720 1721//1721 1722//1722
f 1719//1719 1722//1722 1724//1724
f 1717//1717 1722//1722 1719//1719
f 1724//1724 1723//1723 1725//1725
f 1722//1722 1723//1723 1724//1724
f 1726//1726 1723//1723 1573//1573
f 1723//1723 1572//1572 1573//1573
f 1723//1723 1721//1721 1572//1572
f 1726//1726 1555//1555 1684//1684
f 1573//1573 1555//1555 1726//1726
f 1725//1725 1726//1726 1727//1727
f 1723//1723 1726//1726 1725//1725
f 1726//1726 1684//1684 1690//1690
f 1690//1690 1727//1727 1726//1726
f 7//7 8//8 6//6
f 6//6 2//2 7//7
f 6//6 8//8 5//5
f 11//11 41//41 14//14
f 17//17 41//41 11//11
f 14//14 41//41 20//20
f 20//20 41//41 17//17
f 317//317 318//318 461//461
f 461//461 458//458 317//317
f 318//318 320//320 465//465
f 465//465 461//461 318//318
f 320//320 323//323 469//469
f 469//469 465//465 320//320
f 323//323 324//324 476//476
f 476//476 469//469 323//323
f 476//476 324//324 321//321
f 560//560 421//421 565//565
f 416//416 421//421 560//560
f 565//565 424//424 569//569
f 421//421 424//424 565//565
f 569//569 426//426 571//571
f 424//424 426//426 569//569
f 571//571 429//429 574//574
f 426//426 429//429 571//571
f 574//574 432//432 578//578
f 429//429 432//432 574//574
f 578//578 434//434 582//582
f 432//432 434//434 578//578
f 582//582 437//437 586//586
f 434//434 437//437 582//582
f 437//437 439//439 591//591
f 591//591 586//586 437//437
f 439//439 441//441 594//594
f 594//594 591//591 439//439
f 441//441 443//443 597//597
f 597//597 594//594 441//441
f 597//597 445//445 600//600
f 443//443 445//445 597//597
f 600//600 417//417 561//561
f 445//445 417//417 600//600
f 814//814 635//635 817//817
f 632//632 635//635 814//814
f 635//635 637//637 822//822
f 822//822 817//817 635//635
f 833//833 829//829 836//836
f 828//828 829//829 833//833
f 836//836 814//814 838//838
f 829//829 814//814 836//836
f 770//770 836//836 773//773
f 833//833 836//836 770//770
f 773//773 838//838 779//779
f 836//836 838//838 773//773
f 838//838 817//817 842//842
f 814//814 817//817 838//838
f 842//842 822//822 831//831
f 817//817 822//822 842//842
f 778//778 842//842 821//821
f 778//778 838//838 842//842
f 778//778 779//779 838//838
f 821//821 831//831 818//818
f 842//842 831//831 821//821
f 892//892 934//934 887//887
f 940//940 774//774 947//947
f 767//767 774//774 940//940
f 947//947 777//777 952//952
f 774//774 777//777 947//947
f 936//936 947//947 938//938
f 940//940 947//947 936//936
f 938//938 952//952 941//941
f 947//947 952//952 938//938
f 952//952 782//782 956//956
f 777//777 782//782 952//952
f 782//782 784//784 958//958
f 958//958 956//956 782//782
f 941//941 956//956 944//944
f 952//952 956//956 941//941
f 956//956 958//958 945//945
f 945//945 944//944 956//956
f 958//958 788//788 963//963
f 784//784 788//788 958//958
f 788//788 790//790 965//965
f 965//965 963//963 788//788
f 945//945 963//963 948//948
f 958//958 963//963 945//945
f 948//948 965//965 950//950
f 963//963 965//965 948//948
f 965//965 790//790 793//793
f 953//953 793//793 795//795
f 953//953 950//950 793//793
f 950//950 965//965 793//793
f 795//795 797//797 955//955
f 955//955 953//953 795//795
f 891//891 934//934 892//892
f 797//797 799//799 959//959
f 959//959 955//955 797//797
f 959//959 801//801 961//961
f 799//799 801//801 959//959
f 961//961 803//803 964//964
f 801//801 803//803 961//961
f 964//964 770//770 931//931
f 803//803 770//770 964//964
f 1326//1326 1328//1328 1480//1480
f 1480//1480 1478//1478 1326//1326
f 1328//1328 1331//1331 1483//1483
f 1483//1483 1480//1480 1328//1328
f 1331//1331 1332//1332 1485//1485
f 1485//1485 1483//1483 1331//1331
f 1485//1485 1332//1332 1334//1334
f 1478//1478 1480//1480 1491//1491
f 1491//1491 1489//1489 1478//1478
f 1480//1480 1483//1483 1493//1493
f 1493//1493 1491//1491 1480//1480
f 1489//1489 1491//1491 1444//1444
f 1444//1444 1441//1441 1489//1489
f 1445//1445 1493//1493 1496//1496
f 1445//1445 1491//1491 1493//1493
f 1445//1445 1444//1444 1491//1491
f 1483//1483 1485//1485 1498//1498
f 1498//1498 1493//1493 1483//1483
f 1500//1500 1334//1334 1335//1335
f 1500//1500 1498//1498 1334//1334
f 1498//1498 1485//1485 1334//1334
f 1493//1493 1498//1498 1502//1502
f 1502//1502 1496//1496 1493//1493
f 1498//1498 1500//1500 1504//1504
f 1504//1504 1502//1502 1498//1498
f 1335//1335 1337//1337 1506//1506
f 1506//1506 1500//1500 1335//1335
f 1506//1506 1339//1339 1507//1507
f 1337//1337 1339//1339 1506//1506
f 1500//1500 1506//1506 1509//1509
f 1509//1509 1504//1504 1500//1500
f 1506//1506 1507//1507 1511//1511
f 1511//1511 1509//1509 1506//1506
f 1507//1507 1341//1341 1513//1513
f 1339//1339 1341//1341 1507//1507
f 1513//1513 1343//1343 1515//1515
f 1341//1341 1343//1343 1513//1513
f 1511//1511 1513//1513 1517//1517
f 1507//1507 1513//1513 1511//1511
f 1517//1517 1515//1515 1519//1519
f 1513//1513 1515//1515 1517//1517
f 1445//1445 1496//1496 1449//1449
f 1496//1496 1502//1502 1451//1451
f 1451//1451 1449//1449 1496//1496
f 1502//1502 1504//1504 1453//1453
f 1453//1453 1451//1451 1502//1502
f 1504//1504 1509//1509 1455//1455
f 1455//1455 1453//1453 1504//1504
f 1455//1455 1511//1511 1457//1457
f 1509//1509 1511//1511 1455//1455
f 1457//1457 1517//1517 1459//1459
f 1511//1511 1517//1517 1457//1457
f 1459//1459 1519//1519 1462//1462
f 1517//1517 1519//1519 1459//1459
f 1515//1515 1346//1346 1522//1522
f 1343//1343 1346//1346 1515//1515
f 1522//1522 1349//1349 1524//1524
f 1346//1346 1349//1349 1522//1522
f 1519//1519 1522//1522 1525//1525
f 1515//1515 1522//1522 1519//1519
f 1525//1525 1524//1524 1526//1526
f 1522//1522 1524//1524 1525//1525
f 1524//1524 1350//1350 1528//1528
f 1349//1349 1350//1350 1524//1524
f 1528//1528 1352//1352 1530//1530
f 1350//1350 1352//1352 1528//1528
f 1526//1526 1528//1528 1532//1532
f 1524//1524 1528//1528 1526//1526
f 1532//1532 1530//1530 1534//1534
f 1528//1528 1530//1530 1532//1532
f 1352//1352 1355//1355 1536//1536
f 1536//1536 1530//1530 1352//1352
f 1355//1355 1357//1357 1540//1540
f 1540//1540 1536//1536 1355//1355
f 1534//1534 1536//1536 1541//1541
f 1530//1530 1536//1536 1534//1534
f 1541//1541 1540//1540 1479//1479
f 1536//1536 1540//1540 1541//1541
f 1357//1357 1359//1359 1543//1543
f 1543//1543 1540//1540 1357//1357
f 1359//1359 1361//1361 1545//1545
f 1545//1545 1543//1543 1359//1359
f 1540//1540 1543//1543 1481//1481
f 1481//1481 1479//1479 1540//1540
f 1543//1543 1545//1545 1488//1488
f 1488//1488 1481//1481 1543//1543
f 1462//1462 1525//1525 1464//1464
f 1519//1519 1525//1525 1462//1462
f 1464//1464 1526//1526 1465//1465
f 1525//1525 1526//1526 1464//1464
f 1465//1465 1532//1532 1467//1467
f 1526//1526 1532//1532 1465//1465
f 1467//1467 1534//1534 1469//1469
f 1532//1532 1534//1534 1467//1467
f 1472//1472 1541//1541 1549//1549
f 1472//1472 1534//1534 1541//1541
f 1472//1472 1469//1469 1534//1534
f 1549//1549 1479//1479 1484//1484
f 1541//1541 1479//1479 1549//1549
f 1472//1472 1549//1549 1473//1473
f 1473//1473 1484//1484 1443//1443
f 1549//1549 1484//1484 1473//1473
f 1554//1554 1556//1556 1688//1688
f 1688//1688 1683//1683 1554//1554
f 1688//1688 1556//1556 1559//1559
f 453//453 322//322 456//456
f 316//316 322//322 453//453
f 322//322 326//326 459//459
f 459//459 456//456 322//322
f 420//420 456//456 462//462
f 420//420 453//453 456//456
f 420//420 417//417 453//453
f 456//456 459//459 466//466
f 466//466 462//462 456//456
f 326//326 329//329 467//467
f 467//467 459//459 326//326
f 467//467 329//329 331//331
f 459//459 467//467 471//471
f 471//471 466//466 459//459
f 458//458 331//331 317//317
f 458//458 471//471 331//331
f 471//471 467//467 331//331
f 420//420 462//462 428//428
f 462//462 466//466 430//430
f 430//430 428//428 462//462
f 466//466 471//471 433//433
f 433//433 430//430 466//466
f 436//436 458//458 463//463
f 436//436 433//433 458//458
f 433//433 471//471 458//458
f 436//436 463//463 415//415
f 639//639 684//684 642//642
f 684//684 690//690 646//646
f 646//646 642//642 684//684
f 690//690 695//695 649//649
f 649//649 646//646 690//690
f 695//695 699//699 652//652
f 652//652 649//649 695//695
f 699//699 702//702 655//655
f 655//655 652//652 699//699
f 889//889 934//934 891//891
f 1055//1055 1052//1052 1057//1057
f 1049//1049 1052//1052 1055//1055
f 1057//1057 1060//1060 1065//1065
f 1052//1052 1060//1060 1057//1057
f 995//995 1057//1057 1000//1000
f 1055//1055 1057//1057 995//995
f 1000//1000 1065//1065 1005//1005
f 1057//1057 1065//1065 1000//1000
f 1157//1157 1000//1000 1160//1160
f 995//995 1000//1000 1157//1157
f 1160//1160 1005//1005 1164//1164
f 1000//1000 1005//1005 1160//1160
f 1172//1172 1174//1174 1117//1117
f 1117//1117 1112//1112 1172//1172
f 1117//1117 1157//1157 1119//1119
f 1174//1174 1157//1157 1117//1117
f 1119//1119 1160//1160 1121//1121
f 1157//1157 1160//1160 1119//1119
f 1160//1160 1164//1164 1123//1123
f 1123//1123 1121//1121 1160//1160
f 1441//1441 1444//1444 1578//1578
f 1578//1578 1575//1575 1441//1441
f 1578//1578 1444//1444 1445//1445
f 1575//1575 1578//1578 1586//1586
f 1586//1586 1583//1583 1575//1575
f 1590//1590 1445//1445 1449//1449
f 1590//1590 1586//1586 1445//1445
f 1586//1586 1578//1578 1445//1445
f 1583//1583 1586//1586 1596//1596
f 1596//1596 1593//1593 1583//1583
f 1586//1586 1590//1590 1601//1601
f 1601//1601 1596//1596 1586//1586
f 1449//1449 1451//1451 1604//1604
f 1604//1604 1590//1590 1449//1449
f 1451//1451 1453//1453 1606//1606
f 1606//1606 1604//1604 1451//1451
f 1590//1590 1604//1604 1610//1610
f 1610//1610 1601//1601 1590//1590
f 1604//1604 1606//1606 1614//1614
f 1614//1614 1610//1610 1604//1604
f 1593//1593 1596//1596 1617//1617
f 1617//1617 1605//1605 1593//1593
f 1596//1596 1601//1601 1620//1620
f 1620//1620 1617//1617 1596//1596
f 1605//1605 1617//1617 1556//1556
f 1556//1556 1554//1554 1605//1605
f 1559//1559 1620//1620 1624//1624
f 1559//1559 1556//1556 1620//1620
f 1556//1556 1617//1617 1620//1620
f 1601//1601 1610//1610 1628//1628
f 1628//1628 1620//1620 1601//1601
f 1610//1610 1614//1614 1630//1630
f 1630//1630 1628//1628 1610//1610
f 1620//1620 1628//1628 1632//1632
f 1632//1632 1624//1624 1620//1620
f 1628//1628 1630//1630 1634//1634
f 1634//1634 1632//1632 1628//1628
f 1453//1453 1455//1455 1637//1637
f 1637//1637 1606//1606 1453//1453
f 1637//1637 1457//1457 1640//1640
f 1455//1455 1457//1457 1637//1637
f 1606//1606 1637//1637 1641//1641
f 1641//1641 1614//1614 1606//1606
f 1637//1637 1640//1640 1643//1643
f 1643//1643 1641//1641 1637//1637
f 1640//1640 1459//1459 1645//1645
f 1457//1457 1459//1459 1640//1640
f 1645//1645 1462//1462 1647//1647
f 1459//1459 1462//1462 1645//1645
f 1640//1640 1645//1645 1649//1649
f 1649//1649 1643//1643 1640//1640
f 1649//1649 1647//1647 1650//1650
f 1645//1645 1647//1647 1649//1649
f 1614//1614 1641//1641 1652//1652
f 1652//1652 1630//1630 1614//1614
f 1641//1641 1643//1643 1654//1654
f 1654//1654 1652//1652 1641//1641
f 1630//1630 1652//1652 1656//1656
f 1656//1656 1634//1634 1630//1630
f 1652//1652 1654//1654 1658//1658
f 1658//1658 1656//1656 1652//1652
f 1643//1643 1649//1649 1660//1660
f 1660//1660 1654//1654 1643//1643
f 1649//1649 1650//1650 1661//1661
f 1661//1661 1660//1660 1649//1649
f 1654//1654 1660//1660 1663//1663
f 1663//1663 1658//1658 1654//1654
f 1660//1660 1661//1661 1665//1665
f 1665//1665 1663//1663 1660//1660
f 1647//1647 1464//1464 1669//1669
f 1462//1462 1464//1464 1647//1647
f 1669//1669 1465//1465 1670//1670
f 1464//1464 1465//1465 1669//1669
f 1650//1650 1669//1669 1672//1672
f 1647//1647 1669//1669 1650//1650
f 1672//1672 1670//1670 1673//1673
f 1669//1669 1670//1670 1672//1672
f 1670//1670 1467//1467 1674//1674
f 1465//1465 1467//1467 1670//1670
f 1674//1674 1469//1469 1675//1675
f 1467//1467 1469//1469 1674//1674
f 1673//1673 1674//1674 1676//1676
f 1670//1670 1674//1674 1673//1673
f 1676//1676 1675//1675 1589//1589
f 1674//1674 1675//1675 1676//1676
f 1661//1661 1672//1672 1677//1677
f 1650//1650 1672//1672 1661//1661
f 1677//1677 1673//1673 1678//1678
f 1672//1672 1673//1673 1677//1677
f 1665//1665 1677//1677 1679//1679
f 1661//1661 1677//1677 1665//1665
f 1679//1679 1678//1678 1680//1680
f 1677//1677 1678//1678 1679//1679
f 1678//1678 1676//1676 1681//1681
f 1673//1673 1676//1676 1678//1678
f 1681//1681 1589//1589 1595//1595
f 1676//1676 1589//1589 1681//1681
f 1680//1680 1681//1681 1682//1682
f 1678//1678 1681//1681 1680//1680
f 1682//1682 1595//1595 1607//1607
f 1681//1681 1595//1595 1682//1682
f 1675//1675 1469//1469 1472//1472
f 1591//1591 1472//1472 1473//1473
f 1591//1591 1589//1589 1472//1472
f 1589//1589 1675//1675 1472//1472
f 1591//1591 1443//1443 1576//1576
f 1473//1473 1443//1443 1591//1591
f 3//3 1//1 9//9
f 3//3 9//9 10//10
f 10//10 4//4 3//3
f 5//5 4//4 10//10
f 45//45 43//43 46//46
f 40//40 43//43 45//45
f 46//46 48//48 50//50
f 43//43 48//48 46//46
f 12//12 46//46 15//15
f 45//45 46//46 12//12
f 15//15 50//50 18//18
f 46//46 50//50 15//15
f 50//50 52//52 54//54
f 48//48 52//52 50//50
f 54//54 55//55 57//57
f 52//52 55//55 54//54
f 18//18 54//54 21//21
f 50//50 54//54 18//18
f 23//23 57//57 58//58
f 23//23 54//54 57//57
f 23//23 21//21 54//54
f 23//23 58//58 25//25
f 57//57 59//59 60//60
f 55//55 59//59 57//57
f 60//60 61//61 62//62
f 59//59 61//61 60//60
f 58//58 60//60 63//63
f 57//57 60//60 58//58
f 63//63 62//62 64//64
f 60//60 62//62 63//63
f 61//61 65//65 66//66
f 66//66 62//62 61//61
f 65//65 67//67 68//68
f 68//68 66//66 65//65
f 64//64 66//66 69//69
f 62//62 66//66 64//64
f 69//69 68//68 70//70
f 66//66 68//68 69//69
f 25//25 63//63 28//28
f 58//58 63//63 25//25
f 28//28 64//64 29//29
f 63//63 64//64 28//28
f 29//29 69//69 30//30
f 64//64 69//69 29//29
f 30//30 70//70 31//31
f 69//69 70//70 30//30
f 67//67 71//71 72//72
f 72//72 68//68 67//67
f 71//71 73//73 74//74
f 74//74 72//72 71//71
f 70//70 72//72 75//75
f 68//68 72//72 70//70
f 72//72 74//74 76//76
f 76//76 75//75 72//72
f 73//73 77//77 78//78
f 78//78 74//74 73//73
f 77//77 79//79 80//80
f 80//80 78//78 77//77
f 74//74 78//78 81//81
f 81//81 76//76 74//74
f 78//78 80//80 82//82
f 82//82 81//81 78//78
f 31//31 75//75 32//32
f 70//70 75//75 31//31
f 32//32 76//76 33//33
f 75//75 76//76 32//32
f 33//33 81//81 34//34
f 76//76 81//81 33//33
f 81//81 82//82 35//35
f 35//35 34//34 81//81
f 79//79 83//83 84//84
f 84//84 80//80 79//79
f 83//83 85//85 86//86
f 86//86 84//84 83//83
f 80//80 84//84 87//87
f 87//87 82//82 80//80
f 84//84 86//86 88//88
f 88//88 87//87 84//84
f 85//85 89//89 90//90
f 90//90 86//86 85//85
f 89//89 91//91 92//92
f 92//92 90//90 89//89
f 86//86 90//90 93//93
f 93//93 88//88 86//86
f 90//90 92//92 94//94
f 94//94 93//93 90//90
f 82//82 87//87 36//36
f 36//36 35//35 82//82
f 87//87 88//88 37//37
f 37//37 36//36 87//87
f 88//88 93//93 38//38
f 38//38 37//37 88//88
f 93//93 94//94 39//39
f 39//39 38//38 93//93
f 418//418 457//457 422//422
f 454//454 457//457 418//418
f 422//422 460//460 425//425
f 457//457 460//460 422//422
f 561//561 417//417 420//420
f 568//568 565//565 573//573
f 560//560 565//565 568//568
f 573//573 569//569 575//575
f 565//565 569//569 573//573
f 516//516 573//573 519//519
f 568//568 573//573 516//516
f 519//519 575//575 521//521
f 573//573 575//575 519//519
f 569//569 571//571 579//579
f 579//579 575//575 569//569
f 579//579 574//574 583//583
f 571//571 574//574 579//579
f 575//575 579//579 525//525
f 525//525 521//521 575//575
f 579//579 583//583 528//528
f 528//528 525//525 579//579
f 583//583 578//578 589//589
f 574//574 578//578 583//583
f 589//589 582//582 592//592
f 578//578 582//582 589//589
f 528//528 589//589 531//531
f 583//583 589//589 528//528
f 531//531 592//592 533//533
f 589//589 592//592 531//531
f 592//592 586//586 595//595
f 582//582 586//586 592//592
f 595//595 591//591 598//598
f 586//586 591//591 595//595
f 533//533 595//595 535//535
f 592//592 595//595 533//533
f 535//535 598//598 537//537
f 595//595 598//598 535//535
f 591//591 594//594 602//602
f 602//602 598//598 591//591
f 594//594 597//597 604//604
f 604//604 602//602 594//594
f 598//598 602//602 540//540
f 540//540 537//537 598//598
f 540//540 604//604 541//541
f 602//602 604//604 540//540
f 604//604 600//600 606//606
f 597//597 600//600 604//604
f 606//606 561//561 608//608
f 600//600 561//561 606//606
f 541//541 606//606 544//544
f 604//604 606//606 541//541
f 545//545 608//608 610//610
f 545//545 606//606 608//608
f 545//545 544//544 606//606
f 545//545 610//610 548//548
f 612//612 608//608 428//428
f 608//608 420//420 428//428
f 608//608 561//561 420//420
f 612//612 430//430 614//614
f 428//428 430//430 612//612
f 608//608 612//612 616//616
f 616//616 610//610 608//608
f 612//612 614//614 618//618
f 618//618 616//616 612//612
f 614//614 433//433 619//619
f 430//430 433//433 614//614
f 619//619 433//433 436//436
f 614//614 619//619 620//620
f 620//620 618//618 614//614
f 563//563 436//436 415//415
f 563//563 620//620 436//436
f 620//620 619//619 436//436
f 610//610 616//616 550//550
f 550//550 548//548 610//610
f 616//616 618//618 552//552
f 552//552 550//550 616//616
f 554//554 620//620 622//622
f 554//554 618//618 620//620
f 554//554 552//552 618//618
f 620//620 563//563 584//584
f 584//584 622//622 620//620
f 554//554 622//622 555//555
f 622//622 584//584 517//517
f 517//517 555//555 622//622
f 678//678 519//519 685//685
f 516//516 519//519 678//678
f 685//685 521//521 689//689
f 519//519 521//521 685//685
f 521//521 525//525 693//693
f 693//693 689//689 521//521
f 525//525 528//528 696//696
f 696//696 693//693 525//525
f 700//700 685//685 704//704
f 678//678 685//685 700//700
f 704//704 689//689 706//706
f 685//685 689//689 704//704
f 708//708 704//704 710//710
f 700//700 704//704 708//708
f 710//710 706//706 712//712
f 704//704 706//706 710//710
f 689//689 693//693 714//714
f 714//714 706//706 689//689
f 693//693 696//696 716//716
f 716//716 714//714 693//693
f 712//712 714//714 717//717
f 706//706 714//714 712//712
f 714//714 716//716 718//718
f 718//718 717//717 714//714
f 528//528 531//531 721//721
f 721//721 696//696 528//528
f 531//531 533//533 723//723
f 723//723 721//721 531//531
f 533//533 535//535 725//725
f 725//725 723//723 533//533
f 535//535 537//537 727//727
f 727//727 725//725 535//535
f 696//696 721//721 729//729
f 729//729 716//716 696//696
f 721//721 723//723 731//731
f 731//731 729//729 721//721
f 716//716 729//729 733//733
f 733//733 718//718 716//716
f 729//729 731//731 734//734
f 734//734 733//733 729//729
f 723//723 725//725 736//736
f 736//736 731//731 723//723
f 736//736 727//727 737//737
f 725//725 727//727 736//736
f 734//734 736//736 739//739
f 731//731 736//736 734//734
f 739//739 737//737 740//740
f 736//736 737//737 739//739
f 634//634 710//710 640//640
f 708//708 710//710 634//634
f 640//640 712//712 644//644
f 710//710 712//712 640//640
f 644//644 717//717 645//645
f 712//712 717//717 644//644
f 717//717 718//718 648//648
f 648//648 645//645 717//717
f 718//718 733//733 651//651
f 651//651 648//648 718//718
f 651//651 734//734 654//654
f 733//733 734//734 651//651
f 654//654 739//739 657//657
f 734//734 739//739 654//654
f 657//657 740//740 659//659
f 739//739 740//740 657//657
f 727//727 540//540 745//745
f 537//537 540//540 727//727
f 745//745 541//541 746//746
f 540//540 541//541 745//745
f 746//746 544//544 748//748
f 541//541 544//544 746//746
f 748//748 544//544 545//545
f 737//737 745//745 749//749
f 727//727 745//745 737//737
f 749//749 746//746 750//750
f 745//745 746//746 749//749
f 740//740 749//749 751//751
f 737//737 749//749 740//740
f 749//749 750//750 752//752
f 752//752 751//751 749//749
f 746//746 748//748 753//753
f 753//753 750//750 746//746
f 754//754 545//545 548//548
f 754//754 753//753 545//545
f 753//753 748//748 545//545
f 750//750 753//753 755//755
f 755//755 752//752 750//750
f 753//753 754//754 756//756
f 756//756 755//755 753//753
f 548//548 550//550 757//757
f 757//757 754//754 548//548
f 550//550 552//552 758//758
f 758//758 757//757 550//550
f 754//754 757//757 759//759
f 759//759 756//756 754//754
f 757//757 758//758 677//677
f 677//677 759//759 757//757
f 758//758 552//552 554//554
f 680//680 554//554 555//555
f 680//680 677//677 554//554
f 677//677 758//758 554//554
f 555//555 517//517 681//681
f 681//681 680//680 555//555
f 662//662 740//740 760//760
f 740//740 751//751 760//760
f 662//662 659//659 740//740
f 751//751 752//752 761//761
f 761//761 760//760 751//751
f 760//760 762//762 664//664
f 664//664 662//662 760//760
f 762//762 761//761 763//763
f 760//760 761//761 762//762
f 761//761 755//755 764//764
f 752//752 755//755 761//761
f 755//755 756//756 765//765
f 765//765 764//764 755//755
f 666//666 761//761 764//764
f 666//666 667//667 761//761
f 667//667 763//763 761//761
f 666//666 765//765 669//669
f 764//764 765//765 666//666
f 664//664 762//762 671//671
f 762//762 763//763 672//672
f 672//672 671//671 762//762
f 672//672 763//763 667//667
f 756//756 759//759 766//766
f 766//766 765//765 756//756
f 759//759 677//677 688//688
f 688//688 766//766 759//759
f 765//765 766//766 675//675
f 675//675 669//669 765//765
f 766//766 688//688 632//632
f 632//632 675//675 766//766
f 636//636 633//633 816//816
f 816//816 633//633 638//638
f 822//822 637//637 643//643
f 816//816 641//641 636//636
f 816//816 638//638 641//641
f 835//835 643//643 647//647
f 835//835 831//831 643//643
f 831//831 822//822 643//643
f 647//647 650//650 839//839
f 839//839 835//835 647//647
f 818//818 835//835 824//824
f 831//831 835//835 818//818
f 824//824 839//839 827//827
f 835//835 839//839 824//824
f 650//650 653//653 844//844
f 844//844 839//839 650//650
f 653//653 656//656 848//848
f 848//848 844//844 653//653
f 839//839 844//844 830//830
f 830//830 827//827 839//839
f 844//844 848//848 834//834
f 834//834 830//830 844//844
f 656//656 658//658 851//851
f 851//851 848//848 656//656
f 851//851 658//658 660//660
f 848//848 851//851 845//845
f 845//845 834//834 848//848
f 847//847 660//660 661//661
f 847//847 845//845 660//660
f 845//845 851//851 660//660
f 665//665 663//663 856//856
f 856//856 663//663 668//668
f 852//852 665//665 856//856
f 852//852 847//847 665//665
f 847//847 661//661 665//665
f 857//857 852//852 670//670
f 852//852 668//668 670//670
f 852//852 856//856 668//668
f 670//670 673//673 861//861
f 861//861 857//857 670//670
f 673//673 674//674 863//863
f 863//863 861//861 673//673
f 674//674 676//676 869//869
f 869//869 863//863 674//674
f 869//869 676//676 639//639
f 892//892 887//887 1048//1048
f 998//998 1054//1054 994//994
f 1003//1003 1050//1050 997//997
f 1008//1008 994//994 1054//1054
f 1011//1011 1054//1054 998//998
f 1008//1008 1054//1054 1011//1011
f 1015//1015 1050//1050 1003//1003
f 1056//1056 1050//1050 1015//1015
f 1007//1007 1056//1056 1015//1015
f 891//891 892//892 1048//1048
f 1268//1268 1120//1120 1274//1274
f 1114//1114 1120//1120 1268//1268
f 1274//1274 1124//1124 1277//1277
f 1120//1120 1124//1124 1274//1274
f 1281//1281 1274//1274 1286//1286
f 1268//1268 1274//1274 1281//1281
f 1286//1286 1277//1277 1292//1292
f 1274//1274 1277//1277 1286//1286
f 1277//1277 1126//1126 1296//1296
f 1124//1124 1126//1126 1277//1277
f 1126//1126 1128//1128 1299//1299
f 1299//1299 1296//1296 1126//1126
f 1292//1292 1296//1296 1301//1301
f 1277//1277 1296//1296 1292//1292
f 1301//1301 1299//1299 1303//1303
f 1296//1296 1299//1299 1301//1301
f 1281//1281 1286//1286 1231//1231
f 1231//1231 1223//1223 1281//1281
f 1231//1231 1292//1292 1233//1233
f 1286//1286 1292//1292 1231//1231
f 1233//1233 1301//1301 1234//1234
f 1292//1292 1301//1301 1233//1233
f 1234//1234 1303//1303 1236//1236
f 1301//1301 1303//1303 1234//1234
f 1299//1299 1130//1130 1306//1306
f 1128//1128 1130//1130 1299//1299
f 1306//1306 1131//1131 1308//1308
f 1130//1130 1131//1131 1306//1306
f 1303//1303 1306//1306 1309//1309
f 1299//1299 1306//1306 1303//1303
f 1309//1309 1308//1308 1312//1312
f 1306//1306 1308//1308 1309//1309
f 1308//1308 1133//1133 1315//1315
f 1131//1131 1133//1133 1308//1308
f 1315//1315 1135//1135 1317//1317
f 1133//1133 1135//1135 1315//1315
f 1239//1239 1308//1308 1315//1315
f 1239//1239 1242//1242 1308//1308
f 1242//1242 1312//1312 1308//1308
f 1239//1239 1317//1317 1245//1245
f 1315//1315 1317//1317 1239//1239
f 1236//1236 1309//1309 1247//1247
f 1303//1303 1309//1309 1236//1236
f 1247//1247 1312//1312 1249//1249
f 1309//1309 1312//1312 1247//1247
f 1249//1249 1312//1312 1242//1242
f 1138//1138 1110//1110 1269//1269
f 1116//1116 1138//1138 1269//1269
f 1135//1135 1140//1140 1319//1319
f 1319//1319 1317//1317 1135//1135
f 1319//1319 1142//1142 1320//1320
f 1140//1140 1142//1142 1319//1319
f 1254//1254 1319//1319 1321//1321
f 1254//1254 1317//1317 1319//1319
f 1254//1254 1245//1245 1317//1317
f 1321//1321 1320//1320 1322//1322
f 1319//1319 1320//1320 1321//1321
f 1320//1320 1142//1142 1144//1144
f 1323//1323 1144//1144 1146//1146
f 1323//1323 1322//1322 1144//1144
f 1322//1322 1320//1320 1144//1144
f 1146//1146 1147//1147 1278//1278
f 1278//1278 1323//1323 1146//1146
f 1254//1254 1321//1321 1257//1257
f 1257//1257 1322//1322 1260//1260
f 1321//1321 1322//1322 1257//1257
f 1263//1263 1323//1323 1324//1324
f 1263//1263 1322//1322 1323//1323
f 1263//1263 1260//1260 1322//1322
f 1323//1323 1278//1278 1284//1284
f 1284//1284 1324//1324 1323//1323
f 1263//1263 1324//1324 1265//1265
f 1324//1324 1284//1284 1218//1218
f 1218//1218 1265//1265 1324//1324
f 1147//1147 1149//1149 1282//1282
f 1282//1282 1278//1278 1147//1147
f 1149//1149 1111//1111 1267//1267
f 1267//1267 1282//1282 1149//1149
f 1327//1327 1364//1364 1325//1325
f 1218//1218 1220//1220 1371//1371
f 1371//1371 1367//1367 1218//1218
f 1220//1220 1224//1224 1374//1374
f 1374//1374 1371//1371 1220//1220
f 1229//1229 1227//1227 1377//1377
f 1330//1330 1364//1364 1327//1327
f 1368//1368 1227//1227 1222//1222
f 1377//1377 1227//1227 1368//1368
f 1380//1380 1229//1229 1377//1377
f 1380//1380 1374//1374 1229//1229
f 1374//1374 1224//1224 1229//1229
f 1377//1377 1368//1368 1375//1375
f 1375//1375 1380//1380 1377//1377
f 1333//1333 1382//1382 1336//1336
f 1376//1376 1382//1382 1333//1333
f 1382//1382 1384//1384 1338//1338
f 1338//1338 1336//1336 1382//1382
f 1384//1384 1389//1389 1340//1340
f 1340//1340 1338//1338 1384//1384
f 1389//1389 1393//1393 1342//1342
f 1342//1342 1340//1340 1389//1389
f 1342//1342 1396//1396 1344//1344
f 1393//1393 1396//1396 1342//1342
f 1396//1396 1399//1399 1345//1345
f 1345//1345 1344//1344 1396//1396
f 1345//1345 1402//1402 1347//1347
f 1399//1399 1402//1402 1345//1345
f 1402//1402 1408//1408 1348//1348
f 1348//1348 1347//1347 1402//1402
f 1408//1408 1410//1410 1351//1351
f 1351//1351 1348//1348 1408//1408
f 1410//1410 1413//1413 1353//1353
f 1353//1353 1351//1351 1410//1410
f 1354//1354 1416//1416 1418//1418
f 1354//1354 1413//1413 1416//1416
f 1354//1354 1353//1353 1413//1413
f 1416//1416 1367//1367 1420//1420
f 1420//1420 1418//1418 1416//1416
f 1354//1354 1418//1418 1356//1356
f 1418//1418 1420//1420 1358//1358
f 1358//1358 1356//1356 1418//1418
f 1420//1420 1371//1371 1422//1422
f 1367//1367 1371//1371 1420//1420
f 1371//1371 1374//1374 1423//1423
f 1423//1423 1422//1422 1371//1371
f 1358//1358 1422//1422 1360//1360
f 1420//1420 1422//1422 1358//1358
f 1360//1360 1423//1423 1362//1362
f 1422//1422 1423//1423 1360//1360
f 1374//1374 1380//1380 1425//1425
f 1425//1425 1423//1423 1374//1374
f 1425//1425 1375//1375 1379//1379
f 1380//1380 1375//1375 1425//1425
f 1362//1362 1425//1425 1363//1363
f 1423//1423 1425//1425 1362//1362
f 1363//1363 1379//1379 1326//1326
f 1425//1425 1379//1379 1363//1363
f 1442//1442 1447//1447 1581//1581
f 1581//1581 1574//1574 1442//1442
f 1447//1447 1450//1450 1585//1585
f 1585//1585 1581//1581 1447//1447
f 1574//1574 1581//1581 1594//1594
f 1594//1594 1588//1588 1574//1574
f 1581//1581 1585//1585 1599//1599
f 1599//1599 1594//1594 1581//1581
f 1450//1450 1452//1452 1608//1608
f 1608//1608 1585//1585 1450//1450
f 1452//1452 1454//1454 1612//1612
f 1612//1612 1608//1608 1452//1452
f 1585//1585 1608//1608 1613//1613
f 1613//1613 1599//1599 1585//1585
f 1608//1608 1612//1612 1616//1616
f 1616//1616 1613//1613 1608//1608
f 1612//1612 1456//1456 1619//1619
f 1454//1454 1456//1456 1612//1612
f 1619//1619 1458//1458 1622//1622
f 1456//1456 1458//1458 1619//1619
f 1616//1616 1619//1619 1623//1623
f 1612//1612 1619//1619 1616//1616
f 1623//1623 1622//1622 1626//1626
f 1619//1619 1622//1622 1623//1623
f 1622//1622 1460//1460 1627//1627
f 1458//1458 1460//1460 1622//1622
f 1627//1627 1460//1460 1461//1461
f 1626//1626 1627//1627 1629//1629
f 1622//1622 1627//1627 1626//1626
f 1631//1631 1461//1461 1463//1463
f 1631//1631 1629//1629 1461//1461
f 1629//1629 1627//1627 1461//1461
f 1588//1588 1594//1594 1635//1635
f 1635//1635 1633//1633 1588//1588
f 1594//1594 1599//1599 1636//1636
f 1636//1636 1635//1635 1594//1594
f 1633//1633 1635//1635 1558//1558
f 1558//1558 1553//1553 1633//1633
f 1635//1635 1636//1636 1561//1561
f 1561//1561 1558//1558 1635//1635
f 1599//1599 1613//1613 1638//1638
f 1638//1638 1636//1636 1599//1599
f 1613//1613 1616//1616 1639//1639
f 1639//1639 1638//1638 1613//1613
f 1636//1636 1638//1638 1563//1563
f 1563//1563 1561//1561 1636//1636
f 1563//1563 1639//1639 1565//1565
f 1638//1638 1639//1639 1563//1563
f 1639//1639 1623//1623 1642//1642
f 1616//1616 1623//1623 1639//1639
f 1642//1642 1626//1626 1644//1644
f 1623//1623 1626//1626 1642//1642
f 1565//1565 1642//1642 1566//1566
f 1639//1639 1642//1642 1565//1565
f 1566//1566 1644//1644 1567//1567
f 1642//1642 1644//1644 1566//1566
f 1644//1644 1629//1629 1646//1646
f 1626//1626 1629//1629 1644//1644
f 1646//1646 1631//1631 1648//1648
f 1629//1629 1631//1631 1646//1646
f 1567//1567 1646//1646 1568//1568
f 1644//1644 1646//1646 1567//1567
f 1568//1568 1648//1648 1569//1569
f 1646//1646 1648//1648 1568//1568
f 1631//1631 1466//1466 1651//1651
f 1463//1463 1466//1466 1631//1631
f 1466//1466 1468//1468 1653//1653
f 1653//1653 1651//1651 1466//1466
f 1653//1653 1470//1470 1655//1655
f 1468//1468 1470//1470 1653//1653
f 1655//1655 1471//1471 1657//1657
f 1470//1470 1471//1471 1655//1655
f 1657//1657 1474//1474 1659//1659
f 1471//1471 1474//1474 1657//1657
f 1659//1659 1475//1475 1577//1577
f 1474//1474 1475//1475 1659//1659
f 1577//1577 1476//1476 1580//1580
f 1475//1475 1476//1476 1577//1577
f 1476//1476 1441//1441 1575//1575
f 1575//1575 1580//1580 1476//1476
f 1648//1648 1651//1651 1662//1662
f 1631//1631 1651//1651 1648//1648
f 1651//1651 1653//1653 1664//1664
f 1664//1664 1662//1662 1651//1651
f 1569//1569 1662//1662 1570//1570
f 1648//1648 1662//1662 1569//1569
f 1570//1570 1664//1664 1571//1571
f 1662//1662 1664//1664 1570//1570
f 1653//1653 1655//1655 1666//1666
f 1666//1666 1664//1664 1653//1653
f 1666//1666 1657//1657 1667//1667
f 1655//1655 1657//1657 1666//1666
f 1572//1572 1666//1666 1668//1668
f 1572//1572 1664//1664 1666//1666
f 1572//1572 1571//1571 1664//1664
f 1666//1666 1667//1667 1600//1600
f 1600//1600 1668//1668 1666//1666
f 1572//1572 1668//1668 1573//1573
f 1573//1573 1600//1600 1555//1555
f 1668//1668 1600//1600 1573//1573
f 1667//1667 1659//1659 1671//1671
f 1657//1657 1659//1659 1667//1667
f 1671//1671 1577//1577 1584//1584
f 1659//1659 1577//1577 1671//1671
f 1667//1667 1671//1671 1602//1602
f 1602//1602 1600//1600 1667//1667
f 1671//1671 1584//1584 1592//1592
f 1592//1592 1602//1602 1671//1671
f 888//888 894//894 1059//1059
f 1059//1059 1051//1051 888//888
f 894//894 896//896 1062//1062
f 1062//1062 1059//1059 894//894
f 1051//1051 1059//1059 1067//1067
f 1067//1067 1064//1064 1051//1051
f 1067//1067 1062//1062 1070//1070
f 1059//1059 1062//1062 1067//1067
f 1062//1062 898//898 1072//1072
f 896//896 898//898 1062//1062
f 1072//1072 900//900 1074//1074
f 898//898 900//900 1072//1072
f 999//999 1062//1062 1072//1072
f 999//999 1070//1070 1062//1062
f 999//999 1006//1006 1070//1070
f 1010//1010 1072//1072 1075//1075
f 1072//1072 1074//1074 1075//1075
f 1010//1010 999//999 1072//1072
f 1064//1064 1067//1067 1017//1017
f 1017//1017 1013//1013 1064//1064
f 1017//1017 1070//1070 1018//1018
f 1067//1067 1070//1070 1017//1017
f 1018//1018 1070//1070 1006//1006
f 1010//1010 1075//1075 1021//1021
f 1074//1074 903//903 1078//1078
f 900//900 903//903 1074//1074
f 1078//1078 905//905 1080//1080
f 903//903 905//905 1078//1078
f 1075//1075 1078//1078 1082//1082
f 1074//1074 1078//1078 1075//1075
f 1078//1078 1080//1080 1084//1084
f 1084//1084 1082//1082 1078//1078
f 1080//1080 907//907 1085//1085
f 905//905 907//907 1080//1080
f 1085//1085 909//909 1086//1086
f 907//907 909//909 1085//1085
f 1084//1084 1085//1085 1087//1087
f 1080//1080 1085//1085 1084//1084
f 1087//1087 1086//1086 1089//1089
f 1085//1085 1086//1086 1087//1087
f 1021//1021 1082//1082 1023//1023
f 1075//1075 1082//1082 1021//1021
f 1082//1082 1084//1084 1025//1025
f 1025//1025 1023//1023 1082//1082
f 1084//1084 1087//1087 1027//1027
f 1027//1027 1025//1025 1084//1084
f 1027//1027 1089//1089 1029//1029
f 1087//1087 1089//1089 1027//1027
f 1086//1086 911//911 1091//1091
f 909//909 911//911 1086//1086
f 1091//1091 914//914 1093//1093
f 911//911 914//914 1091//1091
f 1032//1032 1086//1086 1091//1091
f 1032//1032 1034//1034 1086//1086
f 1034//1034 1089//1089 1086//1086
f 1091//1091 1093//1093 1035//1035
f 1035//1035 1032//1032 1091//1091
f 1093//1093 914//914 915//915
f 1037//1037 915//915 1095//1095
f 915//915 917//917 1095//1095
f 1037//1037 1035//1035 915//915
f 1035//1035 1093//1093 915//915
f 1095//1095 918//918 1097//1097
f 917//917 918//918 1095//1095
f 1029//1029 1089//1089 1034//1034
f 1037//1037 1095//1095 1039//1039
f 1041//1041 1097//1097 1099//1099
f 1041//1041 1095//1095 1097//1097
f 1041//1041 1039//1039 1095//1095
f 1041//1041 1099//1099 1043//1043
f 918//918 920//920 1101//1101
f 1101//1101 1097//1097 918//918
f 920//920 922//922 1103//1103
f 1103//1103 1101//1101 920//920
f 922//922 924//924 1105//1105
f 1105//1105 1103//1103 922//922
f 924//924 890//890 1053//1053
f 1053//1053 1105//1105 924//924
f 1097//1097 1101//1101 1107//1107
f 1107//1107 1099//1099 1097//1097
f 1101//1101 1103//1103 1108//1108
f 1108//1108 1107//1107 1101//1101
f 1099//1099 1107//1107 1045//1045
f 1045//1045 1043//1043 1099//1099
f 1107//1107 1108//1108 1046//1046
f 1046//1046 1045//1045 1107//1107
f 1108//1108 1105//1105 1109//1109
f 1103//1103 1105//1105 1108//1108
f 1109//1109 1053//1053 1058//1058
f 1105//1105 1053//1053 1109//1109
f 1108//1108 1109//1109 1047//1047
f 1047//1047 1046//1046 1108//1108
f 1109//1109 1058//1058 993//993
f 993//993 1047//1047 1109//1109
